source,indicator_code,indicator_name,country,year,value
World Bank WDI/WGI CSV download,BN.CAB.XOKA.GD.ZS,"Current account balance, % of GDP",MMR,1995,-4.8865587953609
World Bank WDI/WGI CSV download,BN.CAB.XOKA.GD.ZS,"Current account balance, % of GDP",MMR,1996,-4.56988456855419
World Bank WDI/WGI CSV download,BN.CAB.XOKA.GD.ZS,"Current account balance, % of GDP",MMR,1997,-8.72524429573243
World Bank WDI/WGI CSV download,BN.CAB.XOKA.GD.ZS,"Current account balance, % of GDP",MMR,1998,-7.6510593118296
World Bank WDI/WGI CSV download,BN.CAB.XOKA.GD.ZS,"Current account balance, % of GDP",MMR,1999,-3.32147094586841
World Bank WDI/WGI CSV download,BN.CAB.XOKA.GD.ZS,"Current account balance, % of GDP",MMR,2000,-2.35956987604124
World Bank WDI/WGI CSV download,BN.CAB.XOKA.GD.ZS,"Current account balance, % of GDP",MMR,2001,-2.34635994742259
World Bank WDI/WGI CSV download,BN.CAB.XOKA.GD.ZS,"Current account balance, % of GDP",MMR,2002,1.41024552018482
World Bank WDI/WGI CSV download,BN.CAB.XOKA.GD.ZS,"Current account balance, % of GDP",MMR,2003,-0.182395916009129
World Bank WDI/WGI CSV download,BN.CAB.XOKA.GD.ZS,"Current account balance, % of GDP",MMR,2004,1.04340168282983
World Bank WDI/WGI CSV download,BN.CAB.XOKA.GD.ZS,"Current account balance, % of GDP",MMR,2005,4.85379033880321
World Bank WDI/WGI CSV download,BN.CAB.XOKA.GD.ZS,"Current account balance, % of GDP",MMR,2006,5.47410687810815
World Bank WDI/WGI CSV download,BN.CAB.XOKA.GD.ZS,"Current account balance, % of GDP",MMR,2007,6.84128559608505
World Bank WDI/WGI CSV download,BN.CAB.XOKA.GD.ZS,"Current account balance, % of GDP",MMR,2008,3.91377460527001
World Bank WDI/WGI CSV download,BN.CAB.XOKA.GD.ZS,"Current account balance, % of GDP",MMR,2009,2.67166530648619
World Bank WDI/WGI CSV download,BN.CAB.XOKA.GD.ZS,"Current account balance, % of GDP",MMR,2010,3.17749475847855
World Bank WDI/WGI CSV download,BN.CAB.XOKA.GD.ZS,"Current account balance, % of GDP",MMR,2011,-2.60285417206877
World Bank WDI/WGI CSV download,BN.CAB.XOKA.GD.ZS,"Current account balance, % of GDP",MMR,2012,-2.1015900196755
World Bank WDI/WGI CSV download,BN.CAB.XOKA.GD.ZS,"Current account balance, % of GDP",MMR,2013,-0.644739708349136
World Bank WDI/WGI CSV download,BN.CAB.XOKA.GD.ZS,"Current account balance, % of GDP",MMR,2014,-3.78673335134624
World Bank WDI/WGI CSV download,BN.CAB.XOKA.GD.ZS,"Current account balance, % of GDP",MMR,2015,-5.216017222236
World Bank WDI/WGI CSV download,BN.CAB.XOKA.GD.ZS,"Current account balance, % of GDP",MMR,2016,-3.03174958693432
World Bank WDI/WGI CSV download,BN.CAB.XOKA.GD.ZS,"Current account balance, % of GDP",MMR,2017,-7.44369978732039
World Bank WDI/WGI CSV download,BN.CAB.XOKA.GD.ZS,"Current account balance, % of GDP",MMR,2018,-3.77415133295651
World Bank WDI/WGI CSV download,BN.CAB.XOKA.GD.ZS,"Current account balance, % of GDP",MMR,2019,0.090215657848436
World Bank WDI/WGI CSV download,BX.KLT.DINV.CD.WD,"FDI net inflows, current US$",MMR,1995,277199199.509049
World Bank WDI/WGI CSV download,BX.KLT.DINV.CD.WD,"FDI net inflows, current US$",MMR,1996,310437074.890386
World Bank WDI/WGI CSV download,BX.KLT.DINV.CD.WD,"FDI net inflows, current US$",MMR,1997,387184136.000944
World Bank WDI/WGI CSV download,BX.KLT.DINV.CD.WD,"FDI net inflows, current US$",MMR,1998,314450998.907852
World Bank WDI/WGI CSV download,BX.KLT.DINV.CD.WD,"FDI net inflows, current US$",MMR,1999,253110104.66411
World Bank WDI/WGI CSV download,BX.KLT.DINV.CD.WD,"FDI net inflows, current US$",MMR,2000,254789765.469466
World Bank WDI/WGI CSV download,BX.KLT.DINV.CD.WD,"FDI net inflows, current US$",MMR,2001,208303564.372066
World Bank WDI/WGI CSV download,BX.KLT.DINV.CD.WD,"FDI net inflows, current US$",MMR,2002,150511225.813866
World Bank WDI/WGI CSV download,BX.KLT.DINV.CD.WD,"FDI net inflows, current US$",MMR,2003,248882510.026366
World Bank WDI/WGI CSV download,BX.KLT.DINV.CD.WD,"FDI net inflows, current US$",MMR,2004,211364294.975748
World Bank WDI/WGI CSV download,BX.KLT.DINV.CD.WD,"FDI net inflows, current US$",MMR,2005,234904379.027598
World Bank WDI/WGI CSV download,BX.KLT.DINV.CD.WD,"FDI net inflows, current US$",MMR,2006,275812653.011391
World Bank WDI/WGI CSV download,BX.KLT.DINV.CD.WD,"FDI net inflows, current US$",MMR,2007,709922015.309805
World Bank WDI/WGI CSV download,BX.KLT.DINV.CD.WD,"FDI net inflows, current US$",MMR,2008,863880447.312828
World Bank WDI/WGI CSV download,BX.KLT.DINV.CD.WD,"FDI net inflows, current US$",MMR,2009,1078972200.98264
World Bank WDI/WGI CSV download,BX.KLT.DINV.CD.WD,"FDI net inflows, current US$",MMR,2010,901133534.876797
World Bank WDI/WGI CSV download,BX.KLT.DINV.CD.WD,"FDI net inflows, current US$",MMR,2011,2519813313.27459
World Bank WDI/WGI CSV download,BX.KLT.DINV.CD.WD,"FDI net inflows, current US$",MMR,2012,1333856137.27031
World Bank WDI/WGI CSV download,BX.KLT.DINV.CD.WD,"FDI net inflows, current US$",MMR,2013,2254603965.49345
World Bank WDI/WGI CSV download,BX.KLT.DINV.CD.WD,"FDI net inflows, current US$",MMR,2014,2175015283.77713
World Bank WDI/WGI CSV download,BX.KLT.DINV.CD.WD,"FDI net inflows, current US$",MMR,2015,4083839111.71186
World Bank WDI/WGI CSV download,BX.KLT.DINV.CD.WD,"FDI net inflows, current US$",MMR,2016,3278096409.87385
World Bank WDI/WGI CSV download,BX.KLT.DINV.CD.WD,"FDI net inflows, current US$",MMR,2017,4804272487.31986
World Bank WDI/WGI CSV download,BX.KLT.DINV.CD.WD,"FDI net inflows, current US$",MMR,2018,1768195522.55912
World Bank WDI/WGI CSV download,BX.KLT.DINV.CD.WD,"FDI net inflows, current US$",MMR,2019,1735589412.93376
World Bank WDI/WGI CSV download,BX.KLT.DINV.CD.WD,"FDI net inflows, current US$",MMR,2020,1907154040.0
World Bank WDI/WGI CSV download,BX.KLT.DINV.CD.WD,"FDI net inflows, current US$",MMR,2021,2066606470.0
World Bank WDI/WGI CSV download,BX.KLT.DINV.CD.WD,"FDI net inflows, current US$",MMR,2022,1238500000.0
World Bank WDI/WGI CSV download,BX.KLT.DINV.CD.WD,"FDI net inflows, current US$",MMR,2023,1520172000.0
World Bank WDI/WGI CSV download,BX.KLT.DINV.CD.WD,"FDI net inflows, current US$",MMR,2024,1095317000.0
World Bank WDI/WGI CSV download,BX.KLT.DINV.WD.GD.ZS,"FDI net inflows, % of GDP",MMR,1995,5.24087787832261
World Bank WDI/WGI CSV download,BX.KLT.DINV.WD.GD.ZS,"FDI net inflows, % of GDP",MMR,1996,5.06955498653302
World Bank WDI/WGI CSV download,BX.KLT.DINV.WD.GD.ZS,"FDI net inflows, % of GDP",MMR,1997,8.19907839931242
World Bank WDI/WGI CSV download,BX.KLT.DINV.WD.GD.ZS,"FDI net inflows, % of GDP",MMR,1998,4.8680682147655
World Bank WDI/WGI CSV download,BX.KLT.DINV.WD.GD.ZS,"FDI net inflows, % of GDP",MMR,1999,2.982385898279
World Bank WDI/WGI CSV download,BX.KLT.DINV.WD.GD.ZS,"FDI net inflows, % of GDP",MMR,2000,2.86117768008645
World Bank WDI/WGI CSV download,BX.KLT.DINV.WD.GD.ZS,"FDI net inflows, % of GDP",MMR,2001,3.21565753506977
World Bank WDI/WGI CSV download,BX.KLT.DINV.WD.GD.ZS,"FDI net inflows, % of GDP",MMR,2002,2.22070502562137
World Bank WDI/WGI CSV download,BX.KLT.DINV.WD.GD.ZS,"FDI net inflows, % of GDP",MMR,2003,2.3777576671811
World Bank WDI/WGI CSV download,BX.KLT.DINV.WD.GD.ZS,"FDI net inflows, % of GDP",MMR,2004,2.0001628964787
World Bank WDI/WGI CSV download,BX.KLT.DINV.WD.GD.ZS,"FDI net inflows, % of GDP",MMR,2005,1.95966396539679
World Bank WDI/WGI CSV download,BX.KLT.DINV.WD.GD.ZS,"FDI net inflows, % of GDP",MMR,2006,1.90182128285749
World Bank WDI/WGI CSV download,BX.KLT.DINV.WD.GD.ZS,"FDI net inflows, % of GDP",MMR,2007,3.5175166973129
World Bank WDI/WGI CSV download,BX.KLT.DINV.WD.GD.ZS,"FDI net inflows, % of GDP",MMR,2008,2.71127181000311
World Bank WDI/WGI CSV download,BX.KLT.DINV.WD.GD.ZS,"FDI net inflows, % of GDP",MMR,2009,2.92355415980151
World Bank WDI/WGI CSV download,BX.KLT.DINV.WD.GD.ZS,"FDI net inflows, % of GDP",MMR,2010,1.81897202342465
World Bank WDI/WGI CSV download,BX.KLT.DINV.WD.GD.ZS,"FDI net inflows, % of GDP",MMR,2011,4.20127651183029
World Bank WDI/WGI CSV download,BX.KLT.DINV.WD.GD.ZS,"FDI net inflows, % of GDP",MMR,2012,2.22540068514517
World Bank WDI/WGI CSV download,BX.KLT.DINV.WD.GD.ZS,"FDI net inflows, % of GDP",MMR,2013,3.74085607932619
World Bank WDI/WGI CSV download,BX.KLT.DINV.WD.GD.ZS,"FDI net inflows, % of GDP",MMR,2014,3.31904421353417
World Bank WDI/WGI CSV download,BX.KLT.DINV.WD.GD.ZS,"FDI net inflows, % of GDP",MMR,2015,6.85124098701507
World Bank WDI/WGI CSV download,BX.KLT.DINV.WD.GD.ZS,"FDI net inflows, % of GDP",MMR,2016,5.17880132620963
World Bank WDI/WGI CSV download,BX.KLT.DINV.WD.GD.ZS,"FDI net inflows, % of GDP",MMR,2017,7.27335555300642
World Bank WDI/WGI CSV download,BX.KLT.DINV.WD.GD.ZS,"FDI net inflows, % of GDP",MMR,2018,2.60563229837277
World Bank WDI/WGI CSV download,BX.KLT.DINV.WD.GD.ZS,"FDI net inflows, % of GDP",MMR,2019,2.31211211146102
World Bank WDI/WGI CSV download,BX.KLT.DINV.WD.GD.ZS,"FDI net inflows, % of GDP",MMR,2020,2.41393222802876
World Bank WDI/WGI CSV download,BX.KLT.DINV.WD.GD.ZS,"FDI net inflows, % of GDP",MMR,2021,3.11492561747141
World Bank WDI/WGI CSV download,BX.KLT.DINV.WD.GD.ZS,"FDI net inflows, % of GDP",MMR,2022,1.98946076043536
World Bank WDI/WGI CSV download,BX.KLT.DINV.WD.GD.ZS,"FDI net inflows, % of GDP",MMR,2023,2.27715131661601
World Bank WDI/WGI CSV download,BX.KLT.DINV.WD.GD.ZS,"FDI net inflows, % of GDP",MMR,2024,1.47879223317634
World Bank WDI/WGI CSV download,CC.EST,"WGI: Control of Corruption, estimate",MMR,1996,-2.55130348205566
World Bank WDI/WGI CSV download,CC.EST,"WGI: Control of Corruption, estimate",MMR,1998,-2.2686000704765403
World Bank WDI/WGI CSV download,CC.EST,"WGI: Control of Corruption, estimate",MMR,2000,-2.3146049618721003
World Bank WDI/WGI CSV download,CC.EST,"WGI: Control of Corruption, estimate",MMR,2002,-2.21514474153519
World Bank WDI/WGI CSV download,CC.EST,"WGI: Control of Corruption, estimate",MMR,2003,-2.50340152978897
World Bank WDI/WGI CSV download,CC.EST,"WGI: Control of Corruption, estimate",MMR,2004,-2.80483094453812
World Bank WDI/WGI CSV download,CC.EST,"WGI: Control of Corruption, estimate",MMR,2005,-2.61916115283965
World Bank WDI/WGI CSV download,CC.EST,"WGI: Control of Corruption, estimate",MMR,2006,-2.82161347866059
World Bank WDI/WGI CSV download,CC.EST,"WGI: Control of Corruption, estimate",MMR,2007,-2.76347619295121
World Bank WDI/WGI CSV download,CC.EST,"WGI: Control of Corruption, estimate",MMR,2008,-2.7467682361602703
World Bank WDI/WGI CSV download,CC.EST,"WGI: Control of Corruption, estimate",MMR,2009,-2.82143453359603
World Bank WDI/WGI CSV download,CC.EST,"WGI: Control of Corruption, estimate",MMR,2010,-2.84377490282059
World Bank WDI/WGI CSV download,CC.EST,"WGI: Control of Corruption, estimate",MMR,2011,-2.7109713196754397
World Bank WDI/WGI CSV download,CC.EST,"WGI: Control of Corruption, estimate",MMR,2012,-1.81864584684371
World Bank WDI/WGI CSV download,CC.EST,"WGI: Control of Corruption, estimate",MMR,2013,-1.71039686203003
World Bank WDI/WGI CSV download,CC.EST,"WGI: Control of Corruption, estimate",MMR,2014,-1.5030717849731399
World Bank WDI/WGI CSV download,CC.EST,"WGI: Control of Corruption, estimate",MMR,2015,-1.4447964608669301
World Bank WDI/WGI CSV download,CC.EST,"WGI: Control of Corruption, estimate",MMR,2016,-1.08471115231514
World Bank WDI/WGI CSV download,CC.EST,"WGI: Control of Corruption, estimate",MMR,2017,-0.998354882001877
World Bank WDI/WGI CSV download,CC.EST,"WGI: Control of Corruption, estimate",MMR,2018,-1.03505102396011
World Bank WDI/WGI CSV download,CC.EST,"WGI: Control of Corruption, estimate",MMR,2019,-1.0904610812664
World Bank WDI/WGI CSV download,CC.EST,"WGI: Control of Corruption, estimate",MMR,2020,-1.14988120794296
World Bank WDI/WGI CSV download,CC.EST,"WGI: Control of Corruption, estimate",MMR,2021,-1.7756762742996202
World Bank WDI/WGI CSV download,CC.EST,"WGI: Control of Corruption, estimate",MMR,2022,-1.61220428943634
World Bank WDI/WGI CSV download,CC.EST,"WGI: Control of Corruption, estimate",MMR,2023,-0.851549530029296
World Bank WDI/WGI CSV download,EG.ELC.ACCS.ZS,"Access to electricity, % of population",MMR,2000,41.9
World Bank WDI/WGI CSV download,EG.ELC.ACCS.ZS,"Access to electricity, % of population",MMR,2001,43.0
World Bank WDI/WGI CSV download,EG.ELC.ACCS.ZS,"Access to electricity, % of population",MMR,2002,47.0
World Bank WDI/WGI CSV download,EG.ELC.ACCS.ZS,"Access to electricity, % of population",MMR,2003,45.1
World Bank WDI/WGI CSV download,EG.ELC.ACCS.ZS,"Access to electricity, % of population",MMR,2004,46.2
World Bank WDI/WGI CSV download,EG.ELC.ACCS.ZS,"Access to electricity, % of population",MMR,2005,47.3
World Bank WDI/WGI CSV download,EG.ELC.ACCS.ZS,"Access to electricity, % of population",MMR,2006,48.4
World Bank WDI/WGI CSV download,EG.ELC.ACCS.ZS,"Access to electricity, % of population",MMR,2007,49.5
World Bank WDI/WGI CSV download,EG.ELC.ACCS.ZS,"Access to electricity, % of population",MMR,2008,50.6
World Bank WDI/WGI CSV download,EG.ELC.ACCS.ZS,"Access to electricity, % of population",MMR,2009,51.8
World Bank WDI/WGI CSV download,EG.ELC.ACCS.ZS,"Access to electricity, % of population",MMR,2010,48.8
World Bank WDI/WGI CSV download,EG.ELC.ACCS.ZS,"Access to electricity, % of population",MMR,2011,54.1
World Bank WDI/WGI CSV download,EG.ELC.ACCS.ZS,"Access to electricity, % of population",MMR,2012,55.3
World Bank WDI/WGI CSV download,EG.ELC.ACCS.ZS,"Access to electricity, % of population",MMR,2013,56.5
World Bank WDI/WGI CSV download,EG.ELC.ACCS.ZS,"Access to electricity, % of population",MMR,2014,52.0
World Bank WDI/WGI CSV download,EG.ELC.ACCS.ZS,"Access to electricity, % of population",MMR,2015,60.5
World Bank WDI/WGI CSV download,EG.ELC.ACCS.ZS,"Access to electricity, % of population",MMR,2016,55.6
World Bank WDI/WGI CSV download,EG.ELC.ACCS.ZS,"Access to electricity, % of population",MMR,2017,69.8
World Bank WDI/WGI CSV download,EG.ELC.ACCS.ZS,"Access to electricity, % of population",MMR,2018,66.1
World Bank WDI/WGI CSV download,EG.ELC.ACCS.ZS,"Access to electricity, % of population",MMR,2019,68.3
World Bank WDI/WGI CSV download,EG.ELC.ACCS.ZS,"Access to electricity, % of population",MMR,2020,70.4
World Bank WDI/WGI CSV download,EG.ELC.ACCS.ZS,"Access to electricity, % of population",MMR,2021,72.5
World Bank WDI/WGI CSV download,EG.ELC.ACCS.ZS,"Access to electricity, % of population",MMR,2022,73.6
World Bank WDI/WGI CSV download,EG.ELC.ACCS.ZS,"Access to electricity, % of population",MMR,2023,76.8
World Bank WDI/WGI CSV download,FS.AST.PRVT.GD.ZS,"Domestic credit to private sector, % of GDP",MMR,1995,7.58156132747065
World Bank WDI/WGI CSV download,FS.AST.PRVT.GD.ZS,"Domestic credit to private sector, % of GDP",MMR,1996,9.56425667314831
World Bank WDI/WGI CSV download,FS.AST.PRVT.GD.ZS,"Domestic credit to private sector, % of GDP",MMR,1997,10.3188987314975
World Bank WDI/WGI CSV download,FS.AST.PRVT.GD.ZS,"Domestic credit to private sector, % of GDP",MMR,1998,9.69920038564372
World Bank WDI/WGI CSV download,FS.AST.PRVT.GD.ZS,"Domestic credit to private sector, % of GDP",MMR,1999,8.09772088096716
World Bank WDI/WGI CSV download,FS.AST.PRVT.GD.ZS,"Domestic credit to private sector, % of GDP",MMR,2000,9.51740928593184
World Bank WDI/WGI CSV download,FS.AST.PRVT.GD.ZS,"Domestic credit to private sector, % of GDP",MMR,2001,11.002171582463
World Bank WDI/WGI CSV download,FS.AST.PRVT.GD.ZS,"Domestic credit to private sector, % of GDP",MMR,2002,10.344847140877
World Bank WDI/WGI CSV download,FS.AST.PRVT.GD.ZS,"Domestic credit to private sector, % of GDP",MMR,2003,4.095681213224
World Bank WDI/WGI CSV download,FS.AST.PRVT.GD.ZS,"Domestic credit to private sector, % of GDP",MMR,2004,4.74016289477332
World Bank WDI/WGI CSV download,FS.AST.PRVT.GD.ZS,"Domestic credit to private sector, % of GDP",MMR,2005,4.65705970100153
World Bank WDI/WGI CSV download,FS.AST.PRVT.GD.ZS,"Domestic credit to private sector, % of GDP",MMR,2006,3.87713991831058
World Bank WDI/WGI CSV download,FS.AST.PRVT.GD.ZS,"Domestic credit to private sector, % of GDP",MMR,2007,3.42373646489974
World Bank WDI/WGI CSV download,FS.AST.PRVT.GD.ZS,"Domestic credit to private sector, % of GDP",MMR,2008,3.12110290159629
World Bank WDI/WGI CSV download,FS.AST.PRVT.GD.ZS,"Domestic credit to private sector, % of GDP",MMR,2009,3.4721769114853
World Bank WDI/WGI CSV download,FS.AST.PRVT.GD.ZS,"Domestic credit to private sector, % of GDP",MMR,2010,4.76695378512293
World Bank WDI/WGI CSV download,FS.AST.PRVT.GD.ZS,"Domestic credit to private sector, % of GDP",MMR,2011,6.74676206403601
World Bank WDI/WGI CSV download,FS.AST.PRVT.GD.ZS,"Domestic credit to private sector, % of GDP",MMR,2012,9.31026614508286
World Bank WDI/WGI CSV download,FS.AST.PRVT.GD.ZS,"Domestic credit to private sector, % of GDP",MMR,2013,12.8385297285065
World Bank WDI/WGI CSV download,FS.AST.PRVT.GD.ZS,"Domestic credit to private sector, % of GDP",MMR,2014,15.5752436663979
World Bank WDI/WGI CSV download,FS.AST.PRVT.GD.ZS,"Domestic credit to private sector, % of GDP",MMR,2015,18.1305513861133
World Bank WDI/WGI CSV download,FS.AST.PRVT.GD.ZS,"Domestic credit to private sector, % of GDP",MMR,2016,22.0063669806599
World Bank WDI/WGI CSV download,FS.AST.PRVT.GD.ZS,"Domestic credit to private sector, % of GDP",MMR,2017,24.50054608091
World Bank WDI/WGI CSV download,FS.AST.PRVT.GD.ZS,"Domestic credit to private sector, % of GDP",MMR,2018,26.2093085820638
World Bank WDI/WGI CSV download,FS.AST.PRVT.GD.ZS,"Domestic credit to private sector, % of GDP",MMR,2019,26.6379014764853
World Bank WDI/WGI CSV download,FS.AST.PRVT.GD.ZS,"Domestic credit to private sector, % of GDP",MMR,2020,28.9828999467009
World Bank WDI/WGI CSV download,GC.REV.XGRT.GD.ZS,"Revenue, excluding grants, % of GDP",MMR,1995,6.37938646898032
World Bank WDI/WGI CSV download,GC.REV.XGRT.GD.ZS,"Revenue, excluding grants, % of GDP",MMR,1996,6.84802646531478
World Bank WDI/WGI CSV download,GC.REV.XGRT.GD.ZS,"Revenue, excluding grants, % of GDP",MMR,1997,7.67184542509261
World Bank WDI/WGI CSV download,GC.REV.XGRT.GD.ZS,"Revenue, excluding grants, % of GDP",MMR,1998,7.20516394827603
World Bank WDI/WGI CSV download,GC.REV.XGRT.GD.ZS,"Revenue, excluding grants, % of GDP",MMR,1999,5.60119069359728
World Bank WDI/WGI CSV download,GC.REV.XGRT.GD.ZS,"Revenue, excluding grants, % of GDP",MMR,2000,5.25127485939087
World Bank WDI/WGI CSV download,GC.REV.XGRT.GD.ZS,"Revenue, excluding grants, % of GDP",MMR,2001,4.57227761288365
World Bank WDI/WGI CSV download,GC.REV.XGRT.GD.ZS,"Revenue, excluding grants, % of GDP",MMR,2002,4.96011318385281
World Bank WDI/WGI CSV download,GC.REV.XGRT.GD.ZS,"Revenue, excluding grants, % of GDP",MMR,2003,4.9777128995997
World Bank WDI/WGI CSV download,GC.REV.XGRT.GD.ZS,"Revenue, excluding grants, % of GDP",MMR,2004,6.46875895101498
World Bank WDI/WGI CSV download,GC.REV.XGRT.GD.ZS,"Revenue, excluding grants, % of GDP",MMR,2005,6.66748304643303
World Bank WDI/WGI CSV download,GC.REV.XGRT.GD.ZS,"Revenue, excluding grants, % of GDP",MMR,2012,19.7007501337319
World Bank WDI/WGI CSV download,GC.REV.XGRT.GD.ZS,"Revenue, excluding grants, % of GDP",MMR,2013,20.0136948721279
World Bank WDI/WGI CSV download,GC.REV.XGRT.GD.ZS,"Revenue, excluding grants, % of GDP",MMR,2014,22.0275608393637
World Bank WDI/WGI CSV download,GC.REV.XGRT.GD.ZS,"Revenue, excluding grants, % of GDP",MMR,2015,18.5063974234776
World Bank WDI/WGI CSV download,GC.REV.XGRT.GD.ZS,"Revenue, excluding grants, % of GDP",MMR,2016,16.789835742121
World Bank WDI/WGI CSV download,GC.REV.XGRT.GD.ZS,"Revenue, excluding grants, % of GDP",MMR,2017,15.9852528823652
World Bank WDI/WGI CSV download,GC.REV.XGRT.GD.ZS,"Revenue, excluding grants, % of GDP",MMR,2018,7.01300899608592
World Bank WDI/WGI CSV download,GC.REV.XGRT.GD.ZS,"Revenue, excluding grants, % of GDP",MMR,2019,14.3891961645863
World Bank WDI/WGI CSV download,GC.TAX.TOTL.GD.ZS,"Tax revenue, % of GDP",MMR,1995,3.74448720005159
World Bank WDI/WGI CSV download,GC.TAX.TOTL.GD.ZS,"Tax revenue, % of GDP",MMR,1996,3.9593171544736
World Bank WDI/WGI CSV download,GC.TAX.TOTL.GD.ZS,"Tax revenue, % of GDP",MMR,1997,4.41523918074799
World Bank WDI/WGI CSV download,GC.TAX.TOTL.GD.ZS,"Tax revenue, % of GDP",MMR,1998,3.51930951883989
World Bank WDI/WGI CSV download,GC.TAX.TOTL.GD.ZS,"Tax revenue, % of GDP",MMR,1999,2.75274845684649
World Bank WDI/WGI CSV download,GC.TAX.TOTL.GD.ZS,"Tax revenue, % of GDP",MMR,2000,2.96650745818451
World Bank WDI/WGI CSV download,GC.TAX.TOTL.GD.ZS,"Tax revenue, % of GDP",MMR,2001,2.25714041101971
World Bank WDI/WGI CSV download,GC.TAX.TOTL.GD.ZS,"Tax revenue, % of GDP",MMR,2002,2.0010471703619
World Bank WDI/WGI CSV download,GC.TAX.TOTL.GD.ZS,"Tax revenue, % of GDP",MMR,2003,2.21041186420545
World Bank WDI/WGI CSV download,GC.TAX.TOTL.GD.ZS,"Tax revenue, % of GDP",MMR,2004,3.27245665609108
World Bank WDI/WGI CSV download,GC.TAX.TOTL.GD.ZS,"Tax revenue, % of GDP",MMR,2005,3.88177835640941
World Bank WDI/WGI CSV download,GC.TAX.TOTL.GD.ZS,"Tax revenue, % of GDP",MMR,2012,4.52409369741194
World Bank WDI/WGI CSV download,GC.TAX.TOTL.GD.ZS,"Tax revenue, % of GDP",MMR,2013,5.52956758874506
World Bank WDI/WGI CSV download,GC.TAX.TOTL.GD.ZS,"Tax revenue, % of GDP",MMR,2014,5.84092892509683
World Bank WDI/WGI CSV download,GC.TAX.TOTL.GD.ZS,"Tax revenue, % of GDP",MMR,2015,6.01128503979227
World Bank WDI/WGI CSV download,GC.TAX.TOTL.GD.ZS,"Tax revenue, % of GDP",MMR,2016,7.17585983640205
World Bank WDI/WGI CSV download,GC.TAX.TOTL.GD.ZS,"Tax revenue, % of GDP",MMR,2017,6.07774232896579
World Bank WDI/WGI CSV download,GC.TAX.TOTL.GD.ZS,"Tax revenue, % of GDP",MMR,2018,2.75697125272766
World Bank WDI/WGI CSV download,GC.TAX.TOTL.GD.ZS,"Tax revenue, % of GDP",MMR,2019,6.01765247726484
World Bank WDI/WGI CSV download,GC.XPN.INTP.RV.ZS,"Interest payments, % of revenue",MMR,2012,6.7426178287944
World Bank WDI/WGI CSV download,GC.XPN.INTP.RV.ZS,"Interest payments, % of revenue",MMR,2013,6.54237562544988
World Bank WDI/WGI CSV download,GC.XPN.INTP.RV.ZS,"Interest payments, % of revenue",MMR,2014,6.03031348580595
World Bank WDI/WGI CSV download,GC.XPN.INTP.RV.ZS,"Interest payments, % of revenue",MMR,2015,6.29137217722853
World Bank WDI/WGI CSV download,GC.XPN.INTP.RV.ZS,"Interest payments, % of revenue",MMR,2016,7.59522767740611
World Bank WDI/WGI CSV download,GC.XPN.INTP.RV.ZS,"Interest payments, % of revenue",MMR,2017,8.85396756453864
World Bank WDI/WGI CSV download,GC.XPN.INTP.RV.ZS,"Interest payments, % of revenue",MMR,2018,10.3799013458567
World Bank WDI/WGI CSV download,GC.XPN.INTP.RV.ZS,"Interest payments, % of revenue",MMR,2019,9.55530955337015
World Bank WDI/WGI CSV download,GC.XPN.TOTL.GD.ZS,"Government expenses, % of GDP",MMR,2003,3.05760962946427
World Bank WDI/WGI CSV download,GC.XPN.TOTL.GD.ZS,"Government expenses, % of GDP",MMR,2004,3.64395423975417
World Bank WDI/WGI CSV download,GC.XPN.TOTL.GD.ZS,"Government expenses, % of GDP",MMR,2005,2.80606806409765
World Bank WDI/WGI CSV download,GC.XPN.TOTL.GD.ZS,"Government expenses, % of GDP",MMR,2012,10.5504277139389
World Bank WDI/WGI CSV download,GC.XPN.TOTL.GD.ZS,"Government expenses, % of GDP",MMR,2013,14.0348673040125
World Bank WDI/WGI CSV download,GC.XPN.TOTL.GD.ZS,"Government expenses, % of GDP",MMR,2014,16.4944873473396
World Bank WDI/WGI CSV download,GC.XPN.TOTL.GD.ZS,"Government expenses, % of GDP",MMR,2015,17.0397019631168
World Bank WDI/WGI CSV download,GC.XPN.TOTL.GD.ZS,"Government expenses, % of GDP",MMR,2016,15.3475412654351
World Bank WDI/WGI CSV download,GC.XPN.TOTL.GD.ZS,"Government expenses, % of GDP",MMR,2017,16.9198889367861
World Bank WDI/WGI CSV download,GC.XPN.TOTL.GD.ZS,"Government expenses, % of GDP",MMR,2018,6.38116100422309
World Bank WDI/WGI CSV download,GC.XPN.TOTL.GD.ZS,"Government expenses, % of GDP",MMR,2019,13.7755198098588
World Bank WDI/WGI CSV download,GE.EST,"WGI: Government Effectiveness, estimate",MMR,1996,-2.05290925502777
World Bank WDI/WGI CSV download,GE.EST,"WGI: Government Effectiveness, estimate",MMR,1998,-2.02423893213272
World Bank WDI/WGI CSV download,GE.EST,"WGI: Government Effectiveness, estimate",MMR,2000,-2.05105191469193
World Bank WDI/WGI CSV download,GE.EST,"WGI: Government Effectiveness, estimate",MMR,2002,-2.2738478422165
World Bank WDI/WGI CSV download,GE.EST,"WGI: Government Effectiveness, estimate",MMR,2003,-2.19627118110656
World Bank WDI/WGI CSV download,GE.EST,"WGI: Government Effectiveness, estimate",MMR,2004,-2.67792698144912
World Bank WDI/WGI CSV download,GE.EST,"WGI: Government Effectiveness, estimate",MMR,2005,-2.61132460832596
World Bank WDI/WGI CSV download,GE.EST,"WGI: Government Effectiveness, estimate",MMR,2006,-2.50497705936432
World Bank WDI/WGI CSV download,GE.EST,"WGI: Government Effectiveness, estimate",MMR,2007,-2.53762288093567
World Bank WDI/WGI CSV download,GE.EST,"WGI: Government Effectiveness, estimate",MMR,2008,-2.6204917550087
World Bank WDI/WGI CSV download,GE.EST,"WGI: Government Effectiveness, estimate",MMR,2009,-2.75982955694199
World Bank WDI/WGI CSV download,GE.EST,"WGI: Government Effectiveness, estimate",MMR,2010,-2.76555987596511
World Bank WDI/WGI CSV download,GE.EST,"WGI: Government Effectiveness, estimate",MMR,2011,-2.73039718866348
World Bank WDI/WGI CSV download,GE.EST,"WGI: Government Effectiveness, estimate",MMR,2012,-2.51115602254868
World Bank WDI/WGI CSV download,GE.EST,"WGI: Government Effectiveness, estimate",MMR,2013,-2.56591734886169
World Bank WDI/WGI CSV download,GE.EST,"WGI: Government Effectiveness, estimate",MMR,2014,-2.20823299884796
World Bank WDI/WGI CSV download,GE.EST,"WGI: Government Effectiveness, estimate",MMR,2015,-2.18319517374039
World Bank WDI/WGI CSV download,GE.EST,"WGI: Government Effectiveness, estimate",MMR,2016,-1.71358679533005
World Bank WDI/WGI CSV download,GE.EST,"WGI: Government Effectiveness, estimate",MMR,2017,-1.8415888190269498
World Bank WDI/WGI CSV download,GE.EST,"WGI: Government Effectiveness, estimate",MMR,2018,-1.85108463764191
World Bank WDI/WGI CSV download,GE.EST,"WGI: Government Effectiveness, estimate",MMR,2019,-2.0105287790298503
World Bank WDI/WGI CSV download,GE.EST,"WGI: Government Effectiveness, estimate",MMR,2020,-1.72601155042648
World Bank WDI/WGI CSV download,GE.EST,"WGI: Government Effectiveness, estimate",MMR,2021,-2.40234682559967
World Bank WDI/WGI CSV download,GE.EST,"WGI: Government Effectiveness, estimate",MMR,2022,-2.35834586620331
World Bank WDI/WGI CSV download,GE.EST,"WGI: Government Effectiveness, estimate",MMR,2023,-1.22696141004562
World Bank WDI/WGI CSV download,IT.CEL.SETS.P2,"Mobile cellular subscriptions, per 100 people",MMR,1995,0.006450532
World Bank WDI/WGI CSV download,IT.CEL.SETS.P2,"Mobile cellular subscriptions, per 100 people",MMR,1996,0.016719108
World Bank WDI/WGI CSV download,IT.CEL.SETS.P2,"Mobile cellular subscriptions, per 100 people",MMR,1997,0.019312269
World Bank WDI/WGI CSV download,IT.CEL.SETS.P2,"Mobile cellular subscriptions, per 100 people",MMR,1998,0.019130121
World Bank WDI/WGI CSV download,IT.CEL.SETS.P2,"Mobile cellular subscriptions, per 100 people",MMR,1999,0.025285494
World Bank WDI/WGI CSV download,IT.CEL.SETS.P2,"Mobile cellular subscriptions, per 100 people",MMR,2000,0.0295799320661765
World Bank WDI/WGI CSV download,IT.CEL.SETS.P2,"Mobile cellular subscriptions, per 100 people",MMR,2001,0.04953121223398
World Bank WDI/WGI CSV download,IT.CEL.SETS.P2,"Mobile cellular subscriptions, per 100 people",MMR,2002,0.103783791079435
World Bank WDI/WGI CSV download,IT.CEL.SETS.P2,"Mobile cellular subscriptions, per 100 people",MMR,2003,0.142534824036552
World Bank WDI/WGI CSV download,IT.CEL.SETS.P2,"Mobile cellular subscriptions, per 100 people",MMR,2004,0.196418976046369
World Bank WDI/WGI CSV download,IT.CEL.SETS.P2,"Mobile cellular subscriptions, per 100 people",MMR,2005,0.27129940081198
World Bank WDI/WGI CSV download,IT.CEL.SETS.P2,"Mobile cellular subscriptions, per 100 people",MMR,2006,0.448285852912208
World Bank WDI/WGI CSV download,IT.CEL.SETS.P2,"Mobile cellular subscriptions, per 100 people",MMR,2007,0.514578241519701
World Bank WDI/WGI CSV download,IT.CEL.SETS.P2,"Mobile cellular subscriptions, per 100 people",MMR,2008,0.759210538252597
World Bank WDI/WGI CSV download,IT.CEL.SETS.P2,"Mobile cellular subscriptions, per 100 people",MMR,2009,1.03164871502753
World Bank WDI/WGI CSV download,IT.CEL.SETS.P2,"Mobile cellular subscriptions, per 100 people",MMR,2010,1.21164199479353
World Bank WDI/WGI CSV download,IT.CEL.SETS.P2,"Mobile cellular subscriptions, per 100 people",MMR,2011,2.51643773692417
World Bank WDI/WGI CSV download,IT.CEL.SETS.P2,"Mobile cellular subscriptions, per 100 people",MMR,2012,7.48356366415727
World Bank WDI/WGI CSV download,IT.CEL.SETS.P2,"Mobile cellular subscriptions, per 100 people",MMR,2013,13.5933519472846
World Bank WDI/WGI CSV download,IT.CEL.SETS.P2,"Mobile cellular subscriptions, per 100 people",MMR,2014,57.2778336231227
World Bank WDI/WGI CSV download,IT.CEL.SETS.P2,"Mobile cellular subscriptions, per 100 people",MMR,2015,80.2397229653255
World Bank WDI/WGI CSV download,IT.CEL.SETS.P2,"Mobile cellular subscriptions, per 100 people",MMR,2016,98.2342601991436
World Bank WDI/WGI CSV download,IT.CEL.SETS.P2,"Mobile cellular subscriptions, per 100 people",MMR,2017,92.3917955157784
World Bank WDI/WGI CSV download,IT.CEL.SETS.P2,"Mobile cellular subscriptions, per 100 people",MMR,2018,116.972136284863
World Bank WDI/WGI CSV download,IT.CEL.SETS.P2,"Mobile cellular subscriptions, per 100 people",MMR,2019,155.669416939698
World Bank WDI/WGI CSV download,IT.CEL.SETS.P2,"Mobile cellular subscriptions, per 100 people",MMR,2020,148.158208114821
World Bank WDI/WGI CSV download,IT.CEL.SETS.P2,"Mobile cellular subscriptions, per 100 people",MMR,2021,127.240645128106
World Bank WDI/WGI CSV download,IT.CEL.SETS.P2,"Mobile cellular subscriptions, per 100 people",MMR,2022,107.535089476237
World Bank WDI/WGI CSV download,IT.CEL.SETS.P2,"Mobile cellular subscriptions, per 100 people",MMR,2023,121.027626770248
World Bank WDI/WGI CSV download,IT.CEL.SETS.P2,"Mobile cellular subscriptions, per 100 people",MMR,2024,114.329042129489
World Bank WDI/WGI CSV download,IT.NET.USER.ZS,"Individuals using the Internet, % of population",MMR,1999,0.000152
World Bank WDI/WGI CSV download,IT.NET.USER.ZS,"Individuals using the Internet, % of population",MMR,2001,0.000289277380848561
World Bank WDI/WGI CSV download,IT.NET.USER.ZS,"Individuals using the Internet, % of population",MMR,2002,0.00042649350636189
World Bank WDI/WGI CSV download,IT.NET.USER.ZS,"Individuals using the Internet, % of population",MMR,2003,0.0240641491408465
World Bank WDI/WGI CSV download,IT.NET.USER.ZS,"Individuals using the Internet, % of population",MMR,2004,0.024337392002823
World Bank WDI/WGI CSV download,IT.NET.USER.ZS,"Individuals using the Internet, % of population",MMR,2005,0.065200001
World Bank WDI/WGI CSV download,IT.NET.USER.ZS,"Individuals using the Internet, % of population",MMR,2006,0.18204833106115
World Bank WDI/WGI CSV download,IT.NET.USER.ZS,"Individuals using the Internet, % of population",MMR,2007,0.217128445069958
World Bank WDI/WGI CSV download,IT.NET.USER.ZS,"Individuals using the Internet, % of population",MMR,2008,0.22
World Bank WDI/WGI CSV download,IT.NET.USER.ZS,"Individuals using the Internet, % of population",MMR,2009,0.219999999
World Bank WDI/WGI CSV download,IT.NET.USER.ZS,"Individuals using the Internet, % of population",MMR,2010,0.25
World Bank WDI/WGI CSV download,IT.NET.USER.ZS,"Individuals using the Internet, % of population",MMR,2011,0.98
World Bank WDI/WGI CSV download,IT.NET.USER.ZS,"Individuals using the Internet, % of population",MMR,2012,1.399999976
World Bank WDI/WGI CSV download,IT.NET.USER.ZS,"Individuals using the Internet, % of population",MMR,2013,1.799999952
World Bank WDI/WGI CSV download,IT.NET.USER.ZS,"Individuals using the Internet, % of population",MMR,2014,7.400000095
World Bank WDI/WGI CSV download,IT.NET.USER.ZS,"Individuals using the Internet, % of population",MMR,2015,10.89999962
World Bank WDI/WGI CSV download,IT.NET.USER.ZS,"Individuals using the Internet, % of population",MMR,2016,16.0
World Bank WDI/WGI CSV download,IT.NET.USER.ZS,"Individuals using the Internet, % of population",MMR,2017,23.621081950267
World Bank WDI/WGI CSV download,IT.NET.USER.ZS,"Individuals using the Internet, % of population",MMR,2018,29.37899971
World Bank WDI/WGI CSV download,IT.NET.USER.ZS,"Individuals using the Internet, % of population",MMR,2019,36.54050064
World Bank WDI/WGI CSV download,IT.NET.USER.ZS,"Individuals using the Internet, % of population",MMR,2020,45.4477005
World Bank WDI/WGI CSV download,LP.LPI.OVRL.XQ,"Logistics Performance Index, overall",MMR,2007,1.86
World Bank WDI/WGI CSV download,LP.LPI.OVRL.XQ,"Logistics Performance Index, overall",MMR,2010,2.33
World Bank WDI/WGI CSV download,LP.LPI.OVRL.XQ,"Logistics Performance Index, overall",MMR,2012,2.37
World Bank WDI/WGI CSV download,LP.LPI.OVRL.XQ,"Logistics Performance Index, overall",MMR,2014,2.249909
World Bank WDI/WGI CSV download,LP.LPI.OVRL.XQ,"Logistics Performance Index, overall",MMR,2016,2.458571
World Bank WDI/WGI CSV download,LP.LPI.OVRL.XQ,"Logistics Performance Index, overall",MMR,2018,2.3
World Bank WDI/WGI CSV download,MS.MIL.TOTL.TF.ZS,"Armed forces personnel, % of total labor force",MMR,1995,1.95161887916105
World Bank WDI/WGI CSV download,MS.MIL.TOTL.TF.ZS,"Armed forces personnel, % of total labor force",MMR,1996,2.09701537370848
World Bank WDI/WGI CSV download,MS.MIL.TOTL.TF.ZS,"Armed forces personnel, % of total labor force",MMR,1997,2.1732340833207
World Bank WDI/WGI CSV download,MS.MIL.TOTL.TF.ZS,"Armed forces personnel, % of total labor force",MMR,1998,2.16100219216118
World Bank WDI/WGI CSV download,MS.MIL.TOTL.TF.ZS,"Armed forces personnel, % of total labor force",MMR,1999,2.09510983151225
World Bank WDI/WGI CSV download,MS.MIL.TOTL.TF.ZS,"Armed forces personnel, % of total labor force",MMR,2000,2.06289022025139
World Bank WDI/WGI CSV download,MS.MIL.TOTL.TF.ZS,"Armed forces personnel, % of total labor force",MMR,2001,2.10544602544817
World Bank WDI/WGI CSV download,MS.MIL.TOTL.TF.ZS,"Armed forces personnel, % of total labor force",MMR,2002,2.54732607046663
World Bank WDI/WGI CSV download,MS.MIL.TOTL.TF.ZS,"Armed forces personnel, % of total labor force",MMR,2003,2.75538187439413
World Bank WDI/WGI CSV download,MS.MIL.TOTL.TF.ZS,"Armed forces personnel, % of total labor force",MMR,2004,2.21157831527857
World Bank WDI/WGI CSV download,MS.MIL.TOTL.TF.ZS,"Armed forces personnel, % of total labor force",MMR,2005,2.19464163024342
World Bank WDI/WGI CSV download,MS.MIL.TOTL.TF.ZS,"Armed forces personnel, % of total labor force",MMR,2006,2.31031398923493
World Bank WDI/WGI CSV download,MS.MIL.TOTL.TF.ZS,"Armed forces personnel, % of total labor force",MMR,2007,2.28978072202812
World Bank WDI/WGI CSV download,MS.MIL.TOTL.TF.ZS,"Armed forces personnel, % of total labor force",MMR,2008,2.27133480723629
World Bank WDI/WGI CSV download,MS.MIL.TOTL.TF.ZS,"Armed forces personnel, % of total labor force",MMR,2009,2.25419313961956
World Bank WDI/WGI CSV download,MS.MIL.TOTL.TF.ZS,"Armed forces personnel, % of total labor force",MMR,2010,2.23195250596409
World Bank WDI/WGI CSV download,MS.MIL.TOTL.TF.ZS,"Armed forces personnel, % of total labor force",MMR,2011,2.20592201415615
World Bank WDI/WGI CSV download,MS.MIL.TOTL.TF.ZS,"Armed forces personnel, % of total labor force",MMR,2012,2.1805781248991
World Bank WDI/WGI CSV download,MS.MIL.TOTL.TF.ZS,"Armed forces personnel, % of total labor force",MMR,2013,2.15661898616343
World Bank WDI/WGI CSV download,MS.MIL.TOTL.TF.ZS,"Armed forces personnel, % of total labor force",MMR,2014,2.13401053987078
World Bank WDI/WGI CSV download,MS.MIL.TOTL.TF.ZS,"Armed forces personnel, % of total labor force",MMR,2015,2.11227925858648
World Bank WDI/WGI CSV download,MS.MIL.TOTL.TF.ZS,"Armed forces personnel, % of total labor force",MMR,2016,2.1310662414693
World Bank WDI/WGI CSV download,MS.MIL.TOTL.TF.ZS,"Armed forces personnel, % of total labor force",MMR,2017,2.15115382146186
World Bank WDI/WGI CSV download,MS.MIL.TOTL.TF.ZS,"Armed forces personnel, % of total labor force",MMR,2018,2.11598074036805
World Bank WDI/WGI CSV download,MS.MIL.TOTL.TF.ZS,"Armed forces personnel, % of total labor force",MMR,2019,2.15842139874963
World Bank WDI/WGI CSV download,MS.MIL.TOTL.TF.ZS,"Armed forces personnel, % of total labor force",MMR,2020,1.93959221728359
World Bank WDI/WGI CSV download,MS.MIL.XPND.GD.ZS,"Military expenditure, % of GDP",MMR,1995,3.68483237946254
World Bank WDI/WGI CSV download,MS.MIL.XPND.GD.ZS,"Military expenditure, % of GDP",MMR,1996,3.49342786434001
World Bank WDI/WGI CSV download,MS.MIL.XPND.GD.ZS,"Military expenditure, % of GDP",MMR,1997,2.31372237705347
World Bank WDI/WGI CSV download,MS.MIL.XPND.GD.ZS,"Military expenditure, % of GDP",MMR,1998,2.53962410781848
World Bank WDI/WGI CSV download,MS.MIL.XPND.GD.ZS,"Military expenditure, % of GDP",MMR,1999,2.1389500494262
World Bank WDI/WGI CSV download,MS.MIL.XPND.GD.ZS,"Military expenditure, % of GDP",MMR,2000,2.30851230754143
World Bank WDI/WGI CSV download,MS.MIL.XPND.GD.ZS,"Military expenditure, % of GDP",MMR,2001,1.94785828446242
World Bank WDI/WGI CSV download,MS.MIL.XPND.GD.ZS,"Military expenditure, % of GDP",MMR,2002,1.48187129901045
World Bank WDI/WGI CSV download,MS.MIL.XPND.GD.ZS,"Military expenditure, % of GDP",MMR,2003,2.07081478779187
World Bank WDI/WGI CSV download,MS.MIL.XPND.GD.ZS,"Military expenditure, % of GDP",MMR,2004,1.92006952835836
World Bank WDI/WGI CSV download,MS.MIL.XPND.GD.ZS,"Military expenditure, % of GDP",MMR,2005,1.66965386990714
World Bank WDI/WGI CSV download,MS.MIL.XPND.GD.ZS,"Military expenditure, % of GDP",MMR,2012,4.12480380212694
World Bank WDI/WGI CSV download,MS.MIL.XPND.GD.ZS,"Military expenditure, % of GDP",MMR,2013,4.11633459177026
World Bank WDI/WGI CSV download,MS.MIL.XPND.GD.ZS,"Military expenditure, % of GDP",MMR,2014,3.78953444074754
World Bank WDI/WGI CSV download,MS.MIL.XPND.GD.ZS,"Military expenditure, % of GDP",MMR,2015,4.30136045141842
World Bank WDI/WGI CSV download,MS.MIL.XPND.GD.ZS,"Military expenditure, % of GDP",MMR,2016,4.08929730356682
World Bank WDI/WGI CSV download,MS.MIL.XPND.GD.ZS,"Military expenditure, % of GDP",MMR,2017,3.64194876170774
World Bank WDI/WGI CSV download,MS.MIL.XPND.GD.ZS,"Military expenditure, % of GDP",MMR,2018,2.3597905591242
World Bank WDI/WGI CSV download,MS.MIL.XPND.GD.ZS,"Military expenditure, % of GDP",MMR,2019,2.18974000019248
World Bank WDI/WGI CSV download,MS.MIL.XPND.GD.ZS,"Military expenditure, % of GDP",MMR,2020,3.12332883859715
World Bank WDI/WGI CSV download,MS.MIL.XPND.GD.ZS,"Military expenditure, % of GDP",MMR,2021,4.07092298980473
World Bank WDI/WGI CSV download,MS.MIL.XPND.GD.ZS,"Military expenditure, % of GDP",MMR,2022,4.17058942838215
World Bank WDI/WGI CSV download,MS.MIL.XPND.GD.ZS,"Military expenditure, % of GDP",MMR,2023,3.75371612518577
World Bank WDI/WGI CSV download,MS.MIL.XPND.GD.ZS,"Military expenditure, % of GDP",MMR,2024,6.79452485229039
World Bank WDI/WGI CSV download,NV.AGR.TOTL.ZS,"Agriculture value added, % of GDP",MMR,2000,57.2386452556231
World Bank WDI/WGI CSV download,NV.AGR.TOTL.ZS,"Agriculture value added, % of GDP",MMR,2001,57.0691916368966
World Bank WDI/WGI CSV download,NV.AGR.TOTL.ZS,"Agriculture value added, % of GDP",MMR,2002,54.5283327348715
World Bank WDI/WGI CSV download,NV.AGR.TOTL.ZS,"Agriculture value added, % of GDP",MMR,2003,50.620560861897
World Bank WDI/WGI CSV download,NV.AGR.TOTL.ZS,"Agriculture value added, % of GDP",MMR,2004,48.1650901865787
World Bank WDI/WGI CSV download,NV.AGR.TOTL.ZS,"Agriculture value added, % of GDP",MMR,2005,46.687240402588
World Bank WDI/WGI CSV download,NV.AGR.TOTL.ZS,"Agriculture value added, % of GDP",MMR,2006,43.918958474559
World Bank WDI/WGI CSV download,NV.AGR.TOTL.ZS,"Agriculture value added, % of GDP",MMR,2007,43.3227660063537
World Bank WDI/WGI CSV download,NV.AGR.TOTL.ZS,"Agriculture value added, % of GDP",MMR,2008,40.2750956375485
World Bank WDI/WGI CSV download,NV.AGR.TOTL.ZS,"Agriculture value added, % of GDP",MMR,2009,38.1081206105058
World Bank WDI/WGI CSV download,NV.AGR.TOTL.ZS,"Agriculture value added, % of GDP",MMR,2010,36.853075751266
World Bank WDI/WGI CSV download,NV.AGR.TOTL.ZS,"Agriculture value added, % of GDP",MMR,2011,32.4961825024034
World Bank WDI/WGI CSV download,NV.AGR.TOTL.ZS,"Agriculture value added, % of GDP",MMR,2012,30.5901997024538
World Bank WDI/WGI CSV download,NV.AGR.TOTL.ZS,"Agriculture value added, % of GDP",MMR,2013,29.5337253604993
World Bank WDI/WGI CSV download,NV.AGR.TOTL.ZS,"Agriculture value added, % of GDP",MMR,2014,27.8298025759612
World Bank WDI/WGI CSV download,NV.AGR.TOTL.ZS,"Agriculture value added, % of GDP",MMR,2015,26.771778645598
World Bank WDI/WGI CSV download,NV.AGR.TOTL.ZS,"Agriculture value added, % of GDP",MMR,2016,25.6286228737595
World Bank WDI/WGI CSV download,NV.AGR.TOTL.ZS,"Agriculture value added, % of GDP",MMR,2017,23.4041280962744
World Bank WDI/WGI CSV download,NV.AGR.TOTL.ZS,"Agriculture value added, % of GDP",MMR,2018,22.0756064041111
World Bank WDI/WGI CSV download,NV.AGR.TOTL.ZS,"Agriculture value added, % of GDP",MMR,2019,20.8421577754282
World Bank WDI/WGI CSV download,NV.AGR.TOTL.ZS,"Agriculture value added, % of GDP",MMR,2020,22.4186525400503
World Bank WDI/WGI CSV download,NV.AGR.TOTL.ZS,"Agriculture value added, % of GDP",MMR,2021,22.7852901568211
World Bank WDI/WGI CSV download,NV.AGR.TOTL.ZS,"Agriculture value added, % of GDP",MMR,2022,22.3343500768495
World Bank WDI/WGI CSV download,NV.AGR.TOTL.ZS,"Agriculture value added, % of GDP",MMR,2023,22.7222309725462
World Bank WDI/WGI CSV download,NV.AGR.TOTL.ZS,"Agriculture value added, % of GDP",MMR,2024,20.8341766680744
World Bank WDI/WGI CSV download,NV.IND.TOTL.ZS,"Industry value added, % of GDP",MMR,2000,9.69226113586128
World Bank WDI/WGI CSV download,NV.IND.TOTL.ZS,"Industry value added, % of GDP",MMR,2001,10.5804943321805
World Bank WDI/WGI CSV download,NV.IND.TOTL.ZS,"Industry value added, % of GDP",MMR,2002,13.0068954922166
World Bank WDI/WGI CSV download,NV.IND.TOTL.ZS,"Industry value added, % of GDP",MMR,2003,14.2582573952557
World Bank WDI/WGI CSV download,NV.IND.TOTL.ZS,"Industry value added, % of GDP",MMR,2004,16.3663619555986
World Bank WDI/WGI CSV download,NV.IND.TOTL.ZS,"Industry value added, % of GDP",MMR,2005,17.512204636055
World Bank WDI/WGI CSV download,NV.IND.TOTL.ZS,"Industry value added, % of GDP",MMR,2006,19.2372930203744
World Bank WDI/WGI CSV download,NV.IND.TOTL.ZS,"Industry value added, % of GDP",MMR,2007,20.4091296662276
World Bank WDI/WGI CSV download,NV.IND.TOTL.ZS,"Industry value added, % of GDP",MMR,2008,22.6658154224732
World Bank WDI/WGI CSV download,NV.IND.TOTL.ZS,"Industry value added, % of GDP",MMR,2009,24.5320050982062
World Bank WDI/WGI CSV download,NV.IND.TOTL.ZS,"Industry value added, % of GDP",MMR,2010,26.4680642743774
World Bank WDI/WGI CSV download,NV.IND.TOTL.ZS,"Industry value added, % of GDP",MMR,2011,31.2916488307023
World Bank WDI/WGI CSV download,NV.IND.TOTL.ZS,"Industry value added, % of GDP",MMR,2012,32.3730207966326
World Bank WDI/WGI CSV download,NV.IND.TOTL.ZS,"Industry value added, % of GDP",MMR,2013,32.3622196006021
World Bank WDI/WGI CSV download,NV.IND.TOTL.ZS,"Industry value added, % of GDP",MMR,2014,34.4897147952325
World Bank WDI/WGI CSV download,NV.IND.TOTL.ZS,"Industry value added, % of GDP",MMR,2015,34.4688212621502
World Bank WDI/WGI CSV download,NV.IND.TOTL.ZS,"Industry value added, % of GDP",MMR,2016,34.8095048832944
World Bank WDI/WGI CSV download,NV.IND.TOTL.ZS,"Industry value added, % of GDP",MMR,2017,36.8009211203558
World Bank WDI/WGI CSV download,NV.IND.TOTL.ZS,"Industry value added, % of GDP",MMR,2018,36.9634615021809
World Bank WDI/WGI CSV download,NV.IND.TOTL.ZS,"Industry value added, % of GDP",MMR,2019,38.4126110918443
World Bank WDI/WGI CSV download,NV.IND.TOTL.ZS,"Industry value added, % of GDP",MMR,2020,37.5439155484288
World Bank WDI/WGI CSV download,NV.IND.TOTL.ZS,"Industry value added, % of GDP",MMR,2021,37.3108899934826
World Bank WDI/WGI CSV download,NV.IND.TOTL.ZS,"Industry value added, % of GDP",MMR,2022,38.2471357653023
World Bank WDI/WGI CSV download,NV.IND.TOTL.ZS,"Industry value added, % of GDP",MMR,2023,37.5929250362669
World Bank WDI/WGI CSV download,NV.IND.TOTL.ZS,"Industry value added, % of GDP",MMR,2024,37.8123706470066
World Bank WDI/WGI CSV download,NV.SRV.TOTL.ZS,"Services value added, % of GDP",MMR,2008,37.0590889399783
World Bank WDI/WGI CSV download,NV.SRV.TOTL.ZS,"Services value added, % of GDP",MMR,2009,37.3598731111395
World Bank WDI/WGI CSV download,NV.SRV.TOTL.ZS,"Services value added, % of GDP",MMR,2010,36.6788599743565
World Bank WDI/WGI CSV download,NV.SRV.TOTL.ZS,"Services value added, % of GDP",MMR,2011,36.2121686668943
World Bank WDI/WGI CSV download,NV.SRV.TOTL.ZS,"Services value added, % of GDP",MMR,2012,37.0367795009136
World Bank WDI/WGI CSV download,NV.SRV.TOTL.ZS,"Services value added, % of GDP",MMR,2013,38.1040550388986
World Bank WDI/WGI CSV download,NV.SRV.TOTL.ZS,"Services value added, % of GDP",MMR,2014,37.6804826288063
World Bank WDI/WGI CSV download,NV.SRV.TOTL.ZS,"Services value added, % of GDP",MMR,2015,38.7594000921142
World Bank WDI/WGI CSV download,NV.SRV.TOTL.ZS,"Services value added, % of GDP",MMR,2016,39.5618722429461
World Bank WDI/WGI CSV download,NV.SRV.TOTL.ZS,"Services value added, % of GDP",MMR,2017,39.7949507833698
World Bank WDI/WGI CSV download,NV.SRV.TOTL.ZS,"Services value added, % of GDP",MMR,2018,40.960932093708
World Bank WDI/WGI CSV download,NV.SRV.TOTL.ZS,"Services value added, % of GDP",MMR,2019,40.7452311327275
World Bank WDI/WGI CSV download,NV.SRV.TOTL.ZS,"Services value added, % of GDP",MMR,2020,40.0374319115209
World Bank WDI/WGI CSV download,NV.SRV.TOTL.ZS,"Services value added, % of GDP",MMR,2021,39.9038198496963
World Bank WDI/WGI CSV download,NV.SRV.TOTL.ZS,"Services value added, % of GDP",MMR,2022,39.4185141578482
World Bank WDI/WGI CSV download,NV.SRV.TOTL.ZS,"Services value added, % of GDP",MMR,2023,39.6848439911869
World Bank WDI/WGI CSV download,NV.SRV.TOTL.ZS,"Services value added, % of GDP",MMR,2024,41.3534526849189
World Bank WDI/WGI CSV download,NY.GDP.DEFL.KD.ZG,"Inflation, GDP deflator, annual %",MMR,1995,19.6008436274624
World Bank WDI/WGI CSV download,NY.GDP.DEFL.KD.ZG,"Inflation, GDP deflator, annual %",MMR,1996,23.0374930881772
World Bank WDI/WGI CSV download,NY.GDP.DEFL.KD.ZG,"Inflation, GDP deflator, annual %",MMR,1997,33.7942244584017
World Bank WDI/WGI CSV download,NY.GDP.DEFL.KD.ZG,"Inflation, GDP deflator, annual %",MMR,1998,35.8252397603861
World Bank WDI/WGI CSV download,NY.GDP.DEFL.KD.ZG,"Inflation, GDP deflator, annual %",MMR,1999,22.6404900460789
World Bank WDI/WGI CSV download,NY.GDP.DEFL.KD.ZG,"Inflation, GDP deflator, annual %",MMR,2000,2.46177398804086
World Bank WDI/WGI CSV download,NY.GDP.DEFL.KD.ZG,"Inflation, GDP deflator, annual %",MMR,2001,24.8444647782488
World Bank WDI/WGI CSV download,NY.GDP.DEFL.KD.ZG,"Inflation, GDP deflator, annual %",MMR,2002,41.5089280021532
World Bank WDI/WGI CSV download,NY.GDP.DEFL.KD.ZG,"Inflation, GDP deflator, annual %",MMR,2003,20.4965394080297
World Bank WDI/WGI CSV download,NY.GDP.DEFL.KD.ZG,"Inflation, GDP deflator, annual %",MMR,2004,3.60112807911594
World Bank WDI/WGI CSV download,NY.GDP.DEFL.KD.ZG,"Inflation, GDP deflator, annual %",MMR,2005,19.1635299038814
World Bank WDI/WGI CSV download,NY.GDP.DEFL.KD.ZG,"Inflation, GDP deflator, annual %",MMR,2006,21.3004988066612
World Bank WDI/WGI CSV download,NY.GDP.DEFL.KD.ZG,"Inflation, GDP deflator, annual %",MMR,2007,23.6439081182201
World Bank WDI/WGI CSV download,NY.GDP.DEFL.KD.ZG,"Inflation, GDP deflator, annual %",MMR,2008,13.6186579473021
World Bank WDI/WGI CSV download,NY.GDP.DEFL.KD.ZG,"Inflation, GDP deflator, annual %",MMR,2009,4.87859924627352
World Bank WDI/WGI CSV download,NY.GDP.DEFL.KD.ZG,"Inflation, GDP deflator, annual %",MMR,2010,7.04321189366061
World Bank WDI/WGI CSV download,NY.GDP.DEFL.KD.ZG,"Inflation, GDP deflator, annual %",MMR,2011,10.2545766682247
World Bank WDI/WGI CSV download,NY.GDP.DEFL.KD.ZG,"Inflation, GDP deflator, annual %",MMR,2012,3.13009695263828
World Bank WDI/WGI CSV download,NY.GDP.DEFL.KD.ZG,"Inflation, GDP deflator, annual %",MMR,2013,4.37807084310651
World Bank WDI/WGI CSV download,NY.GDP.DEFL.KD.ZG,"Inflation, GDP deflator, annual %",MMR,2014,3.91022519271547
World Bank WDI/WGI CSV download,NY.GDP.DEFL.KD.ZG,"Inflation, GDP deflator, annual %",MMR,2015,4.13669673912931
World Bank WDI/WGI CSV download,NY.GDP.DEFL.KD.ZG,"Inflation, GDP deflator, annual %",MMR,2016,3.61567809530786
World Bank WDI/WGI CSV download,NY.GDP.DEFL.KD.ZG,"Inflation, GDP deflator, annual %",MMR,2017,5.8734089465466
World Bank WDI/WGI CSV download,NY.GDP.DEFL.KD.ZG,"Inflation, GDP deflator, annual %",MMR,2018,5.34109463991011
World Bank WDI/WGI CSV download,NY.GDP.DEFL.KD.ZG,"Inflation, GDP deflator, annual %",MMR,2019,5.42293300468495
World Bank WDI/WGI CSV download,NY.GDP.DEFL.KD.ZG,"Inflation, GDP deflator, annual %",MMR,2020,5.34411000806585
World Bank WDI/WGI CSV download,NY.GDP.DEFL.KD.ZG,"Inflation, GDP deflator, annual %",MMR,2021,19.517209372101
World Bank WDI/WGI CSV download,NY.GDP.DEFL.KD.ZG,"Inflation, GDP deflator, annual %",MMR,2022,6.16371648905898
World Bank WDI/WGI CSV download,NY.GDP.DEFL.KD.ZG,"Inflation, GDP deflator, annual %",MMR,2023,10.7876664463339
World Bank WDI/WGI CSV download,NY.GDP.DEFL.KD.ZG,"Inflation, GDP deflator, annual %",MMR,2024,12.0402384080935
World Bank WDI/WGI CSV download,NY.GDP.MKTP.CD,"GDP, current US$",MMR,1995,5289174942.53404
World Bank WDI/WGI CSV download,NY.GDP.MKTP.CD,"GDP, current US$",MMR,1996,6123556716.81329
World Bank WDI/WGI CSV download,NY.GDP.MKTP.CD,"GDP, current US$",MMR,1997,4722288495.66085
World Bank WDI/WGI CSV download,NY.GDP.MKTP.CD,"GDP, current US$",MMR,1998,6459461639.30243
World Bank WDI/WGI CSV download,NY.GDP.MKTP.CD,"GDP, current US$",MMR,1999,8486832800.88498
World Bank WDI/WGI CSV download,NY.GDP.MKTP.CD,"GDP, current US$",MMR,2000,8905066163.58643
World Bank WDI/WGI CSV download,NY.GDP.MKTP.CD,"GDP, current US$",MMR,2001,6477790688.22844
World Bank WDI/WGI CSV download,NY.GDP.MKTP.CD,"GDP, current US$",MMR,2002,6777632512.0781
World Bank WDI/WGI CSV download,NY.GDP.MKTP.CD,"GDP, current US$",MMR,2003,10467109977.6717
World Bank WDI/WGI CSV download,NY.GDP.MKTP.CD,"GDP, current US$",MMR,2004,10567354056.4049
World Bank WDI/WGI CSV download,NY.GDP.MKTP.CD,"GDP, current US$",MMR,2005,11986972418.5103
World Bank WDI/WGI CSV download,NY.GDP.MKTP.CD,"GDP, current US$",MMR,2006,14502553709.8303
World Bank WDI/WGI CSV download,NY.GDP.MKTP.CD,"GDP, current US$",MMR,2007,20182477480.5512
World Bank WDI/WGI CSV download,NY.GDP.MKTP.CD,"GDP, current US$",MMR,2008,31862554101.9378
World Bank WDI/WGI CSV download,NY.GDP.MKTP.CD,"GDP, current US$",MMR,2009,36906181380.8127
World Bank WDI/WGI CSV download,NY.GDP.MKTP.CD,"GDP, current US$",MMR,2010,49540813342.4834
World Bank WDI/WGI CSV download,NY.GDP.MKTP.CD,"GDP, current US$",MMR,2011,59977326085.9908
World Bank WDI/WGI CSV download,NY.GDP.MKTP.CD,"GDP, current US$",MMR,2012,59937796648.2158
World Bank WDI/WGI CSV download,NY.GDP.MKTP.CD,"GDP, current US$",MMR,2013,60269732854.827
World Bank WDI/WGI CSV download,NY.GDP.MKTP.CD,"GDP, current US$",MMR,2014,65531374210.3224
World Bank WDI/WGI CSV download,NY.GDP.MKTP.CD,"GDP, current US$",MMR,2015,59607290408.4359
World Bank WDI/WGI CSV download,NY.GDP.MKTP.CD,"GDP, current US$",MMR,2016,63298361983.5653
World Bank WDI/WGI CSV download,NY.GDP.MKTP.CD,"GDP, current US$",MMR,2017,66053040475.0257
World Bank WDI/WGI CSV download,NY.GDP.MKTP.CD,"GDP, current US$",MMR,2018,67860515993.1186
World Bank WDI/WGI CSV download,NY.GDP.MKTP.CD,"GDP, current US$",MMR,2019,75065106243.3578
World Bank WDI/WGI CSV download,NY.GDP.MKTP.CD,"GDP, current US$",MMR,2020,79006113670.2831
World Bank WDI/WGI CSV download,NY.GDP.MKTP.CD,"GDP, current US$",MMR,2021,66345291149.4433
World Bank WDI/WGI CSV download,NY.GDP.MKTP.CD,"GDP, current US$",MMR,2022,62253049903.28
World Bank WDI/WGI CSV download,NY.GDP.MKTP.CD,"GDP, current US$",MMR,2023,66757619000.0
World Bank WDI/WGI CSV download,NY.GDP.MKTP.CD,"GDP, current US$",MMR,2024,74068349523.8095
World Bank WDI/WGI CSV download,NY.GDP.MKTP.KD.ZG,"GDP growth, annual %",MMR,1995,6.94805143702995
World Bank WDI/WGI CSV download,NY.GDP.MKTP.KD.ZG,"GDP growth, annual %",MMR,1996,6.44271534713997
World Bank WDI/WGI CSV download,NY.GDP.MKTP.KD.ZG,"GDP growth, annual %",MMR,1997,5.65158296304853
World Bank WDI/WGI CSV download,NY.GDP.MKTP.KD.ZG,"GDP growth, annual %",MMR,1998,5.86621315328905
World Bank WDI/WGI CSV download,NY.GDP.MKTP.KD.ZG,"GDP growth, annual %",MMR,1999,10.9451299817104
World Bank WDI/WGI CSV download,NY.GDP.MKTP.KD.ZG,"GDP growth, annual %",MMR,2000,13.7459305561226
World Bank WDI/WGI CSV download,NY.GDP.MKTP.KD.ZG,"GDP growth, annual %",MMR,2001,11.3439970699605
World Bank WDI/WGI CSV download,NY.GDP.MKTP.KD.ZG,"GDP growth, annual %",MMR,2002,12.0255134340315
World Bank WDI/WGI CSV download,NY.GDP.MKTP.KD.ZG,"GDP growth, annual %",MMR,2003,13.8439968903798
World Bank WDI/WGI CSV download,NY.GDP.MKTP.KD.ZG,"GDP growth, annual %",MMR,2004,13.5646616163416
World Bank WDI/WGI CSV download,NY.GDP.MKTP.KD.ZG,"GDP growth, annual %",MMR,2005,13.5689500216456
World Bank WDI/WGI CSV download,NY.GDP.MKTP.KD.ZG,"GDP growth, annual %",MMR,2006,13.0761013792372
World Bank WDI/WGI CSV download,NY.GDP.MKTP.KD.ZG,"GDP growth, annual %",MMR,2007,11.9914352402146
World Bank WDI/WGI CSV download,NY.GDP.MKTP.KD.ZG,"GDP growth, annual %",MMR,2008,10.2553053929808
World Bank WDI/WGI CSV download,NY.GDP.MKTP.KD.ZG,"GDP growth, annual %",MMR,2009,10.5500090961932
World Bank WDI/WGI CSV download,NY.GDP.MKTP.KD.ZG,"GDP growth, annual %",MMR,2010,9.6344394520444
World Bank WDI/WGI CSV download,NY.GDP.MKTP.KD.ZG,"GDP growth, annual %",MMR,2011,5.59148237823661
World Bank WDI/WGI CSV download,NY.GDP.MKTP.KD.ZG,"GDP growth, annual %",MMR,2012,7.33267044704149
World Bank WDI/WGI CSV download,NY.GDP.MKTP.KD.ZG,"GDP growth, annual %",MMR,2013,8.42600102501767
World Bank WDI/WGI CSV download,NY.GDP.MKTP.KD.ZG,"GDP growth, annual %",MMR,2014,8.16990745558277
World Bank WDI/WGI CSV download,NY.GDP.MKTP.KD.ZG,"GDP growth, annual %",MMR,2015,6.99284029026121
World Bank WDI/WGI CSV download,NY.GDP.MKTP.KD.ZG,"GDP growth, annual %",MMR,2016,5.86247291518572
World Bank WDI/WGI CSV download,NY.GDP.MKTP.KD.ZG,"GDP growth, annual %",MMR,2017,6.13610824360305
World Bank WDI/WGI CSV download,NY.GDP.MKTP.KD.ZG,"GDP growth, annual %",MMR,2018,6.26886221471075
World Bank WDI/WGI CSV download,NY.GDP.MKTP.KD.ZG,"GDP growth, annual %",MMR,2019,6.57911006765414
World Bank WDI/WGI CSV download,NY.GDP.MKTP.KD.ZG,"GDP growth, annual %",MMR,2020,-9.04834717984643
World Bank WDI/WGI CSV download,NY.GDP.MKTP.KD.ZG,"GDP growth, annual %",MMR,2021,-12.0163724829177
World Bank WDI/WGI CSV download,NY.GDP.MKTP.KD.ZG,"GDP growth, annual %",MMR,2022,4.0374934360085
World Bank WDI/WGI CSV download,NY.GDP.MKTP.KD.ZG,"GDP growth, annual %",MMR,2023,0.958446625126115
World Bank WDI/WGI CSV download,NY.GDP.MKTP.KD.ZG,"GDP growth, annual %",MMR,2024,-0.97204641363362
World Bank WDI/WGI CSV download,NY.GDP.PCAP.CD,"GDP per capita, current US$",MMR,1995,124.14348039051
World Bank WDI/WGI CSV download,NY.GDP.PCAP.CD,"GDP per capita, current US$",MMR,1996,141.897267580367
World Bank WDI/WGI CSV download,NY.GDP.PCAP.CD,"GDP per capita, current US$",MMR,1997,108.039770292032
World Bank WDI/WGI CSV download,NY.GDP.PCAP.CD,"GDP per capita, current US$",MMR,1998,145.950830383757
World Bank WDI/WGI CSV download,NY.GDP.PCAP.CD,"GDP per capita, current US$",MMR,1999,189.490155849067
World Bank WDI/WGI CSV download,NY.GDP.PCAP.CD,"GDP per capita, current US$",MMR,2000,196.619580625284
World Bank WDI/WGI CSV download,NY.GDP.PCAP.CD,"GDP per capita, current US$",MMR,2001,141.525660705722
World Bank WDI/WGI CSV download,NY.GDP.PCAP.CD,"GDP per capita, current US$",MMR,2002,146.598390364449
World Bank WDI/WGI CSV download,NY.GDP.PCAP.CD,"GDP per capita, current US$",MMR,2003,224.292688912409
World Bank WDI/WGI CSV download,NY.GDP.PCAP.CD,"GDP per capita, current US$",MMR,2004,224.508811413327
World Bank WDI/WGI CSV download,NY.GDP.PCAP.CD,"GDP per capita, current US$",MMR,2005,252.685193060728
World Bank WDI/WGI CSV download,NY.GDP.PCAP.CD,"GDP per capita, current US$",MMR,2006,303.495087119254
World Bank WDI/WGI CSV download,NY.GDP.PCAP.CD,"GDP per capita, current US$",MMR,2007,419.375780725042
World Bank WDI/WGI CSV download,NY.GDP.PCAP.CD,"GDP per capita, current US$",MMR,2008,658.442487229705
World Bank WDI/WGI CSV download,NY.GDP.PCAP.CD,"GDP per capita, current US$",MMR,2009,758.442935789255
World Bank WDI/WGI CSV download,NY.GDP.PCAP.CD,"GDP per capita, current US$",MMR,2010,1010.53417343401
World Bank WDI/WGI CSV download,NY.GDP.PCAP.CD,"GDP per capita, current US$",MMR,2011,1213.62898703376
World Bank WDI/WGI CSV download,NY.GDP.PCAP.CD,"GDP per capita, current US$",MMR,2012,1202.6658960055
World Bank WDI/WGI CSV download,NY.GDP.PCAP.CD,"GDP per capita, current US$",MMR,2013,1199.09561597055
World Bank WDI/WGI CSV download,NY.GDP.PCAP.CD,"GDP per capita, current US$",MMR,2014,1293.00042319714
World Bank WDI/WGI CSV download,NY.GDP.PCAP.CD,"GDP per capita, current US$",MMR,2015,1166.73305547935
World Bank WDI/WGI CSV download,NY.GDP.PCAP.CD,"GDP per capita, current US$",MMR,2016,1229.19713491328
World Bank WDI/WGI CSV download,NY.GDP.PCAP.CD,"GDP per capita, current US$",MMR,2017,1272.82241815234
World Bank WDI/WGI CSV download,NY.GDP.PCAP.CD,"GDP per capita, current US$",MMR,2018,1298.21310327675
World Bank WDI/WGI CSV download,NY.GDP.PCAP.CD,"GDP per capita, current US$",MMR,2019,1425.98954241668
World Bank WDI/WGI CSV download,NY.GDP.PCAP.CD,"GDP per capita, current US$",MMR,2020,1490.21683599469
World Bank WDI/WGI CSV download,NY.GDP.PCAP.CD,"GDP per capita, current US$",MMR,2021,1242.7213439951
World Bank WDI/WGI CSV download,NY.GDP.PCAP.CD,"GDP per capita, current US$",MMR,2022,1158.05005055976
World Bank WDI/WGI CSV download,NY.GDP.PCAP.CD,"GDP per capita, current US$",MMR,2023,1233.19666209269
World Bank WDI/WGI CSV download,NY.GDP.PCAP.CD,"GDP per capita, current US$",MMR,2024,1359.05001560107
World Bank WDI/WGI CSV download,PV.EST,"WGI: Political Stability and Absence of Violence/Terrorism, estimate",MMR,1996,-2.13996349573135
World Bank WDI/WGI CSV download,PV.EST,"WGI: Political Stability and Absence of Violence/Terrorism, estimate",MMR,1998,-2.52617537975311
World Bank WDI/WGI CSV download,PV.EST,"WGI: Political Stability and Absence of Violence/Terrorism, estimate",MMR,2000,-2.8449884057045
World Bank WDI/WGI CSV download,PV.EST,"WGI: Political Stability and Absence of Violence/Terrorism, estimate",MMR,2002,-2.39692800045014
World Bank WDI/WGI CSV download,PV.EST,"WGI: Political Stability and Absence of Violence/Terrorism, estimate",MMR,2003,-1.96136395931245
World Bank WDI/WGI CSV download,PV.EST,"WGI: Political Stability and Absence of Violence/Terrorism, estimate",MMR,2004,-1.6740603625774402
World Bank WDI/WGI CSV download,PV.EST,"WGI: Political Stability and Absence of Violence/Terrorism, estimate",MMR,2005,-1.52871846556664
World Bank WDI/WGI CSV download,PV.EST,"WGI: Political Stability and Absence of Violence/Terrorism, estimate",MMR,2006,-1.4456331372261
World Bank WDI/WGI CSV download,PV.EST,"WGI: Political Stability and Absence of Violence/Terrorism, estimate",MMR,2007,-1.81239269971847
World Bank WDI/WGI CSV download,PV.EST,"WGI: Political Stability and Absence of Violence/Terrorism, estimate",MMR,2008,-1.85606644153594
World Bank WDI/WGI CSV download,PV.EST,"WGI: Political Stability and Absence of Violence/Terrorism, estimate",MMR,2009,-2.20051198005677
World Bank WDI/WGI CSV download,PV.EST,"WGI: Political Stability and Absence of Violence/Terrorism, estimate",MMR,2010,-2.18607761859894
World Bank WDI/WGI CSV download,PV.EST,"WGI: Political Stability and Absence of Violence/Terrorism, estimate",MMR,2011,-1.8888672947883698
World Bank WDI/WGI CSV download,PV.EST,"WGI: Political Stability and Absence of Violence/Terrorism, estimate",MMR,2012,-1.60424746870995
World Bank WDI/WGI CSV download,PV.EST,"WGI: Political Stability and Absence of Violence/Terrorism, estimate",MMR,2013,-1.9386330723762502
World Bank WDI/WGI CSV download,PV.EST,"WGI: Political Stability and Absence of Violence/Terrorism, estimate",MMR,2014,-1.8488871574401902
World Bank WDI/WGI CSV download,PV.EST,"WGI: Political Stability and Absence of Violence/Terrorism, estimate",MMR,2015,-1.982856798172
World Bank WDI/WGI CSV download,PV.EST,"WGI: Political Stability and Absence of Violence/Terrorism, estimate",MMR,2016,-1.37276091575623
World Bank WDI/WGI CSV download,PV.EST,"WGI: Political Stability and Absence of Violence/Terrorism, estimate",MMR,2017,-1.84318398237228
World Bank WDI/WGI CSV download,PV.EST,"WGI: Political Stability and Absence of Violence/Terrorism, estimate",MMR,2018,-2.15440151691437
World Bank WDI/WGI CSV download,PV.EST,"WGI: Political Stability and Absence of Violence/Terrorism, estimate",MMR,2019,-2.26109262704849
World Bank WDI/WGI CSV download,PV.EST,"WGI: Political Stability and Absence of Violence/Terrorism, estimate",MMR,2020,-2.5701122045517
World Bank WDI/WGI CSV download,PV.EST,"WGI: Political Stability and Absence of Violence/Terrorism, estimate",MMR,2021,-3.53736114501953
World Bank WDI/WGI CSV download,PV.EST,"WGI: Political Stability and Absence of Violence/Terrorism, estimate",MMR,2022,-3.0852196455001897
World Bank WDI/WGI CSV download,PV.EST,"WGI: Political Stability and Absence of Violence/Terrorism, estimate",MMR,2023,-1.4876890897750799
World Bank WDI/WGI CSV download,RL.EST,"WGI: Rule of Law, estimate",MMR,1996,-2.6870437502861
World Bank WDI/WGI CSV download,RL.EST,"WGI: Rule of Law, estimate",MMR,1998,-2.60836182832718
World Bank WDI/WGI CSV download,RL.EST,"WGI: Rule of Law, estimate",MMR,2000,-2.42911561727524
World Bank WDI/WGI CSV download,RL.EST,"WGI: Rule of Law, estimate",MMR,2002,-2.9176017999649
World Bank WDI/WGI CSV download,RL.EST,"WGI: Rule of Law, estimate",MMR,2003,-2.89628990888595
World Bank WDI/WGI CSV download,RL.EST,"WGI: Rule of Law, estimate",MMR,2004,-2.9516919493675298
World Bank WDI/WGI CSV download,RL.EST,"WGI: Rule of Law, estimate",MMR,2005,-2.95098042488098
World Bank WDI/WGI CSV download,RL.EST,"WGI: Rule of Law, estimate",MMR,2006,-2.61032475233078
World Bank WDI/WGI CSV download,RL.EST,"WGI: Rule of Law, estimate",MMR,2007,-2.6336956262588602
World Bank WDI/WGI CSV download,RL.EST,"WGI: Rule of Law, estimate",MMR,2008,-2.62152533531188
World Bank WDI/WGI CSV download,RL.EST,"WGI: Rule of Law, estimate",MMR,2009,-2.60956236124039
World Bank WDI/WGI CSV download,RL.EST,"WGI: Rule of Law, estimate",MMR,2010,-2.63720096349717
World Bank WDI/WGI CSV download,RL.EST,"WGI: Rule of Law, estimate",MMR,2011,-2.44743225574494
World Bank WDI/WGI CSV download,RL.EST,"WGI: Rule of Law, estimate",MMR,2012,-2.3065181851387098
World Bank WDI/WGI CSV download,RL.EST,"WGI: Rule of Law, estimate",MMR,2013,-2.11394942998886
World Bank WDI/WGI CSV download,RL.EST,"WGI: Rule of Law, estimate",MMR,2014,-2.0302871465682903
World Bank WDI/WGI CSV download,RL.EST,"WGI: Rule of Law, estimate",MMR,2015,-2.13819817304611
World Bank WDI/WGI CSV download,RL.EST,"WGI: Rule of Law, estimate",MMR,2016,-1.52858185768127
World Bank WDI/WGI CSV download,RL.EST,"WGI: Rule of Law, estimate",MMR,2017,-1.62706152796745
World Bank WDI/WGI CSV download,RL.EST,"WGI: Rule of Law, estimate",MMR,2018,-1.7686829686164898
World Bank WDI/WGI CSV download,RL.EST,"WGI: Rule of Law, estimate",MMR,2019,-1.82861486673355
World Bank WDI/WGI CSV download,RL.EST,"WGI: Rule of Law, estimate",MMR,2020,-2.02564145326614
World Bank WDI/WGI CSV download,RL.EST,"WGI: Rule of Law, estimate",MMR,2021,-2.49188946485519
World Bank WDI/WGI CSV download,RL.EST,"WGI: Rule of Law, estimate",MMR,2022,-2.13965269327164
World Bank WDI/WGI CSV download,RL.EST,"WGI: Rule of Law, estimate",MMR,2023,-1.13185859918594
World Bank WDI/WGI CSV download,RQ.EST,"WGI: Regulatory Quality, estimate",MMR,1996,-2.85251179933547
World Bank WDI/WGI CSV download,RQ.EST,"WGI: Regulatory Quality, estimate",MMR,1998,-3.01914390325547
World Bank WDI/WGI CSV download,RQ.EST,"WGI: Regulatory Quality, estimate",MMR,2000,-3.4281233549117998
World Bank WDI/WGI CSV download,RQ.EST,"WGI: Regulatory Quality, estimate",MMR,2002,-3.50166673660278
World Bank WDI/WGI CSV download,RQ.EST,"WGI: Regulatory Quality, estimate",MMR,2003,-3.45422744750977
World Bank WDI/WGI CSV download,RQ.EST,"WGI: Regulatory Quality, estimate",MMR,2004,-3.99257404804231
World Bank WDI/WGI CSV download,RQ.EST,"WGI: Regulatory Quality, estimate",MMR,2005,-3.6167918443679903
World Bank WDI/WGI CSV download,RQ.EST,"WGI: Regulatory Quality, estimate",MMR,2006,-3.72919731140137
World Bank WDI/WGI CSV download,RQ.EST,"WGI: Regulatory Quality, estimate",MMR,2007,-3.86534957885742
World Bank WDI/WGI CSV download,RQ.EST,"WGI: Regulatory Quality, estimate",MMR,2008,-3.76252729892731
World Bank WDI/WGI CSV download,RQ.EST,"WGI: Regulatory Quality, estimate",MMR,2009,-3.7983856201172004
World Bank WDI/WGI CSV download,RQ.EST,"WGI: Regulatory Quality, estimate",MMR,2010,-3.8157868623733497
World Bank WDI/WGI CSV download,RQ.EST,"WGI: Regulatory Quality, estimate",MMR,2011,-3.5734218835830602
World Bank WDI/WGI CSV download,RQ.EST,"WGI: Regulatory Quality, estimate",MMR,2012,-3.11891763210296
World Bank WDI/WGI CSV download,RQ.EST,"WGI: Regulatory Quality, estimate",MMR,2013,-2.5500729560852102
World Bank WDI/WGI CSV download,RQ.EST,"WGI: Regulatory Quality, estimate",MMR,2014,-2.37639309167862
World Bank WDI/WGI CSV download,RQ.EST,"WGI: Regulatory Quality, estimate",MMR,2015,-2.11763429641724
World Bank WDI/WGI CSV download,RQ.EST,"WGI: Regulatory Quality, estimate",MMR,2016,-1.48406995534897
World Bank WDI/WGI CSV download,RQ.EST,"WGI: Regulatory Quality, estimate",MMR,2017,-1.42782371640205
World Bank WDI/WGI CSV download,RQ.EST,"WGI: Regulatory Quality, estimate",MMR,2018,-1.27531687617302
World Bank WDI/WGI CSV download,RQ.EST,"WGI: Regulatory Quality, estimate",MMR,2019,-1.28125557303429
World Bank WDI/WGI CSV download,RQ.EST,"WGI: Regulatory Quality, estimate",MMR,2020,-1.05557861328125
World Bank WDI/WGI CSV download,RQ.EST,"WGI: Regulatory Quality, estimate",MMR,2021,-1.90520051717758
World Bank WDI/WGI CSV download,RQ.EST,"WGI: Regulatory Quality, estimate",MMR,2022,-1.7291176795959502
World Bank WDI/WGI CSV download,RQ.EST,"WGI: Regulatory Quality, estimate",MMR,2023,-1.00579454898834
World Bank WDI/WGI CSV download,SE.SEC.ENRR,"School enrollment, secondary, gross %",MMR,1995,30.4615497589111
World Bank WDI/WGI CSV download,SE.SEC.ENRR,"School enrollment, secondary, gross %",MMR,1999,35.3725395202637
World Bank WDI/WGI CSV download,SE.SEC.ENRR,"School enrollment, secondary, gross %",MMR,2000,39.3193206787109
World Bank WDI/WGI CSV download,SE.SEC.ENRR,"School enrollment, secondary, gross %",MMR,2001,40.303840637207
World Bank WDI/WGI CSV download,SE.SEC.ENRR,"School enrollment, secondary, gross %",MMR,2002,41.8484497070312
World Bank WDI/WGI CSV download,SE.SEC.ENRR,"School enrollment, secondary, gross %",MMR,2003,42.1795806884766
World Bank WDI/WGI CSV download,SE.SEC.ENRR,"School enrollment, secondary, gross %",MMR,2004,45.0282783508301
World Bank WDI/WGI CSV download,SE.SEC.ENRR,"School enrollment, secondary, gross %",MMR,2005,45.6932487487793
World Bank WDI/WGI CSV download,SE.SEC.ENRR,"School enrollment, secondary, gross %",MMR,2006,47.5437698364258
World Bank WDI/WGI CSV download,SE.SEC.ENRR,"School enrollment, secondary, gross %",MMR,2007,47.3708114624023
World Bank WDI/WGI CSV download,SE.SEC.ENRR,"School enrollment, secondary, gross %",MMR,2008,49.9790115356445
World Bank WDI/WGI CSV download,SE.SEC.ENRR,"School enrollment, secondary, gross %",MMR,2009,49.9621315002441
World Bank WDI/WGI CSV download,SE.SEC.ENRR,"School enrollment, secondary, gross %",MMR,2010,50.8663902282715
World Bank WDI/WGI CSV download,SE.SEC.ENRR,"School enrollment, secondary, gross %",MMR,2014,57.1178512573242
World Bank WDI/WGI CSV download,SE.SEC.ENRR,"School enrollment, secondary, gross %",MMR,2016,67.7588500976562
World Bank WDI/WGI CSV download,SE.SEC.ENRR,"School enrollment, secondary, gross %",MMR,2017,72.3457412719727
World Bank WDI/WGI CSV download,SE.SEC.ENRR,"School enrollment, secondary, gross %",MMR,2018,77.0191497802734
World Bank WDI/WGI CSV download,SE.TER.ENRR,"School enrollment, tertiary, gross %",MMR,1995,5.63515996932983
World Bank WDI/WGI CSV download,SE.TER.ENRR,"School enrollment, tertiary, gross %",MMR,1998,7.36062002182007
World Bank WDI/WGI CSV download,SE.TER.ENRR,"School enrollment, tertiary, gross %",MMR,2001,11.6847896575928
World Bank WDI/WGI CSV download,SE.TER.ENRR,"School enrollment, tertiary, gross %",MMR,2007,11.0508098602295
World Bank WDI/WGI CSV download,SE.TER.ENRR,"School enrollment, tertiary, gross %",MMR,2011,14.3246002197266
World Bank WDI/WGI CSV download,SE.TER.ENRR,"School enrollment, tertiary, gross %",MMR,2012,13.7377004623413
World Bank WDI/WGI CSV download,SE.TER.ENRR,"School enrollment, tertiary, gross %",MMR,2018,20.3723297119141
World Bank WDI/WGI CSV download,SE.XPD.TOTL.GD.ZS,"Government expenditure on education, % of GDP",MMR,1995,1.20247995853424
World Bank WDI/WGI CSV download,SE.XPD.TOTL.GD.ZS,"Government expenditure on education, % of GDP",MMR,2011,0.787440001964569
World Bank WDI/WGI CSV download,SE.XPD.TOTL.GD.ZS,"Government expenditure on education, % of GDP",MMR,2017,2.16652989387512
World Bank WDI/WGI CSV download,SE.XPD.TOTL.GD.ZS,"Government expenditure on education, % of GDP",MMR,2018,1.99249005317688
World Bank WDI/WGI CSV download,SE.XPD.TOTL.GD.ZS,"Government expenditure on education, % of GDP",MMR,2019,1.99976003170013
World Bank WDI/WGI CSV download,SH.MED.BEDS.ZS,"Hospital beds, per 1,000 people",MMR,2003,0.7
World Bank WDI/WGI CSV download,SH.MED.BEDS.ZS,"Hospital beds, per 1,000 people",MMR,2004,0.71
World Bank WDI/WGI CSV download,SH.MED.BEDS.ZS,"Hospital beds, per 1,000 people",MMR,2005,0.72
World Bank WDI/WGI CSV download,SH.MED.BEDS.ZS,"Hospital beds, per 1,000 people",MMR,2006,0.72
World Bank WDI/WGI CSV download,SH.MED.BEDS.ZS,"Hospital beds, per 1,000 people",MMR,2007,0.74
World Bank WDI/WGI CSV download,SH.MED.BEDS.ZS,"Hospital beds, per 1,000 people",MMR,2008,0.77
World Bank WDI/WGI CSV download,SH.MED.BEDS.ZS,"Hospital beds, per 1,000 people",MMR,2009,0.78
World Bank WDI/WGI CSV download,SH.MED.BEDS.ZS,"Hospital beds, per 1,000 people",MMR,2010,0.87
World Bank WDI/WGI CSV download,SH.MED.BEDS.ZS,"Hospital beds, per 1,000 people",MMR,2011,0.88
World Bank WDI/WGI CSV download,SH.MED.BEDS.ZS,"Hospital beds, per 1,000 people",MMR,2012,0.89
World Bank WDI/WGI CSV download,SH.MED.BEDS.ZS,"Hospital beds, per 1,000 people",MMR,2013,0.91
World Bank WDI/WGI CSV download,SH.MED.BEDS.ZS,"Hospital beds, per 1,000 people",MMR,2014,0.94
World Bank WDI/WGI CSV download,SH.MED.BEDS.ZS,"Hospital beds, per 1,000 people",MMR,2015,1.07
World Bank WDI/WGI CSV download,SH.MED.BEDS.ZS,"Hospital beds, per 1,000 people",MMR,2016,1.07
World Bank WDI/WGI CSV download,SH.MED.BEDS.ZS,"Hospital beds, per 1,000 people",MMR,2017,1.06
World Bank WDI/WGI CSV download,SH.MED.BEDS.ZS,"Hospital beds, per 1,000 people",MMR,2018,1.06
World Bank WDI/WGI CSV download,SH.MED.BEDS.ZS,"Hospital beds, per 1,000 people",MMR,2019,1.05
World Bank WDI/WGI CSV download,SH.MED.BEDS.ZS,"Hospital beds, per 1,000 people",MMR,2020,1.07
World Bank WDI/WGI CSV download,SH.XPD.CHEX.GD.ZS,"Current health expenditure, % of GDP",MMR,2000,2.00781965
World Bank WDI/WGI CSV download,SH.XPD.CHEX.GD.ZS,"Current health expenditure, % of GDP",MMR,2001,2.16208982
World Bank WDI/WGI CSV download,SH.XPD.CHEX.GD.ZS,"Current health expenditure, % of GDP",MMR,2002,2.59446764
World Bank WDI/WGI CSV download,SH.XPD.CHEX.GD.ZS,"Current health expenditure, % of GDP",MMR,2003,2.3959713
World Bank WDI/WGI CSV download,SH.XPD.CHEX.GD.ZS,"Current health expenditure, % of GDP",MMR,2004,2.33253765
World Bank WDI/WGI CSV download,SH.XPD.CHEX.GD.ZS,"Current health expenditure, % of GDP",MMR,2005,2.3447094
World Bank WDI/WGI CSV download,SH.XPD.CHEX.GD.ZS,"Current health expenditure, % of GDP",MMR,2006,2.26559186
World Bank WDI/WGI CSV download,SH.XPD.CHEX.GD.ZS,"Current health expenditure, % of GDP",MMR,2007,2.03606868
World Bank WDI/WGI CSV download,SH.XPD.CHEX.GD.ZS,"Current health expenditure, % of GDP",MMR,2008,2.12175322
World Bank WDI/WGI CSV download,SH.XPD.CHEX.GD.ZS,"Current health expenditure, % of GDP",MMR,2009,2.17283702
World Bank WDI/WGI CSV download,SH.XPD.CHEX.GD.ZS,"Current health expenditure, % of GDP",MMR,2010,1.96793783
World Bank WDI/WGI CSV download,SH.XPD.CHEX.GD.ZS,"Current health expenditure, % of GDP",MMR,2011,1.95077813
World Bank WDI/WGI CSV download,SH.XPD.CHEX.GD.ZS,"Current health expenditure, % of GDP",MMR,2012,2.43605232
World Bank WDI/WGI CSV download,SH.XPD.CHEX.GD.ZS,"Current health expenditure, % of GDP",MMR,2013,3.11112022
World Bank WDI/WGI CSV download,SH.XPD.CHEX.GD.ZS,"Current health expenditure, % of GDP",MMR,2014,4.14940882
World Bank WDI/WGI CSV download,SH.XPD.CHEX.GD.ZS,"Current health expenditure, % of GDP",MMR,2015,5.19711542
World Bank WDI/WGI CSV download,SH.XPD.CHEX.GD.ZS,"Current health expenditure, % of GDP",MMR,2016,4.76220942
World Bank WDI/WGI CSV download,SH.XPD.CHEX.GD.ZS,"Current health expenditure, % of GDP",MMR,2017,4.6921258
World Bank WDI/WGI CSV download,SH.XPD.CHEX.GD.ZS,"Current health expenditure, % of GDP",MMR,2018,4.53514671
World Bank WDI/WGI CSV download,SH.XPD.CHEX.GD.ZS,"Current health expenditure, % of GDP",MMR,2019,3.814466
World Bank WDI/WGI CSV download,SH.XPD.CHEX.GD.ZS,"Current health expenditure, % of GDP",MMR,2020,4.27808714
World Bank WDI/WGI CSV download,SH.XPD.CHEX.GD.ZS,"Current health expenditure, % of GDP",MMR,2021,5.53530645
World Bank WDI/WGI CSV download,SH.XPD.CHEX.GD.ZS,"Current health expenditure, % of GDP",MMR,2022,4.49158478
World Bank WDI/WGI CSV download,SH.XPD.CHEX.GD.ZS,"Current health expenditure, % of GDP",MMR,2023,4.45748425
World Bank WDI/WGI CSV download,SH.XPD.CHEX.PC.CD,"Current health expenditure per capita, current US$",MMR,2000,4.47214985
World Bank WDI/WGI CSV download,SH.XPD.CHEX.PC.CD,"Current health expenditure per capita, current US$",MMR,2001,4.62700701
World Bank WDI/WGI CSV download,SH.XPD.CHEX.PC.CD,"Current health expenditure per capita, current US$",MMR,2002,7.0817728
World Bank WDI/WGI CSV download,SH.XPD.CHEX.PC.CD,"Current health expenditure per capita, current US$",MMR,2003,6.57480383
World Bank WDI/WGI CSV download,SH.XPD.CHEX.PC.CD,"Current health expenditure per capita, current US$",MMR,2004,7.01517916
World Bank WDI/WGI CSV download,SH.XPD.CHEX.PC.CD,"Current health expenditure per capita, current US$",MMR,2005,7.65254498
World Bank WDI/WGI CSV download,SH.XPD.CHEX.PC.CD,"Current health expenditure per capita, current US$",MMR,2006,8.47415161
World Bank WDI/WGI CSV download,SH.XPD.CHEX.PC.CD,"Current health expenditure per capita, current US$",MMR,2007,9.91384029
World Bank WDI/WGI CSV download,SH.XPD.CHEX.PC.CD,"Current health expenditure per capita, current US$",MMR,2008,14.70817947
World Bank WDI/WGI CSV download,SH.XPD.CHEX.PC.CD,"Current health expenditure per capita, current US$",MMR,2009,18.70313454
World Bank WDI/WGI CSV download,SH.XPD.CHEX.PC.CD,"Current health expenditure per capita, current US$",MMR,2010,20.23270416
World Bank WDI/WGI CSV download,SH.XPD.CHEX.PC.CD,"Current health expenditure per capita, current US$",MMR,2011,27.40522575
World Bank WDI/WGI CSV download,SH.XPD.CHEX.PC.CD,"Current health expenditure per capita, current US$",MMR,2012,37.25568008
World Bank WDI/WGI CSV download,SH.XPD.CHEX.PC.CD,"Current health expenditure per capita, current US$",MMR,2013,37.68575287
World Bank WDI/WGI CSV download,SH.XPD.CHEX.PC.CD,"Current health expenditure per capita, current US$",MMR,2014,54.28113556
World Bank WDI/WGI CSV download,SH.XPD.CHEX.PC.CD,"Current health expenditure per capita, current US$",MMR,2015,63.62335968
World Bank WDI/WGI CSV download,SH.XPD.CHEX.PC.CD,"Current health expenditure per capita, current US$",MMR,2016,59.67910385
World Bank WDI/WGI CSV download,SH.XPD.CHEX.PC.CD,"Current health expenditure per capita, current US$",MMR,2017,59.51782608
World Bank WDI/WGI CSV download,SH.XPD.CHEX.PC.CD,"Current health expenditure per capita, current US$",MMR,2018,60.83261871
World Bank WDI/WGI CSV download,SH.XPD.CHEX.PC.CD,"Current health expenditure per capita, current US$",MMR,2019,53.72147369
World Bank WDI/WGI CSV download,SH.XPD.CHEX.PC.CD,"Current health expenditure per capita, current US$",MMR,2020,66.02284241
World Bank WDI/WGI CSV download,SH.XPD.CHEX.PC.CD,"Current health expenditure per capita, current US$",MMR,2021,96.86240387
World Bank WDI/WGI CSV download,SH.XPD.CHEX.PC.CD,"Current health expenditure per capita, current US$",MMR,2022,57.96875763
World Bank WDI/WGI CSV download,SH.XPD.CHEX.PC.CD,"Current health expenditure per capita, current US$",MMR,2023,56.18909836
World Bank WDI/WGI CSV download,SL.AGR.EMPL.ZS,"Employment in agriculture, % of total employment",MMR,1995,66.7602834050358
World Bank WDI/WGI CSV download,SL.AGR.EMPL.ZS,"Employment in agriculture, % of total employment",MMR,1996,65.1613765149005
World Bank WDI/WGI CSV download,SL.AGR.EMPL.ZS,"Employment in agriculture, % of total employment",MMR,1997,63.3544853922575
World Bank WDI/WGI CSV download,SL.AGR.EMPL.ZS,"Employment in agriculture, % of total employment",MMR,1998,62.7597463622751
World Bank WDI/WGI CSV download,SL.AGR.EMPL.ZS,"Employment in agriculture, % of total employment",MMR,1999,61.9766252582532
World Bank WDI/WGI CSV download,SL.AGR.EMPL.ZS,"Employment in agriculture, % of total employment",MMR,2000,60.7270816196845
World Bank WDI/WGI CSV download,SL.AGR.EMPL.ZS,"Employment in agriculture, % of total employment",MMR,2001,59.9239418611121
World Bank WDI/WGI CSV download,SL.AGR.EMPL.ZS,"Employment in agriculture, % of total employment",MMR,2002,58.8806426324755
World Bank WDI/WGI CSV download,SL.AGR.EMPL.ZS,"Employment in agriculture, % of total employment",MMR,2003,57.4229185227897
World Bank WDI/WGI CSV download,SL.AGR.EMPL.ZS,"Employment in agriculture, % of total employment",MMR,2004,56.3494128422601
World Bank WDI/WGI CSV download,SL.AGR.EMPL.ZS,"Employment in agriculture, % of total employment",MMR,2005,55.2484429557704
World Bank WDI/WGI CSV download,SL.AGR.EMPL.ZS,"Employment in agriculture, % of total employment",MMR,2006,54.2739738946819
World Bank WDI/WGI CSV download,SL.AGR.EMPL.ZS,"Employment in agriculture, % of total employment",MMR,2007,53.479855323639
World Bank WDI/WGI CSV download,SL.AGR.EMPL.ZS,"Employment in agriculture, % of total employment",MMR,2008,52.75717622201
World Bank WDI/WGI CSV download,SL.AGR.EMPL.ZS,"Employment in agriculture, % of total employment",MMR,2009,52.1437485742485
World Bank WDI/WGI CSV download,SL.AGR.EMPL.ZS,"Employment in agriculture, % of total employment",MMR,2010,51.9488751807357
World Bank WDI/WGI CSV download,SL.AGR.EMPL.ZS,"Employment in agriculture, % of total employment",MMR,2011,52.2255247233107
World Bank WDI/WGI CSV download,SL.AGR.EMPL.ZS,"Employment in agriculture, % of total employment",MMR,2012,52.2790733479251
World Bank WDI/WGI CSV download,SL.AGR.EMPL.ZS,"Employment in agriculture, % of total employment",MMR,2013,52.1571358946131
World Bank WDI/WGI CSV download,SL.AGR.EMPL.ZS,"Employment in agriculture, % of total employment",MMR,2014,52.1713288544488
World Bank WDI/WGI CSV download,SL.AGR.EMPL.ZS,"Employment in agriculture, % of total employment",MMR,2015,51.6899994587835
World Bank WDI/WGI CSV download,SL.AGR.EMPL.ZS,"Employment in agriculture, % of total employment",MMR,2016,51.5439005791487
World Bank WDI/WGI CSV download,SL.AGR.EMPL.ZS,"Employment in agriculture, % of total employment",MMR,2017,51.3367756648574
World Bank WDI/WGI CSV download,SL.AGR.EMPL.ZS,"Employment in agriculture, % of total employment",MMR,2018,48.9375237522185
World Bank WDI/WGI CSV download,SL.AGR.EMPL.ZS,"Employment in agriculture, % of total employment",MMR,2019,49.7566078402761
World Bank WDI/WGI CSV download,SL.AGR.EMPL.ZS,"Employment in agriculture, % of total employment",MMR,2020,46.4675606772375
World Bank WDI/WGI CSV download,SL.AGR.EMPL.ZS,"Employment in agriculture, % of total employment",MMR,2021,46.5899395765067
World Bank WDI/WGI CSV download,SL.AGR.EMPL.ZS,"Employment in agriculture, % of total employment",MMR,2022,45.8193782127211
World Bank WDI/WGI CSV download,SL.AGR.EMPL.ZS,"Employment in agriculture, % of total employment",MMR,2023,45.2453969645892
World Bank WDI/WGI CSV download,SL.AGR.EMPL.ZS,"Employment in agriculture, % of total employment",MMR,2024,45.3568178680874
World Bank WDI/WGI CSV download,SL.AGR.EMPL.ZS,"Employment in agriculture, % of total employment",MMR,2025,44.9546145963458
World Bank WDI/WGI CSV download,SL.TLF.CACT.FE.ZS,"Female labor force participation rate, % ages 15+",MMR,1995,58.22
World Bank WDI/WGI CSV download,SL.TLF.CACT.FE.ZS,"Female labor force participation rate, % ages 15+",MMR,1996,57.914
World Bank WDI/WGI CSV download,SL.TLF.CACT.FE.ZS,"Female labor force participation rate, % ages 15+",MMR,1997,57.658
World Bank WDI/WGI CSV download,SL.TLF.CACT.FE.ZS,"Female labor force participation rate, % ages 15+",MMR,1998,57.393
World Bank WDI/WGI CSV download,SL.TLF.CACT.FE.ZS,"Female labor force participation rate, % ages 15+",MMR,1999,56.857
World Bank WDI/WGI CSV download,SL.TLF.CACT.FE.ZS,"Female labor force participation rate, % ages 15+",MMR,2000,56.2
World Bank WDI/WGI CSV download,SL.TLF.CACT.FE.ZS,"Female labor force participation rate, % ages 15+",MMR,2001,55.683
World Bank WDI/WGI CSV download,SL.TLF.CACT.FE.ZS,"Female labor force participation rate, % ages 15+",MMR,2002,55.154
World Bank WDI/WGI CSV download,SL.TLF.CACT.FE.ZS,"Female labor force participation rate, % ages 15+",MMR,2003,54.568
World Bank WDI/WGI CSV download,SL.TLF.CACT.FE.ZS,"Female labor force participation rate, % ages 15+",MMR,2004,54.022
World Bank WDI/WGI CSV download,SL.TLF.CACT.FE.ZS,"Female labor force participation rate, % ages 15+",MMR,2005,53.504
World Bank WDI/WGI CSV download,SL.TLF.CACT.FE.ZS,"Female labor force participation rate, % ages 15+",MMR,2006,53.031
World Bank WDI/WGI CSV download,SL.TLF.CACT.FE.ZS,"Female labor force participation rate, % ages 15+",MMR,2007,52.622
World Bank WDI/WGI CSV download,SL.TLF.CACT.FE.ZS,"Female labor force participation rate, % ages 15+",MMR,2008,52.281
World Bank WDI/WGI CSV download,SL.TLF.CACT.FE.ZS,"Female labor force participation rate, % ages 15+",MMR,2009,51.95
World Bank WDI/WGI CSV download,SL.TLF.CACT.FE.ZS,"Female labor force participation rate, % ages 15+",MMR,2010,51.675
World Bank WDI/WGI CSV download,SL.TLF.CACT.FE.ZS,"Female labor force participation rate, % ages 15+",MMR,2011,51.532
World Bank WDI/WGI CSV download,SL.TLF.CACT.FE.ZS,"Female labor force participation rate, % ages 15+",MMR,2012,51.346
World Bank WDI/WGI CSV download,SL.TLF.CACT.FE.ZS,"Female labor force participation rate, % ages 15+",MMR,2013,51.14
World Bank WDI/WGI CSV download,SL.TLF.CACT.FE.ZS,"Female labor force participation rate, % ages 15+",MMR,2014,50.951
World Bank WDI/WGI CSV download,SL.TLF.CACT.FE.ZS,"Female labor force participation rate, % ages 15+",MMR,2015,50.799
World Bank WDI/WGI CSV download,SL.TLF.CACT.FE.ZS,"Female labor force participation rate, % ages 15+",MMR,2016,49.229
World Bank WDI/WGI CSV download,SL.TLF.CACT.FE.ZS,"Female labor force participation rate, % ages 15+",MMR,2017,47.659
World Bank WDI/WGI CSV download,SL.TLF.CACT.FE.ZS,"Female labor force participation rate, % ages 15+",MMR,2018,48.438
World Bank WDI/WGI CSV download,SL.TLF.CACT.FE.ZS,"Female labor force participation rate, % ages 15+",MMR,2019,46.289
World Bank WDI/WGI CSV download,SL.TLF.CACT.FE.ZS,"Female labor force participation rate, % ages 15+",MMR,2020,44.726
World Bank WDI/WGI CSV download,SL.TLF.CACT.FE.ZS,"Female labor force participation rate, % ages 15+",MMR,2021,41.042
World Bank WDI/WGI CSV download,SL.TLF.CACT.FE.ZS,"Female labor force participation rate, % ages 15+",MMR,2022,41.071
World Bank WDI/WGI CSV download,SL.TLF.CACT.FE.ZS,"Female labor force participation rate, % ages 15+",MMR,2023,41.051
World Bank WDI/WGI CSV download,SL.TLF.CACT.FE.ZS,"Female labor force participation rate, % ages 15+",MMR,2024,40.959
World Bank WDI/WGI CSV download,SL.TLF.CACT.FE.ZS,"Female labor force participation rate, % ages 15+",MMR,2025,40.941
World Bank WDI/WGI CSV download,SL.TLF.CACT.ZS,"Labor force participation rate, total, % ages 15+",MMR,1995,67.901
World Bank WDI/WGI CSV download,SL.TLF.CACT.ZS,"Labor force participation rate, total, % ages 15+",MMR,1996,67.823
World Bank WDI/WGI CSV download,SL.TLF.CACT.ZS,"Labor force participation rate, total, % ages 15+",MMR,1997,67.756
World Bank WDI/WGI CSV download,SL.TLF.CACT.ZS,"Labor force participation rate, total, % ages 15+",MMR,1998,67.685
World Bank WDI/WGI CSV download,SL.TLF.CACT.ZS,"Labor force participation rate, total, % ages 15+",MMR,1999,67.535
World Bank WDI/WGI CSV download,SL.TLF.CACT.ZS,"Labor force participation rate, total, % ages 15+",MMR,2000,67.339
World Bank WDI/WGI CSV download,SL.TLF.CACT.ZS,"Labor force participation rate, total, % ages 15+",MMR,2001,67.174
World Bank WDI/WGI CSV download,SL.TLF.CACT.ZS,"Labor force participation rate, total, % ages 15+",MMR,2002,66.994
World Bank WDI/WGI CSV download,SL.TLF.CACT.ZS,"Labor force participation rate, total, % ages 15+",MMR,2003,66.781
World Bank WDI/WGI CSV download,SL.TLF.CACT.ZS,"Labor force participation rate, total, % ages 15+",MMR,2004,66.565
World Bank WDI/WGI CSV download,SL.TLF.CACT.ZS,"Labor force participation rate, total, % ages 15+",MMR,2005,66.343
World Bank WDI/WGI CSV download,SL.TLF.CACT.ZS,"Labor force participation rate, total, % ages 15+",MMR,2006,66.123
World Bank WDI/WGI CSV download,SL.TLF.CACT.ZS,"Labor force participation rate, total, % ages 15+",MMR,2007,65.916
World Bank WDI/WGI CSV download,SL.TLF.CACT.ZS,"Labor force participation rate, total, % ages 15+",MMR,2008,65.734
World Bank WDI/WGI CSV download,SL.TLF.CACT.ZS,"Labor force participation rate, total, % ages 15+",MMR,2009,65.543
World Bank WDI/WGI CSV download,SL.TLF.CACT.ZS,"Labor force participation rate, total, % ages 15+",MMR,2010,65.37
World Bank WDI/WGI CSV download,SL.TLF.CACT.ZS,"Labor force participation rate, total, % ages 15+",MMR,2011,65.274
World Bank WDI/WGI CSV download,SL.TLF.CACT.ZS,"Labor force participation rate, total, % ages 15+",MMR,2012,65.144
World Bank WDI/WGI CSV download,SL.TLF.CACT.ZS,"Labor force participation rate, total, % ages 15+",MMR,2013,64.991
World Bank WDI/WGI CSV download,SL.TLF.CACT.ZS,"Labor force participation rate, total, % ages 15+",MMR,2014,64.84
World Bank WDI/WGI CSV download,SL.TLF.CACT.ZS,"Labor force participation rate, total, % ages 15+",MMR,2015,64.711
World Bank WDI/WGI CSV download,SL.TLF.CACT.ZS,"Labor force participation rate, total, % ages 15+",MMR,2016,63.378
World Bank WDI/WGI CSV download,SL.TLF.CACT.ZS,"Labor force participation rate, total, % ages 15+",MMR,2017,62.023
World Bank WDI/WGI CSV download,SL.TLF.CACT.ZS,"Labor force participation rate, total, % ages 15+",MMR,2018,62.361
World Bank WDI/WGI CSV download,SL.TLF.CACT.ZS,"Labor force participation rate, total, % ages 15+",MMR,2019,60.502
World Bank WDI/WGI CSV download,SL.TLF.CACT.ZS,"Labor force participation rate, total, % ages 15+",MMR,2020,60.151
World Bank WDI/WGI CSV download,SL.TLF.CACT.ZS,"Labor force participation rate, total, % ages 15+",MMR,2021,55.191
World Bank WDI/WGI CSV download,SL.TLF.CACT.ZS,"Labor force participation rate, total, % ages 15+",MMR,2022,55.218
World Bank WDI/WGI CSV download,SL.TLF.CACT.ZS,"Labor force participation rate, total, % ages 15+",MMR,2023,55.192
World Bank WDI/WGI CSV download,SL.TLF.CACT.ZS,"Labor force participation rate, total, % ages 15+",MMR,2024,55.129
World Bank WDI/WGI CSV download,SL.TLF.CACT.ZS,"Labor force participation rate, total, % ages 15+",MMR,2025,55.088
World Bank WDI/WGI CSV download,SL.UEM.1524.ZS,"Youth unemployment, % ages 15-24",MMR,1995,1.334
World Bank WDI/WGI CSV download,SL.UEM.1524.ZS,"Youth unemployment, % ages 15-24",MMR,1996,1.341
World Bank WDI/WGI CSV download,SL.UEM.1524.ZS,"Youth unemployment, % ages 15-24",MMR,1997,1.356
World Bank WDI/WGI CSV download,SL.UEM.1524.ZS,"Youth unemployment, % ages 15-24",MMR,1998,1.368
World Bank WDI/WGI CSV download,SL.UEM.1524.ZS,"Youth unemployment, % ages 15-24",MMR,1999,1.36
World Bank WDI/WGI CSV download,SL.UEM.1524.ZS,"Youth unemployment, % ages 15-24",MMR,2000,1.337
World Bank WDI/WGI CSV download,SL.UEM.1524.ZS,"Youth unemployment, % ages 15-24",MMR,2001,1.324
World Bank WDI/WGI CSV download,SL.UEM.1524.ZS,"Youth unemployment, % ages 15-24",MMR,2002,1.333
World Bank WDI/WGI CSV download,SL.UEM.1524.ZS,"Youth unemployment, % ages 15-24",MMR,2003,1.35
World Bank WDI/WGI CSV download,SL.UEM.1524.ZS,"Youth unemployment, % ages 15-24",MMR,2004,1.357
World Bank WDI/WGI CSV download,SL.UEM.1524.ZS,"Youth unemployment, % ages 15-24",MMR,2005,1.368
World Bank WDI/WGI CSV download,SL.UEM.1524.ZS,"Youth unemployment, % ages 15-24",MMR,2006,1.39
World Bank WDI/WGI CSV download,SL.UEM.1524.ZS,"Youth unemployment, % ages 15-24",MMR,2007,1.416
World Bank WDI/WGI CSV download,SL.UEM.1524.ZS,"Youth unemployment, % ages 15-24",MMR,2008,1.449
World Bank WDI/WGI CSV download,SL.UEM.1524.ZS,"Youth unemployment, % ages 15-24",MMR,2009,1.478
World Bank WDI/WGI CSV download,SL.UEM.1524.ZS,"Youth unemployment, % ages 15-24",MMR,2010,1.504
World Bank WDI/WGI CSV download,SL.UEM.1524.ZS,"Youth unemployment, % ages 15-24",MMR,2011,1.533
World Bank WDI/WGI CSV download,SL.UEM.1524.ZS,"Youth unemployment, % ages 15-24",MMR,2012,1.555
World Bank WDI/WGI CSV download,SL.UEM.1524.ZS,"Youth unemployment, % ages 15-24",MMR,2013,1.57
World Bank WDI/WGI CSV download,SL.UEM.1524.ZS,"Youth unemployment, % ages 15-24",MMR,2014,1.575
World Bank WDI/WGI CSV download,SL.UEM.1524.ZS,"Youth unemployment, % ages 15-24",MMR,2015,1.588
World Bank WDI/WGI CSV download,SL.UEM.1524.ZS,"Youth unemployment, % ages 15-24",MMR,2016,2.551
World Bank WDI/WGI CSV download,SL.UEM.1524.ZS,"Youth unemployment, % ages 15-24",MMR,2017,3.586
World Bank WDI/WGI CSV download,SL.UEM.1524.ZS,"Youth unemployment, % ages 15-24",MMR,2018,1.843
World Bank WDI/WGI CSV download,SL.UEM.1524.ZS,"Youth unemployment, % ages 15-24",MMR,2019,1.313
World Bank WDI/WGI CSV download,SL.UEM.1524.ZS,"Youth unemployment, % ages 15-24",MMR,2020,4.955
World Bank WDI/WGI CSV download,SL.UEM.1524.ZS,"Youth unemployment, % ages 15-24",MMR,2021,12.818
World Bank WDI/WGI CSV download,SL.UEM.1524.ZS,"Youth unemployment, % ages 15-24",MMR,2022,10.148
World Bank WDI/WGI CSV download,SL.UEM.1524.ZS,"Youth unemployment, % ages 15-24",MMR,2023,10.069
World Bank WDI/WGI CSV download,SL.UEM.1524.ZS,"Youth unemployment, % ages 15-24",MMR,2024,9.967
World Bank WDI/WGI CSV download,SL.UEM.1524.ZS,"Youth unemployment, % ages 15-24",MMR,2025,9.806
World Bank WDI/WGI CSV download,SL.UEM.TOTL.ZS,"Unemployment, total, % of labor force",MMR,1995,0.754
World Bank WDI/WGI CSV download,SL.UEM.TOTL.ZS,"Unemployment, total, % of labor force",MMR,1996,0.753
World Bank WDI/WGI CSV download,SL.UEM.TOTL.ZS,"Unemployment, total, % of labor force",MMR,1997,0.764
World Bank WDI/WGI CSV download,SL.UEM.TOTL.ZS,"Unemployment, total, % of labor force",MMR,1998,0.772
World Bank WDI/WGI CSV download,SL.UEM.TOTL.ZS,"Unemployment, total, % of labor force",MMR,1999,0.75
World Bank WDI/WGI CSV download,SL.UEM.TOTL.ZS,"Unemployment, total, % of labor force",MMR,2000,0.712
World Bank WDI/WGI CSV download,SL.UEM.TOTL.ZS,"Unemployment, total, % of labor force",MMR,2001,0.689
World Bank WDI/WGI CSV download,SL.UEM.TOTL.ZS,"Unemployment, total, % of labor force",MMR,2002,0.685
World Bank WDI/WGI CSV download,SL.UEM.TOTL.ZS,"Unemployment, total, % of labor force",MMR,2003,0.686
World Bank WDI/WGI CSV download,SL.UEM.TOTL.ZS,"Unemployment, total, % of labor force",MMR,2004,0.677
World Bank WDI/WGI CSV download,SL.UEM.TOTL.ZS,"Unemployment, total, % of labor force",MMR,2005,0.672
World Bank WDI/WGI CSV download,SL.UEM.TOTL.ZS,"Unemployment, total, % of labor force",MMR,2006,0.676
World Bank WDI/WGI CSV download,SL.UEM.TOTL.ZS,"Unemployment, total, % of labor force",MMR,2007,0.684
World Bank WDI/WGI CSV download,SL.UEM.TOTL.ZS,"Unemployment, total, % of labor force",MMR,2008,0.7
World Bank WDI/WGI CSV download,SL.UEM.TOTL.ZS,"Unemployment, total, % of labor force",MMR,2009,0.712
World Bank WDI/WGI CSV download,SL.UEM.TOTL.ZS,"Unemployment, total, % of labor force",MMR,2010,0.725
World Bank WDI/WGI CSV download,SL.UEM.TOTL.ZS,"Unemployment, total, % of labor force",MMR,2011,0.749
World Bank WDI/WGI CSV download,SL.UEM.TOTL.ZS,"Unemployment, total, % of labor force",MMR,2012,0.768
World Bank WDI/WGI CSV download,SL.UEM.TOTL.ZS,"Unemployment, total, % of labor force",MMR,2013,0.775
World Bank WDI/WGI CSV download,SL.UEM.TOTL.ZS,"Unemployment, total, % of labor force",MMR,2014,0.763
World Bank WDI/WGI CSV download,SL.UEM.TOTL.ZS,"Unemployment, total, % of labor force",MMR,2015,0.766
World Bank WDI/WGI CSV download,SL.UEM.TOTL.ZS,"Unemployment, total, % of labor force",MMR,2016,1.058
World Bank WDI/WGI CSV download,SL.UEM.TOTL.ZS,"Unemployment, total, % of labor force",MMR,2017,1.356
World Bank WDI/WGI CSV download,SL.UEM.TOTL.ZS,"Unemployment, total, % of labor force",MMR,2018,0.767
World Bank WDI/WGI CSV download,SL.UEM.TOTL.ZS,"Unemployment, total, % of labor force",MMR,2019,0.407
World Bank WDI/WGI CSV download,SL.UEM.TOTL.ZS,"Unemployment, total, % of labor force",MMR,2020,1.476
World Bank WDI/WGI CSV download,SL.UEM.TOTL.ZS,"Unemployment, total, % of labor force",MMR,2021,4.34
World Bank WDI/WGI CSV download,SL.UEM.TOTL.ZS,"Unemployment, total, % of labor force",MMR,2022,3.063
World Bank WDI/WGI CSV download,SL.UEM.TOTL.ZS,"Unemployment, total, % of labor force",MMR,2023,2.977
World Bank WDI/WGI CSV download,SL.UEM.TOTL.ZS,"Unemployment, total, % of labor force",MMR,2024,2.887
World Bank WDI/WGI CSV download,SL.UEM.TOTL.ZS,"Unemployment, total, % of labor force",MMR,2025,3.047
World Bank WDI/WGI CSV download,SP.DYN.IMRT.IN,"Infant mortality rate, per 1,000 live births",MMR,1995,82.3
World Bank WDI/WGI CSV download,SP.DYN.IMRT.IN,"Infant mortality rate, per 1,000 live births",MMR,1996,80.6
World Bank WDI/WGI CSV download,SP.DYN.IMRT.IN,"Infant mortality rate, per 1,000 live births",MMR,1997,78.9
World Bank WDI/WGI CSV download,SP.DYN.IMRT.IN,"Infant mortality rate, per 1,000 live births",MMR,1998,77.2
World Bank WDI/WGI CSV download,SP.DYN.IMRT.IN,"Infant mortality rate, per 1,000 live births",MMR,1999,75.6
World Bank WDI/WGI CSV download,SP.DYN.IMRT.IN,"Infant mortality rate, per 1,000 live births",MMR,2000,73.9
World Bank WDI/WGI CSV download,SP.DYN.IMRT.IN,"Infant mortality rate, per 1,000 live births",MMR,2001,72.2
World Bank WDI/WGI CSV download,SP.DYN.IMRT.IN,"Infant mortality rate, per 1,000 live births",MMR,2002,70.5
World Bank WDI/WGI CSV download,SP.DYN.IMRT.IN,"Infant mortality rate, per 1,000 live births",MMR,2003,68.7
World Bank WDI/WGI CSV download,SP.DYN.IMRT.IN,"Infant mortality rate, per 1,000 live births",MMR,2004,66.8
World Bank WDI/WGI CSV download,SP.DYN.IMRT.IN,"Infant mortality rate, per 1,000 live births",MMR,2005,64.7
World Bank WDI/WGI CSV download,SP.DYN.IMRT.IN,"Infant mortality rate, per 1,000 live births",MMR,2006,62.6
World Bank WDI/WGI CSV download,SP.DYN.IMRT.IN,"Infant mortality rate, per 1,000 live births",MMR,2007,60.5
World Bank WDI/WGI CSV download,SP.DYN.IMRT.IN,"Infant mortality rate, per 1,000 live births",MMR,2008,71.0
World Bank WDI/WGI CSV download,SP.DYN.IMRT.IN,"Infant mortality rate, per 1,000 live births",MMR,2009,56.0
World Bank WDI/WGI CSV download,SP.DYN.IMRT.IN,"Infant mortality rate, per 1,000 live births",MMR,2010,53.8
World Bank WDI/WGI CSV download,SP.DYN.IMRT.IN,"Infant mortality rate, per 1,000 live births",MMR,2011,51.7
World Bank WDI/WGI CSV download,SP.DYN.IMRT.IN,"Infant mortality rate, per 1,000 live births",MMR,2012,49.5
World Bank WDI/WGI CSV download,SP.DYN.IMRT.IN,"Infant mortality rate, per 1,000 live births",MMR,2013,47.5
World Bank WDI/WGI CSV download,SP.DYN.IMRT.IN,"Infant mortality rate, per 1,000 live births",MMR,2014,45.8
World Bank WDI/WGI CSV download,SP.DYN.IMRT.IN,"Infant mortality rate, per 1,000 live births",MMR,2015,44.1
World Bank WDI/WGI CSV download,SP.DYN.IMRT.IN,"Infant mortality rate, per 1,000 live births",MMR,2016,42.6
World Bank WDI/WGI CSV download,SP.DYN.IMRT.IN,"Infant mortality rate, per 1,000 live births",MMR,2017,41.1
World Bank WDI/WGI CSV download,SP.DYN.IMRT.IN,"Infant mortality rate, per 1,000 live births",MMR,2018,39.8
World Bank WDI/WGI CSV download,SP.DYN.IMRT.IN,"Infant mortality rate, per 1,000 live births",MMR,2019,38.4
World Bank WDI/WGI CSV download,SP.DYN.IMRT.IN,"Infant mortality rate, per 1,000 live births",MMR,2020,37.2
World Bank WDI/WGI CSV download,SP.DYN.IMRT.IN,"Infant mortality rate, per 1,000 live births",MMR,2021,36.0
World Bank WDI/WGI CSV download,SP.DYN.IMRT.IN,"Infant mortality rate, per 1,000 live births",MMR,2022,34.9
World Bank WDI/WGI CSV download,SP.DYN.IMRT.IN,"Infant mortality rate, per 1,000 live births",MMR,2023,33.8
World Bank WDI/WGI CSV download,SP.DYN.IMRT.IN,"Infant mortality rate, per 1,000 live births",MMR,2024,32.8
World Bank WDI/WGI CSV download,SP.DYN.LE00.IN,"Life expectancy at birth, years",MMR,1995,58.671
World Bank WDI/WGI CSV download,SP.DYN.LE00.IN,"Life expectancy at birth, years",MMR,1996,59.169
World Bank WDI/WGI CSV download,SP.DYN.LE00.IN,"Life expectancy at birth, years",MMR,1997,59.523
World Bank WDI/WGI CSV download,SP.DYN.LE00.IN,"Life expectancy at birth, years",MMR,1998,59.896
World Bank WDI/WGI CSV download,SP.DYN.LE00.IN,"Life expectancy at birth, years",MMR,1999,60.107
World Bank WDI/WGI CSV download,SP.DYN.LE00.IN,"Life expectancy at birth, years",MMR,2000,60.357
World Bank WDI/WGI CSV download,SP.DYN.LE00.IN,"Life expectancy at birth, years",MMR,2001,60.64
World Bank WDI/WGI CSV download,SP.DYN.LE00.IN,"Life expectancy at birth, years",MMR,2002,60.925
World Bank WDI/WGI CSV download,SP.DYN.LE00.IN,"Life expectancy at birth, years",MMR,2003,61.196
World Bank WDI/WGI CSV download,SP.DYN.LE00.IN,"Life expectancy at birth, years",MMR,2004,61.443
World Bank WDI/WGI CSV download,SP.DYN.LE00.IN,"Life expectancy at birth, years",MMR,2005,61.72
World Bank WDI/WGI CSV download,SP.DYN.LE00.IN,"Life expectancy at birth, years",MMR,2006,62.026
World Bank WDI/WGI CSV download,SP.DYN.LE00.IN,"Life expectancy at birth, years",MMR,2007,62.367
World Bank WDI/WGI CSV download,SP.DYN.LE00.IN,"Life expectancy at birth, years",MMR,2008,56.364
World Bank WDI/WGI CSV download,SP.DYN.LE00.IN,"Life expectancy at birth, years",MMR,2009,63.095
World Bank WDI/WGI CSV download,SP.DYN.LE00.IN,"Life expectancy at birth, years",MMR,2010,63.479
World Bank WDI/WGI CSV download,SP.DYN.LE00.IN,"Life expectancy at birth, years",MMR,2011,63.859
World Bank WDI/WGI CSV download,SP.DYN.LE00.IN,"Life expectancy at birth, years",MMR,2012,64.251
World Bank WDI/WGI CSV download,SP.DYN.LE00.IN,"Life expectancy at birth, years",MMR,2013,64.617
World Bank WDI/WGI CSV download,SP.DYN.LE00.IN,"Life expectancy at birth, years",MMR,2014,64.994
World Bank WDI/WGI CSV download,SP.DYN.LE00.IN,"Life expectancy at birth, years",MMR,2015,65.288
World Bank WDI/WGI CSV download,SP.DYN.LE00.IN,"Life expectancy at birth, years",MMR,2016,65.64
World Bank WDI/WGI CSV download,SP.DYN.LE00.IN,"Life expectancy at birth, years",MMR,2017,65.909
World Bank WDI/WGI CSV download,SP.DYN.LE00.IN,"Life expectancy at birth, years",MMR,2018,66.232
World Bank WDI/WGI CSV download,SP.DYN.LE00.IN,"Life expectancy at birth, years",MMR,2019,66.457
World Bank WDI/WGI CSV download,SP.DYN.LE00.IN,"Life expectancy at birth, years",MMR,2020,66.612
World Bank WDI/WGI CSV download,SP.DYN.LE00.IN,"Life expectancy at birth, years",MMR,2021,65.553
World Bank WDI/WGI CSV download,SP.DYN.LE00.IN,"Life expectancy at birth, years",MMR,2022,66.506
World Bank WDI/WGI CSV download,SP.DYN.LE00.IN,"Life expectancy at birth, years",MMR,2023,66.889
World Bank WDI/WGI CSV download,SP.DYN.LE00.IN,"Life expectancy at birth, years",MMR,2024,67.095
World Bank WDI/WGI CSV download,SP.POP.0014.TO.ZS,"Population ages 0-14, % of total",MMR,1995,34.2357656479074
World Bank WDI/WGI CSV download,SP.POP.0014.TO.ZS,"Population ages 0-14, % of total",MMR,1996,33.8029714382111
World Bank WDI/WGI CSV download,SP.POP.0014.TO.ZS,"Population ages 0-14, % of total",MMR,1997,33.3370126078507
World Bank WDI/WGI CSV download,SP.POP.0014.TO.ZS,"Population ages 0-14, % of total",MMR,1998,32.8258667668524
World Bank WDI/WGI CSV download,SP.POP.0014.TO.ZS,"Population ages 0-14, % of total",MMR,1999,32.2961733889402
World Bank WDI/WGI CSV download,SP.POP.0014.TO.ZS,"Population ages 0-14, % of total",MMR,2000,31.7967047686308
World Bank WDI/WGI CSV download,SP.POP.0014.TO.ZS,"Population ages 0-14, % of total",MMR,2001,31.3660069871323
World Bank WDI/WGI CSV download,SP.POP.0014.TO.ZS,"Population ages 0-14, % of total",MMR,2002,31.0127141092249
World Bank WDI/WGI CSV download,SP.POP.0014.TO.ZS,"Population ages 0-14, % of total",MMR,2003,30.7099967650721
World Bank WDI/WGI CSV download,SP.POP.0014.TO.ZS,"Population ages 0-14, % of total",MMR,2004,30.4029077877482
World Bank WDI/WGI CSV download,SP.POP.0014.TO.ZS,"Population ages 0-14, % of total",MMR,2005,30.0707781560347
World Bank WDI/WGI CSV download,SP.POP.0014.TO.ZS,"Population ages 0-14, % of total",MMR,2006,29.7249790157025
World Bank WDI/WGI CSV download,SP.POP.0014.TO.ZS,"Population ages 0-14, % of total",MMR,2007,29.3745077796606
World Bank WDI/WGI CSV download,SP.POP.0014.TO.ZS,"Population ages 0-14, % of total",MMR,2008,28.9959029086803
World Bank WDI/WGI CSV download,SP.POP.0014.TO.ZS,"Population ages 0-14, % of total",MMR,2009,28.6103384269351
World Bank WDI/WGI CSV download,SP.POP.0014.TO.ZS,"Population ages 0-14, % of total",MMR,2010,28.2447976600705
World Bank WDI/WGI CSV download,SP.POP.0014.TO.ZS,"Population ages 0-14, % of total",MMR,2011,27.8730729897438
World Bank WDI/WGI CSV download,SP.POP.0014.TO.ZS,"Population ages 0-14, % of total",MMR,2012,27.5018186124546
World Bank WDI/WGI CSV download,SP.POP.0014.TO.ZS,"Population ages 0-14, % of total",MMR,2013,27.145420036734
World Bank WDI/WGI CSV download,SP.POP.0014.TO.ZS,"Population ages 0-14, % of total",MMR,2014,26.8121872985803
World Bank WDI/WGI CSV download,SP.POP.0014.TO.ZS,"Population ages 0-14, % of total",MMR,2015,26.5026567187174
World Bank WDI/WGI CSV download,SP.POP.0014.TO.ZS,"Population ages 0-14, % of total",MMR,2016,26.2057454277344
World Bank WDI/WGI CSV download,SP.POP.0014.TO.ZS,"Population ages 0-14, % of total",MMR,2017,25.9085442977117
World Bank WDI/WGI CSV download,SP.POP.0014.TO.ZS,"Population ages 0-14, % of total",MMR,2018,25.6259533440944
World Bank WDI/WGI CSV download,SP.POP.0014.TO.ZS,"Population ages 0-14, % of total",MMR,2019,25.3740911526027
World Bank WDI/WGI CSV download,SP.POP.0014.TO.ZS,"Population ages 0-14, % of total",MMR,2020,25.145748198512
World Bank WDI/WGI CSV download,SP.POP.0014.TO.ZS,"Population ages 0-14, % of total",MMR,2021,24.9363048400717
World Bank WDI/WGI CSV download,SP.POP.0014.TO.ZS,"Population ages 0-14, % of total",MMR,2022,24.7280913131202
World Bank WDI/WGI CSV download,SP.POP.0014.TO.ZS,"Population ages 0-14, % of total",MMR,2023,24.5157260581987
World Bank WDI/WGI CSV download,SP.POP.0014.TO.ZS,"Population ages 0-14, % of total",MMR,2024,24.3005300670048
World Bank WDI/WGI CSV download,SP.POP.1564.TO.ZS,"Population ages 15-64, % of total",MMR,1995,61.0146017503089
World Bank WDI/WGI CSV download,SP.POP.1564.TO.ZS,"Population ages 15-64, % of total",MMR,1996,61.3923808349743
World Bank WDI/WGI CSV download,SP.POP.1564.TO.ZS,"Population ages 15-64, % of total",MMR,1997,61.8027851051864
World Bank WDI/WGI CSV download,SP.POP.1564.TO.ZS,"Population ages 15-64, % of total",MMR,1998,62.2605544549019
World Bank WDI/WGI CSV download,SP.POP.1564.TO.ZS,"Population ages 15-64, % of total",MMR,1999,62.742730575012
World Bank WDI/WGI CSV download,SP.POP.1564.TO.ZS,"Population ages 15-64, % of total",MMR,2000,63.2024342405123
World Bank WDI/WGI CSV download,SP.POP.1564.TO.ZS,"Population ages 15-64, % of total",MMR,2001,63.5989882576331
World Bank WDI/WGI CSV download,SP.POP.1564.TO.ZS,"Population ages 15-64, % of total",MMR,2002,63.9221298851269
World Bank WDI/WGI CSV download,SP.POP.1564.TO.ZS,"Population ages 15-64, % of total",MMR,2003,64.1982183564657
World Bank WDI/WGI CSV download,SP.POP.1564.TO.ZS,"Population ages 15-64, % of total",MMR,2004,64.4825760008932
World Bank WDI/WGI CSV download,SP.POP.1564.TO.ZS,"Population ages 15-64, % of total",MMR,2005,64.7949860835212
World Bank WDI/WGI CSV download,SP.POP.1564.TO.ZS,"Population ages 15-64, % of total",MMR,2006,65.1224186651098
World Bank WDI/WGI CSV download,SP.POP.1564.TO.ZS,"Population ages 15-64, % of total",MMR,2007,65.454090087774
World Bank WDI/WGI CSV download,SP.POP.1564.TO.ZS,"Population ages 15-64, % of total",MMR,2008,65.8184247381684
World Bank WDI/WGI CSV download,SP.POP.1564.TO.ZS,"Population ages 15-64, % of total",MMR,2009,66.1825672462317
World Bank WDI/WGI CSV download,SP.POP.1564.TO.ZS,"Population ages 15-64, % of total",MMR,2010,66.5104681992728
World Bank WDI/WGI CSV download,SP.POP.1564.TO.ZS,"Population ages 15-64, % of total",MMR,2011,66.8368460265537
World Bank WDI/WGI CSV download,SP.POP.1564.TO.ZS,"Population ages 15-64, % of total",MMR,2012,67.1575927064962
World Bank WDI/WGI CSV download,SP.POP.1564.TO.ZS,"Population ages 15-64, % of total",MMR,2013,67.4581949830249
World Bank WDI/WGI CSV download,SP.POP.1564.TO.ZS,"Population ages 15-64, % of total",MMR,2014,67.6970652494853
World Bank WDI/WGI CSV download,SP.POP.1564.TO.ZS,"Population ages 15-64, % of total",MMR,2015,67.8674858258047
World Bank WDI/WGI CSV download,SP.POP.1564.TO.ZS,"Population ages 15-64, % of total",MMR,2016,68.0094410220225
World Bank WDI/WGI CSV download,SP.POP.1564.TO.ZS,"Population ages 15-64, % of total",MMR,2017,68.1401536697086
World Bank WDI/WGI CSV download,SP.POP.1564.TO.ZS,"Population ages 15-64, % of total",MMR,2018,68.2443282784871
World Bank WDI/WGI CSV download,SP.POP.1564.TO.ZS,"Population ages 15-64, % of total",MMR,2019,68.3076557112743
World Bank WDI/WGI CSV download,SP.POP.1564.TO.ZS,"Population ages 15-64, % of total",MMR,2020,68.3464361199178
World Bank WDI/WGI CSV download,SP.POP.1564.TO.ZS,"Population ages 15-64, % of total",MMR,2021,68.3772458748557
World Bank WDI/WGI CSV download,SP.POP.1564.TO.ZS,"Population ages 15-64, % of total",MMR,2022,68.3947473609728
World Bank WDI/WGI CSV download,SP.POP.1564.TO.ZS,"Population ages 15-64, % of total",MMR,2023,68.3951241366357
World Bank WDI/WGI CSV download,SP.POP.1564.TO.ZS,"Population ages 15-64, % of total",MMR,2024,68.3950435972666
World Bank WDI/WGI CSV download,SP.POP.65UP.TO.ZS,"Population ages 65+, % of total",MMR,1995,4.74963260178376
World Bank WDI/WGI CSV download,SP.POP.65UP.TO.ZS,"Population ages 65+, % of total",MMR,1996,4.80464772681455
World Bank WDI/WGI CSV download,SP.POP.65UP.TO.ZS,"Population ages 65+, % of total",MMR,1997,4.86020228696291
World Bank WDI/WGI CSV download,SP.POP.65UP.TO.ZS,"Population ages 65+, % of total",MMR,1998,4.91357877824566
World Bank WDI/WGI CSV download,SP.POP.65UP.TO.ZS,"Population ages 65+, % of total",MMR,1999,4.96109603604773
World Bank WDI/WGI CSV download,SP.POP.65UP.TO.ZS,"Population ages 65+, % of total",MMR,2000,5.00086099085685
World Bank WDI/WGI CSV download,SP.POP.65UP.TO.ZS,"Population ages 65+, % of total",MMR,2001,5.03500475523457
World Bank WDI/WGI CSV download,SP.POP.65UP.TO.ZS,"Population ages 65+, % of total",MMR,2002,5.06515600564822
World Bank WDI/WGI CSV download,SP.POP.65UP.TO.ZS,"Population ages 65+, % of total",MMR,2003,5.09178487846221
World Bank WDI/WGI CSV download,SP.POP.65UP.TO.ZS,"Population ages 65+, % of total",MMR,2004,5.1145162113586
World Bank WDI/WGI CSV download,SP.POP.65UP.TO.ZS,"Population ages 65+, % of total",MMR,2005,5.13423576044411
World Bank WDI/WGI CSV download,SP.POP.65UP.TO.ZS,"Population ages 65+, % of total",MMR,2006,5.15260231918773
World Bank WDI/WGI CSV download,SP.POP.65UP.TO.ZS,"Population ages 65+, % of total",MMR,2007,5.17140213256537
World Bank WDI/WGI CSV download,SP.POP.65UP.TO.ZS,"Population ages 65+, % of total",MMR,2008,5.18567235315122
World Bank WDI/WGI CSV download,SP.POP.65UP.TO.ZS,"Population ages 65+, % of total",MMR,2009,5.20709432683321
World Bank WDI/WGI CSV download,SP.POP.65UP.TO.ZS,"Population ages 65+, % of total",MMR,2010,5.24473414065679
World Bank WDI/WGI CSV download,SP.POP.65UP.TO.ZS,"Population ages 65+, % of total",MMR,2011,5.29008098370249
World Bank WDI/WGI CSV download,SP.POP.65UP.TO.ZS,"Population ages 65+, % of total",MMR,2012,5.34058868104918
World Bank WDI/WGI CSV download,SP.POP.65UP.TO.ZS,"Population ages 65+, % of total",MMR,2013,5.39638498024105
World Bank WDI/WGI CSV download,SP.POP.65UP.TO.ZS,"Population ages 65+, % of total",MMR,2014,5.49074745193444
World Bank WDI/WGI CSV download,SP.POP.65UP.TO.ZS,"Population ages 65+, % of total",MMR,2015,5.62985745547791
World Bank WDI/WGI CSV download,SP.POP.65UP.TO.ZS,"Population ages 65+, % of total",MMR,2016,5.78481355024311
World Bank WDI/WGI CSV download,SP.POP.65UP.TO.ZS,"Population ages 65+, % of total",MMR,2017,5.95130203257975
World Bank WDI/WGI CSV download,SP.POP.65UP.TO.ZS,"Population ages 65+, % of total",MMR,2018,6.1297183774185
World Bank WDI/WGI CSV download,SP.POP.65UP.TO.ZS,"Population ages 65+, % of total",MMR,2019,6.31825313612298
World Bank WDI/WGI CSV download,SP.POP.65UP.TO.ZS,"Population ages 65+, % of total",MMR,2020,6.50781568157013
World Bank WDI/WGI CSV download,SP.POP.65UP.TO.ZS,"Population ages 65+, % of total",MMR,2021,6.68644928507264
World Bank WDI/WGI CSV download,SP.POP.65UP.TO.ZS,"Population ages 65+, % of total",MMR,2022,6.87716132590698
World Bank WDI/WGI CSV download,SP.POP.65UP.TO.ZS,"Population ages 65+, % of total",MMR,2023,7.08914980516562
World Bank WDI/WGI CSV download,SP.POP.65UP.TO.ZS,"Population ages 65+, % of total",MMR,2024,7.3044263357285
World Bank WDI/WGI CSV download,SP.POP.TOTL,"Population, total",MMR,1995,42605338.0
World Bank WDI/WGI CSV download,SP.POP.TOTL,"Population, total",MMR,1996,43154860.0
World Bank WDI/WGI CSV download,SP.POP.TOTL,"Population, total",MMR,1997,43708798.0
World Bank WDI/WGI CSV download,SP.POP.TOTL,"Population, total",MMR,1998,44257793.0
World Bank WDI/WGI CSV download,SP.POP.TOTL,"Population, total",MMR,1999,44787724.0
World Bank WDI/WGI CSV download,SP.POP.TOTL,"Population, total",MMR,2000,45290841.0
World Bank WDI/WGI CSV download,SP.POP.TOTL,"Population, total",MMR,2001,45771139.0
World Bank WDI/WGI CSV download,SP.POP.TOTL,"Population, total",MMR,2002,46232653.0
World Bank WDI/WGI CSV download,SP.POP.TOTL,"Population, total",MMR,2003,46667192.0
World Bank WDI/WGI CSV download,SP.POP.TOTL,"Population, total",MMR,2004,47068772.0
World Bank WDI/WGI CSV download,SP.POP.TOTL,"Population, total",MMR,2005,47438365.0
World Bank WDI/WGI CSV download,SP.POP.TOTL,"Population, total",MMR,2006,47785135.0
World Bank WDI/WGI CSV download,SP.POP.TOTL,"Population, total",MMR,2007,48125043.0
World Bank WDI/WGI CSV download,SP.POP.TOTL,"Population, total",MMR,2008,48390793.0
World Bank WDI/WGI CSV download,SP.POP.TOTL,"Population, total",MMR,2009,48660459.0
World Bank WDI/WGI CSV download,SP.POP.TOTL,"Population, total",MMR,2010,49024382.0
World Bank WDI/WGI CSV download,SP.POP.TOTL,"Population, total",MMR,2011,49419820.0
World Bank WDI/WGI CSV download,SP.POP.TOTL,"Population, total",MMR,2012,49837446.0
World Bank WDI/WGI CSV download,SP.POP.TOTL,"Population, total",MMR,2013,50262658.0
World Bank WDI/WGI CSV download,SP.POP.TOTL,"Population, total",MMR,2014,50681634.0
World Bank WDI/WGI CSV download,SP.POP.TOTL,"Population, total",MMR,2015,51089056.0
World Bank WDI/WGI CSV download,SP.POP.TOTL,"Population, total",MMR,2016,51495696.0
World Bank WDI/WGI CSV download,SP.POP.TOTL,"Population, total",MMR,2017,51894938.0
World Bank WDI/WGI CSV download,SP.POP.TOTL,"Population, total",MMR,2018,52272247.0
World Bank WDI/WGI CSV download,SP.POP.TOTL,"Population, total",MMR,2019,52640713.0
World Bank WDI/WGI CSV download,SP.POP.TOTL,"Population, total",MMR,2020,53016522.0
World Bank WDI/WGI CSV download,SP.POP.TOTL,"Population, total",MMR,2021,53387102.0
World Bank WDI/WGI CSV download,SP.POP.TOTL,"Population, total",MMR,2022,53756787.0
World Bank WDI/WGI CSV download,SP.POP.TOTL,"Population, total",MMR,2023,54133798.0
World Bank WDI/WGI CSV download,SP.POP.TOTL,"Population, total",MMR,2024,54500091.0
World Bank WDI/WGI CSV download,SP.URB.TOTL.IN.ZS,"Urban population, % of total",MMR,1995,26.6474237802388
World Bank WDI/WGI CSV download,SP.URB.TOTL.IN.ZS,"Urban population, % of total",MMR,1996,26.823766962455
World Bank WDI/WGI CSV download,SP.URB.TOTL.IN.ZS,"Urban population, % of total",MMR,1997,27.001252468839
World Bank WDI/WGI CSV download,SP.URB.TOTL.IN.ZS,"Urban population, % of total",MMR,1998,27.1792847331724
World Bank WDI/WGI CSV download,SP.URB.TOTL.IN.ZS,"Urban population, % of total",MMR,1999,27.3572681892371
World Bank WDI/WGI CSV download,SP.URB.TOTL.IN.ZS,"Urban population, % of total",MMR,2000,27.5346072708149
World Bank WDI/WGI CSV download,SP.URB.TOTL.IN.ZS,"Urban population, % of total",MMR,2001,27.7107064116875
World Bank WDI/WGI CSV download,SP.URB.TOTL.IN.ZS,"Urban population, % of total",MMR,2002,27.8849700456368
World Bank WDI/WGI CSV download,SP.URB.TOTL.IN.ZS,"Urban population, % of total",MMR,2003,28.0568026064444
World Bank WDI/WGI CSV download,SP.URB.TOTL.IN.ZS,"Urban population, % of total",MMR,2004,28.2256085278922
World Bank WDI/WGI CSV download,SP.URB.TOTL.IN.ZS,"Urban population, % of total",MMR,2005,28.390792243762
World Bank WDI/WGI CSV download,SP.URB.TOTL.IN.ZS,"Urban population, % of total",MMR,2006,28.5517581878355
World Bank WDI/WGI CSV download,SP.URB.TOTL.IN.ZS,"Urban population, % of total",MMR,2007,28.7079107938945
World Bank WDI/WGI CSV download,SP.URB.TOTL.IN.ZS,"Urban population, % of total",MMR,2008,28.8586544957208
World Bank WDI/WGI CSV download,SP.URB.TOTL.IN.ZS,"Urban population, % of total",MMR,2009,29.0033937270962
World Bank WDI/WGI CSV download,SP.URB.TOTL.IN.ZS,"Urban population, % of total",MMR,2010,29.1415329218024
World Bank WDI/WGI CSV download,SP.URB.TOTL.IN.ZS,"Urban population, % of total",MMR,2011,29.2724765136213
World Bank WDI/WGI CSV download,SP.URB.TOTL.IN.ZS,"Urban population, % of total",MMR,2012,29.3956289363345
World Bank WDI/WGI CSV download,SP.URB.TOTL.IN.ZS,"Urban population, % of total",MMR,2013,29.5103946237239
World Bank WDI/WGI CSV download,SP.URB.TOTL.IN.ZS,"Urban population, % of total",MMR,2014,29.6164342116462
World Bank WDI/WGI CSV download,SP.URB.TOTL.IN.ZS,"Urban population, % of total",MMR,2015,29.7166821191682
World Bank WDI/WGI CSV download,SP.URB.TOTL.IN.ZS,"Urban population, % of total",MMR,2016,29.8129165582094
World Bank WDI/WGI CSV download,SP.URB.TOTL.IN.ZS,"Urban population, % of total",MMR,2017,29.9051727703437
World Bank WDI/WGI CSV download,SP.URB.TOTL.IN.ZS,"Urban population, % of total",MMR,2018,29.993574050729
World Bank WDI/WGI CSV download,SP.URB.TOTL.IN.ZS,"Urban population, % of total",MMR,2019,30.0782436945232
World Bank WDI/WGI CSV download,SP.URB.TOTL.IN.ZS,"Urban population, % of total",MMR,2020,30.1593049968842
World Bank WDI/WGI CSV download,SP.URB.TOTL.IN.ZS,"Urban population, % of total",MMR,2021,30.2368812529698
World Bank WDI/WGI CSV download,SP.URB.TOTL.IN.ZS,"Urban population, % of total",MMR,2022,30.311095757938
World Bank WDI/WGI CSV download,SP.URB.TOTL.IN.ZS,"Urban population, % of total",MMR,2023,30.3820718069466
World Bank WDI/WGI CSV download,SP.URB.TOTL.IN.ZS,"Urban population, % of total",MMR,2024,30.4499084074136
World Bank WDI/WGI CSV download,VA.EST,"WGI: Voice and Accountability, estimate",MMR,1996,-3.21286054849624
World Bank WDI/WGI CSV download,VA.EST,"WGI: Voice and Accountability, estimate",MMR,1998,-3.2613431096077
World Bank WDI/WGI CSV download,VA.EST,"WGI: Voice and Accountability, estimate",MMR,2000,-3.46767933368683
World Bank WDI/WGI CSV download,VA.EST,"WGI: Voice and Accountability, estimate",MMR,2002,-3.42180454730988
World Bank WDI/WGI CSV download,VA.EST,"WGI: Voice and Accountability, estimate",MMR,2003,-3.5393238306045602
World Bank WDI/WGI CSV download,VA.EST,"WGI: Voice and Accountability, estimate",MMR,2004,-3.6085088968276997
World Bank WDI/WGI CSV download,VA.EST,"WGI: Voice and Accountability, estimate",MMR,2005,-3.68254837989808
World Bank WDI/WGI CSV download,VA.EST,"WGI: Voice and Accountability, estimate",MMR,2006,-3.79656009674072
World Bank WDI/WGI CSV download,VA.EST,"WGI: Voice and Accountability, estimate",MMR,2007,-3.7629358530044597
World Bank WDI/WGI CSV download,VA.EST,"WGI: Voice and Accountability, estimate",MMR,2008,-3.7535646438598698
World Bank WDI/WGI CSV download,VA.EST,"WGI: Voice and Accountability, estimate",MMR,2009,-3.69335520267486
World Bank WDI/WGI CSV download,VA.EST,"WGI: Voice and Accountability, estimate",MMR,2010,-3.51458685398102
World Bank WDI/WGI CSV download,VA.EST,"WGI: Voice and Accountability, estimate",MMR,2011,-3.14437727928162
World Bank WDI/WGI CSV download,VA.EST,"WGI: Voice and Accountability, estimate",MMR,2012,-2.7542028665542597
World Bank WDI/WGI CSV download,VA.EST,"WGI: Voice and Accountability, estimate",MMR,2013,-2.48483060598373
World Bank WDI/WGI CSV download,VA.EST,"WGI: Voice and Accountability, estimate",MMR,2014,-2.2848527789115898
World Bank WDI/WGI CSV download,VA.EST,"WGI: Voice and Accountability, estimate",MMR,2015,-2.0723901391029402
World Bank WDI/WGI CSV download,VA.EST,"WGI: Voice and Accountability, estimate",MMR,2016,-1.3543903529644
World Bank WDI/WGI CSV download,VA.EST,"WGI: Voice and Accountability, estimate",MMR,2017,-1.47011563777924
World Bank WDI/WGI CSV download,VA.EST,"WGI: Voice and Accountability, estimate",MMR,2018,-1.53217192292213
World Bank WDI/WGI CSV download,VA.EST,"WGI: Voice and Accountability, estimate",MMR,2019,-1.45726303458214
World Bank WDI/WGI CSV download,VA.EST,"WGI: Voice and Accountability, estimate",MMR,2020,-1.5969777762889898
World Bank WDI/WGI CSV download,VA.EST,"WGI: Voice and Accountability, estimate",MMR,2021,-2.81990629434586
World Bank WDI/WGI CSV download,VA.EST,"WGI: Voice and Accountability, estimate",MMR,2022,-2.53420110940933
World Bank WDI/WGI CSV download,VA.EST,"WGI: Voice and Accountability, estimate",MMR,2023,-1.2905190229415902
World Bank Indicators API,GC.REV.XGRT.GD.ZS,"Revenue, excluding grants, % of GDP",MMR,2025,
World Bank Indicators API,GC.REV.XGRT.GD.ZS,"Revenue, excluding grants, % of GDP",MMR,2024,
World Bank Indicators API,GC.REV.XGRT.GD.ZS,"Revenue, excluding grants, % of GDP",MMR,2023,
World Bank Indicators API,GC.REV.XGRT.GD.ZS,"Revenue, excluding grants, % of GDP",MMR,2022,
World Bank Indicators API,GC.REV.XGRT.GD.ZS,"Revenue, excluding grants, % of GDP",MMR,2021,
World Bank Indicators API,GC.REV.XGRT.GD.ZS,"Revenue, excluding grants, % of GDP",MMR,2020,
World Bank Indicators API,GC.REV.XGRT.GD.ZS,"Revenue, excluding grants, % of GDP",MMR,2019,14.3891961645863
World Bank Indicators API,GC.REV.XGRT.GD.ZS,"Revenue, excluding grants, % of GDP",MMR,2018,7.01300899608592
World Bank Indicators API,GC.REV.XGRT.GD.ZS,"Revenue, excluding grants, % of GDP",MMR,2017,15.9852528823652
World Bank Indicators API,GC.REV.XGRT.GD.ZS,"Revenue, excluding grants, % of GDP",MMR,2016,16.789835742121
World Bank Indicators API,GC.REV.XGRT.GD.ZS,"Revenue, excluding grants, % of GDP",MMR,2015,18.5063974234776
World Bank Indicators API,GC.REV.XGRT.GD.ZS,"Revenue, excluding grants, % of GDP",MMR,2014,22.0275608393637
World Bank Indicators API,GC.REV.XGRT.GD.ZS,"Revenue, excluding grants, % of GDP",MMR,2013,20.0136948721279
World Bank Indicators API,GC.REV.XGRT.GD.ZS,"Revenue, excluding grants, % of GDP",MMR,2012,19.7007501337319
World Bank Indicators API,GC.REV.XGRT.GD.ZS,"Revenue, excluding grants, % of GDP",MMR,2011,
World Bank Indicators API,GC.REV.XGRT.GD.ZS,"Revenue, excluding grants, % of GDP",MMR,2010,
World Bank Indicators API,GC.REV.XGRT.GD.ZS,"Revenue, excluding grants, % of GDP",MMR,2009,
World Bank Indicators API,GC.REV.XGRT.GD.ZS,"Revenue, excluding grants, % of GDP",MMR,2008,
World Bank Indicators API,GC.REV.XGRT.GD.ZS,"Revenue, excluding grants, % of GDP",MMR,2007,
World Bank Indicators API,GC.REV.XGRT.GD.ZS,"Revenue, excluding grants, % of GDP",MMR,2006,
World Bank Indicators API,GC.REV.XGRT.GD.ZS,"Revenue, excluding grants, % of GDP",MMR,2005,6.66748304643303
World Bank Indicators API,GC.REV.XGRT.GD.ZS,"Revenue, excluding grants, % of GDP",MMR,2004,6.46875895101498
World Bank Indicators API,GC.REV.XGRT.GD.ZS,"Revenue, excluding grants, % of GDP",MMR,2003,4.9777128995997
World Bank Indicators API,GC.REV.XGRT.GD.ZS,"Revenue, excluding grants, % of GDP",MMR,2002,4.96011318385281
World Bank Indicators API,GC.REV.XGRT.GD.ZS,"Revenue, excluding grants, % of GDP",MMR,2001,4.57227761288365
World Bank Indicators API,GC.REV.XGRT.GD.ZS,"Revenue, excluding grants, % of GDP",MMR,2000,5.25127485939087
World Bank Indicators API,GC.REV.XGRT.GD.ZS,"Revenue, excluding grants, % of GDP",MMR,1999,5.60119069359728
World Bank Indicators API,GC.REV.XGRT.GD.ZS,"Revenue, excluding grants, % of GDP",MMR,1998,7.20516394827603
World Bank Indicators API,GC.REV.XGRT.GD.ZS,"Revenue, excluding grants, % of GDP",MMR,1997,7.67184542509261
World Bank Indicators API,GC.REV.XGRT.GD.ZS,"Revenue, excluding grants, % of GDP",MMR,1996,6.84802646531478
World Bank Indicators API,GC.REV.XGRT.GD.ZS,"Revenue, excluding grants, % of GDP",MMR,1995,6.37938646898032
World Bank Indicators API,GC.REV.XGRT.GD.ZS,"Revenue, excluding grants, % of GDP",MMR,1994,6.64799531107986
World Bank Indicators API,GC.REV.XGRT.GD.ZS,"Revenue, excluding grants, % of GDP",MMR,1993,7.25215065357055
World Bank Indicators API,GC.REV.XGRT.GD.ZS,"Revenue, excluding grants, % of GDP",MMR,1992,7.78725450059684
World Bank Indicators API,GC.REV.XGRT.GD.ZS,"Revenue, excluding grants, % of GDP",MMR,1991,9.28414195963221
World Bank Indicators API,GC.REV.XGRT.GD.ZS,"Revenue, excluding grants, % of GDP",MMR,1990,10.4632443823737
World Bank Indicators API,GC.REV.XGRT.GD.ZS,"Revenue, excluding grants, % of GDP",MMR,1989,7.8160843585557
World Bank Indicators API,GC.REV.XGRT.GD.ZS,"Revenue, excluding grants, % of GDP",MMR,1988,8.45192240214495
World Bank Indicators API,GC.REV.XGRT.GD.ZS,"Revenue, excluding grants, % of GDP",MMR,1987,10.4748316593676
World Bank Indicators API,GC.REV.XGRT.GD.ZS,"Revenue, excluding grants, % of GDP",MMR,1986,12.3907296552046
World Bank Indicators API,GC.REV.XGRT.GD.ZS,"Revenue, excluding grants, % of GDP",MMR,1985,13.6044584802099
World Bank Indicators API,GC.REV.XGRT.GD.ZS,"Revenue, excluding grants, % of GDP",MMR,1984,14.4392410831161
World Bank Indicators API,GC.REV.XGRT.GD.ZS,"Revenue, excluding grants, % of GDP",MMR,1983,15.3302696143429
World Bank Indicators API,GC.REV.XGRT.GD.ZS,"Revenue, excluding grants, % of GDP",MMR,1982,15.9001086770185
World Bank Indicators API,GC.REV.XGRT.GD.ZS,"Revenue, excluding grants, % of GDP",MMR,1981,17.0242537313433
World Bank Indicators API,GC.REV.XGRT.GD.ZS,"Revenue, excluding grants, % of GDP",MMR,1980,15.9833206136733
World Bank Indicators API,GC.REV.XGRT.GD.ZS,"Revenue, excluding grants, % of GDP",MMR,1979,16.0954343159505
World Bank Indicators API,GC.REV.XGRT.GD.ZS,"Revenue, excluding grants, % of GDP",MMR,1978,14.9465406454946
World Bank Indicators API,GC.REV.XGRT.GD.ZS,"Revenue, excluding grants, % of GDP",MMR,1977,14.3966507340018
World Bank Indicators API,GC.REV.XGRT.GD.ZS,"Revenue, excluding grants, % of GDP",MMR,1976,11.9371421015371
World Bank Indicators API,GC.REV.XGRT.GD.ZS,"Revenue, excluding grants, % of GDP",MMR,1975,9.23456992601636
World Bank Indicators API,GC.REV.XGRT.GD.ZS,"Revenue, excluding grants, % of GDP",MMR,1974,9.87647930253264
World Bank Indicators API,GC.REV.XGRT.GD.ZS,"Revenue, excluding grants, % of GDP",MMR,1973,12.3647208149576
World Bank Indicators API,GC.REV.XGRT.GD.ZS,"Revenue, excluding grants, % of GDP",MMR,1972,
World Bank Indicators API,GC.REV.XGRT.GD.ZS,"Revenue, excluding grants, % of GDP",MMR,1971,
World Bank Indicators API,GC.REV.XGRT.GD.ZS,"Revenue, excluding grants, % of GDP",MMR,1970,
World Bank Indicators API,GC.REV.XGRT.GD.ZS,"Revenue, excluding grants, % of GDP",MMR,1969,
World Bank Indicators API,GC.REV.XGRT.GD.ZS,"Revenue, excluding grants, % of GDP",MMR,1968,
World Bank Indicators API,GC.REV.XGRT.GD.ZS,"Revenue, excluding grants, % of GDP",MMR,1967,
World Bank Indicators API,GC.REV.XGRT.GD.ZS,"Revenue, excluding grants, % of GDP",MMR,1966,
World Bank Indicators API,GC.REV.XGRT.GD.ZS,"Revenue, excluding grants, % of GDP",MMR,1965,
World Bank Indicators API,GC.REV.XGRT.GD.ZS,"Revenue, excluding grants, % of GDP",MMR,1964,
World Bank Indicators API,GC.REV.XGRT.GD.ZS,"Revenue, excluding grants, % of GDP",MMR,1963,
World Bank Indicators API,GC.REV.XGRT.GD.ZS,"Revenue, excluding grants, % of GDP",MMR,1962,
World Bank Indicators API,GC.REV.XGRT.GD.ZS,"Revenue, excluding grants, % of GDP",MMR,1961,
World Bank Indicators API,GC.REV.XGRT.GD.ZS,"Revenue, excluding grants, % of GDP",MMR,1960,
World Bank Indicators API,GC.XPN.INTP.RV.ZS,"Interest payments, % of revenue",MMR,2025,
World Bank Indicators API,GC.XPN.INTP.RV.ZS,"Interest payments, % of revenue",MMR,2024,
World Bank Indicators API,GC.XPN.INTP.RV.ZS,"Interest payments, % of revenue",MMR,2023,
World Bank Indicators API,GC.XPN.INTP.RV.ZS,"Interest payments, % of revenue",MMR,2022,
World Bank Indicators API,GC.XPN.INTP.RV.ZS,"Interest payments, % of revenue",MMR,2021,
World Bank Indicators API,GC.XPN.INTP.RV.ZS,"Interest payments, % of revenue",MMR,2020,
World Bank Indicators API,GC.XPN.INTP.RV.ZS,"Interest payments, % of revenue",MMR,2019,9.55530955337015
World Bank Indicators API,GC.XPN.INTP.RV.ZS,"Interest payments, % of revenue",MMR,2018,10.3799013458567
World Bank Indicators API,GC.XPN.INTP.RV.ZS,"Interest payments, % of revenue",MMR,2017,8.85396756453864
World Bank Indicators API,GC.XPN.INTP.RV.ZS,"Interest payments, % of revenue",MMR,2016,7.59522767740611
World Bank Indicators API,GC.XPN.INTP.RV.ZS,"Interest payments, % of revenue",MMR,2015,6.29137217722853
World Bank Indicators API,GC.XPN.INTP.RV.ZS,"Interest payments, % of revenue",MMR,2014,6.03031348580595
World Bank Indicators API,GC.XPN.INTP.RV.ZS,"Interest payments, % of revenue",MMR,2013,6.54237562544988
World Bank Indicators API,GC.XPN.INTP.RV.ZS,"Interest payments, % of revenue",MMR,2012,6.7426178287944
World Bank Indicators API,GC.XPN.INTP.RV.ZS,"Interest payments, % of revenue",MMR,2011,
World Bank Indicators API,GC.XPN.INTP.RV.ZS,"Interest payments, % of revenue",MMR,2010,
World Bank Indicators API,GC.XPN.INTP.RV.ZS,"Interest payments, % of revenue",MMR,2009,
World Bank Indicators API,GC.XPN.INTP.RV.ZS,"Interest payments, % of revenue",MMR,2008,
World Bank Indicators API,GC.XPN.INTP.RV.ZS,"Interest payments, % of revenue",MMR,2007,
World Bank Indicators API,GC.XPN.INTP.RV.ZS,"Interest payments, % of revenue",MMR,2006,
World Bank Indicators API,GC.XPN.INTP.RV.ZS,"Interest payments, % of revenue",MMR,2005,
World Bank Indicators API,GC.XPN.INTP.RV.ZS,"Interest payments, % of revenue",MMR,2004,
World Bank Indicators API,GC.XPN.INTP.RV.ZS,"Interest payments, % of revenue",MMR,2003,
World Bank Indicators API,GC.XPN.INTP.RV.ZS,"Interest payments, % of revenue",MMR,2002,
World Bank Indicators API,GC.XPN.INTP.RV.ZS,"Interest payments, % of revenue",MMR,2001,
World Bank Indicators API,GC.XPN.INTP.RV.ZS,"Interest payments, % of revenue",MMR,2000,
World Bank Indicators API,GC.XPN.INTP.RV.ZS,"Interest payments, % of revenue",MMR,1999,
World Bank Indicators API,GC.XPN.INTP.RV.ZS,"Interest payments, % of revenue",MMR,1998,
World Bank Indicators API,GC.XPN.INTP.RV.ZS,"Interest payments, % of revenue",MMR,1997,
World Bank Indicators API,GC.XPN.INTP.RV.ZS,"Interest payments, % of revenue",MMR,1996,
World Bank Indicators API,GC.XPN.INTP.RV.ZS,"Interest payments, % of revenue",MMR,1995,
World Bank Indicators API,GC.XPN.INTP.RV.ZS,"Interest payments, % of revenue",MMR,1994,
World Bank Indicators API,GC.XPN.INTP.RV.ZS,"Interest payments, % of revenue",MMR,1993,
World Bank Indicators API,GC.XPN.INTP.RV.ZS,"Interest payments, % of revenue",MMR,1992,
World Bank Indicators API,GC.XPN.INTP.RV.ZS,"Interest payments, % of revenue",MMR,1991,
World Bank Indicators API,GC.XPN.INTP.RV.ZS,"Interest payments, % of revenue",MMR,1990,
World Bank Indicators API,GC.XPN.INTP.RV.ZS,"Interest payments, % of revenue",MMR,1989,
World Bank Indicators API,GC.XPN.INTP.RV.ZS,"Interest payments, % of revenue",MMR,1988,
World Bank Indicators API,GC.XPN.INTP.RV.ZS,"Interest payments, % of revenue",MMR,1987,
World Bank Indicators API,GC.XPN.INTP.RV.ZS,"Interest payments, % of revenue",MMR,1986,
World Bank Indicators API,GC.XPN.INTP.RV.ZS,"Interest payments, % of revenue",MMR,1985,
World Bank Indicators API,GC.XPN.INTP.RV.ZS,"Interest payments, % of revenue",MMR,1984,
World Bank Indicators API,GC.XPN.INTP.RV.ZS,"Interest payments, % of revenue",MMR,1983,
World Bank Indicators API,GC.XPN.INTP.RV.ZS,"Interest payments, % of revenue",MMR,1982,
World Bank Indicators API,GC.XPN.INTP.RV.ZS,"Interest payments, % of revenue",MMR,1981,
World Bank Indicators API,GC.XPN.INTP.RV.ZS,"Interest payments, % of revenue",MMR,1980,
World Bank Indicators API,GC.XPN.INTP.RV.ZS,"Interest payments, % of revenue",MMR,1979,
World Bank Indicators API,GC.XPN.INTP.RV.ZS,"Interest payments, % of revenue",MMR,1978,
World Bank Indicators API,GC.XPN.INTP.RV.ZS,"Interest payments, % of revenue",MMR,1977,
World Bank Indicators API,GC.XPN.INTP.RV.ZS,"Interest payments, % of revenue",MMR,1976,
World Bank Indicators API,GC.XPN.INTP.RV.ZS,"Interest payments, % of revenue",MMR,1975,
World Bank Indicators API,GC.XPN.INTP.RV.ZS,"Interest payments, % of revenue",MMR,1974,
World Bank Indicators API,GC.XPN.INTP.RV.ZS,"Interest payments, % of revenue",MMR,1973,
World Bank Indicators API,GC.XPN.INTP.RV.ZS,"Interest payments, % of revenue",MMR,1972,
World Bank Indicators API,GC.XPN.INTP.RV.ZS,"Interest payments, % of revenue",MMR,1971,
World Bank Indicators API,GC.XPN.INTP.RV.ZS,"Interest payments, % of revenue",MMR,1970,
World Bank Indicators API,GC.XPN.INTP.RV.ZS,"Interest payments, % of revenue",MMR,1969,
World Bank Indicators API,GC.XPN.INTP.RV.ZS,"Interest payments, % of revenue",MMR,1968,
World Bank Indicators API,GC.XPN.INTP.RV.ZS,"Interest payments, % of revenue",MMR,1967,
World Bank Indicators API,GC.XPN.INTP.RV.ZS,"Interest payments, % of revenue",MMR,1966,
World Bank Indicators API,GC.XPN.INTP.RV.ZS,"Interest payments, % of revenue",MMR,1965,
World Bank Indicators API,GC.XPN.INTP.RV.ZS,"Interest payments, % of revenue",MMR,1964,
World Bank Indicators API,GC.XPN.INTP.RV.ZS,"Interest payments, % of revenue",MMR,1963,
World Bank Indicators API,GC.XPN.INTP.RV.ZS,"Interest payments, % of revenue",MMR,1962,
World Bank Indicators API,GC.XPN.INTP.RV.ZS,"Interest payments, % of revenue",MMR,1961,
World Bank Indicators API,GC.XPN.INTP.RV.ZS,"Interest payments, % of revenue",MMR,1960,
World Bank Indicators API,GC.DOD.TOTL.GD.ZS,"Central government debt, total, % of GDP",MMR,2025,
World Bank Indicators API,GC.DOD.TOTL.GD.ZS,"Central government debt, total, % of GDP",MMR,2024,
World Bank Indicators API,GC.DOD.TOTL.GD.ZS,"Central government debt, total, % of GDP",MMR,2023,
World Bank Indicators API,GC.DOD.TOTL.GD.ZS,"Central government debt, total, % of GDP",MMR,2022,
World Bank Indicators API,GC.DOD.TOTL.GD.ZS,"Central government debt, total, % of GDP",MMR,2021,
World Bank Indicators API,GC.DOD.TOTL.GD.ZS,"Central government debt, total, % of GDP",MMR,2020,
World Bank Indicators API,GC.DOD.TOTL.GD.ZS,"Central government debt, total, % of GDP",MMR,2019,
World Bank Indicators API,GC.DOD.TOTL.GD.ZS,"Central government debt, total, % of GDP",MMR,2018,
World Bank Indicators API,GC.DOD.TOTL.GD.ZS,"Central government debt, total, % of GDP",MMR,2017,
World Bank Indicators API,GC.DOD.TOTL.GD.ZS,"Central government debt, total, % of GDP",MMR,2016,
World Bank Indicators API,GC.DOD.TOTL.GD.ZS,"Central government debt, total, % of GDP",MMR,2015,
World Bank Indicators API,GC.DOD.TOTL.GD.ZS,"Central government debt, total, % of GDP",MMR,2014,
World Bank Indicators API,GC.DOD.TOTL.GD.ZS,"Central government debt, total, % of GDP",MMR,2013,
World Bank Indicators API,GC.DOD.TOTL.GD.ZS,"Central government debt, total, % of GDP",MMR,2012,
World Bank Indicators API,GC.DOD.TOTL.GD.ZS,"Central government debt, total, % of GDP",MMR,2011,
World Bank Indicators API,GC.DOD.TOTL.GD.ZS,"Central government debt, total, % of GDP",MMR,2010,
World Bank Indicators API,GC.DOD.TOTL.GD.ZS,"Central government debt, total, % of GDP",MMR,2009,
World Bank Indicators API,GC.DOD.TOTL.GD.ZS,"Central government debt, total, % of GDP",MMR,2008,
World Bank Indicators API,GC.DOD.TOTL.GD.ZS,"Central government debt, total, % of GDP",MMR,2007,
World Bank Indicators API,GC.DOD.TOTL.GD.ZS,"Central government debt, total, % of GDP",MMR,2006,
World Bank Indicators API,GC.DOD.TOTL.GD.ZS,"Central government debt, total, % of GDP",MMR,2005,
World Bank Indicators API,GC.DOD.TOTL.GD.ZS,"Central government debt, total, % of GDP",MMR,2004,
World Bank Indicators API,GC.DOD.TOTL.GD.ZS,"Central government debt, total, % of GDP",MMR,2003,
World Bank Indicators API,GC.DOD.TOTL.GD.ZS,"Central government debt, total, % of GDP",MMR,2002,
World Bank Indicators API,GC.DOD.TOTL.GD.ZS,"Central government debt, total, % of GDP",MMR,2001,
World Bank Indicators API,GC.DOD.TOTL.GD.ZS,"Central government debt, total, % of GDP",MMR,2000,
World Bank Indicators API,GC.DOD.TOTL.GD.ZS,"Central government debt, total, % of GDP",MMR,1999,
World Bank Indicators API,GC.DOD.TOTL.GD.ZS,"Central government debt, total, % of GDP",MMR,1998,
World Bank Indicators API,GC.DOD.TOTL.GD.ZS,"Central government debt, total, % of GDP",MMR,1997,
World Bank Indicators API,GC.DOD.TOTL.GD.ZS,"Central government debt, total, % of GDP",MMR,1996,
World Bank Indicators API,GC.DOD.TOTL.GD.ZS,"Central government debt, total, % of GDP",MMR,1995,
World Bank Indicators API,GC.DOD.TOTL.GD.ZS,"Central government debt, total, % of GDP",MMR,1994,
World Bank Indicators API,GC.DOD.TOTL.GD.ZS,"Central government debt, total, % of GDP",MMR,1993,
World Bank Indicators API,GC.DOD.TOTL.GD.ZS,"Central government debt, total, % of GDP",MMR,1992,
World Bank Indicators API,GC.DOD.TOTL.GD.ZS,"Central government debt, total, % of GDP",MMR,1991,
World Bank Indicators API,GC.DOD.TOTL.GD.ZS,"Central government debt, total, % of GDP",MMR,1990,
World Bank Indicators API,GC.DOD.TOTL.GD.ZS,"Central government debt, total, % of GDP",MMR,1989,
World Bank Indicators API,GC.DOD.TOTL.GD.ZS,"Central government debt, total, % of GDP",MMR,1988,
World Bank Indicators API,GC.DOD.TOTL.GD.ZS,"Central government debt, total, % of GDP",MMR,1987,
World Bank Indicators API,GC.DOD.TOTL.GD.ZS,"Central government debt, total, % of GDP",MMR,1986,
World Bank Indicators API,GC.DOD.TOTL.GD.ZS,"Central government debt, total, % of GDP",MMR,1985,
World Bank Indicators API,GC.DOD.TOTL.GD.ZS,"Central government debt, total, % of GDP",MMR,1984,
World Bank Indicators API,GC.DOD.TOTL.GD.ZS,"Central government debt, total, % of GDP",MMR,1983,
World Bank Indicators API,GC.DOD.TOTL.GD.ZS,"Central government debt, total, % of GDP",MMR,1982,
World Bank Indicators API,GC.DOD.TOTL.GD.ZS,"Central government debt, total, % of GDP",MMR,1981,
World Bank Indicators API,GC.DOD.TOTL.GD.ZS,"Central government debt, total, % of GDP",MMR,1980,
World Bank Indicators API,GC.DOD.TOTL.GD.ZS,"Central government debt, total, % of GDP",MMR,1979,
World Bank Indicators API,GC.DOD.TOTL.GD.ZS,"Central government debt, total, % of GDP",MMR,1978,
World Bank Indicators API,GC.DOD.TOTL.GD.ZS,"Central government debt, total, % of GDP",MMR,1977,
World Bank Indicators API,GC.DOD.TOTL.GD.ZS,"Central government debt, total, % of GDP",MMR,1976,
World Bank Indicators API,GC.DOD.TOTL.GD.ZS,"Central government debt, total, % of GDP",MMR,1975,
World Bank Indicators API,GC.DOD.TOTL.GD.ZS,"Central government debt, total, % of GDP",MMR,1974,
World Bank Indicators API,GC.DOD.TOTL.GD.ZS,"Central government debt, total, % of GDP",MMR,1973,
World Bank Indicators API,GC.DOD.TOTL.GD.ZS,"Central government debt, total, % of GDP",MMR,1972,
World Bank Indicators API,GC.DOD.TOTL.GD.ZS,"Central government debt, total, % of GDP",MMR,1971,
World Bank Indicators API,GC.DOD.TOTL.GD.ZS,"Central government debt, total, % of GDP",MMR,1970,
World Bank Indicators API,GC.DOD.TOTL.GD.ZS,"Central government debt, total, % of GDP",MMR,1969,
World Bank Indicators API,GC.DOD.TOTL.GD.ZS,"Central government debt, total, % of GDP",MMR,1968,
World Bank Indicators API,GC.DOD.TOTL.GD.ZS,"Central government debt, total, % of GDP",MMR,1967,
World Bank Indicators API,GC.DOD.TOTL.GD.ZS,"Central government debt, total, % of GDP",MMR,1966,
World Bank Indicators API,GC.DOD.TOTL.GD.ZS,"Central government debt, total, % of GDP",MMR,1965,
World Bank Indicators API,GC.DOD.TOTL.GD.ZS,"Central government debt, total, % of GDP",MMR,1964,
World Bank Indicators API,GC.DOD.TOTL.GD.ZS,"Central government debt, total, % of GDP",MMR,1963,
World Bank Indicators API,GC.DOD.TOTL.GD.ZS,"Central government debt, total, % of GDP",MMR,1962,
World Bank Indicators API,GC.DOD.TOTL.GD.ZS,"Central government debt, total, % of GDP",MMR,1961,
World Bank Indicators API,GC.DOD.TOTL.GD.ZS,"Central government debt, total, % of GDP",MMR,1960,
World Bank Indicators API,DT.DOD.DECT.GN.ZS,"External debt stocks, % of GNI",MMR,2025,
World Bank Indicators API,DT.DOD.DECT.GN.ZS,"External debt stocks, % of GNI",MMR,2024,15.2759866470065
World Bank Indicators API,DT.DOD.DECT.GN.ZS,"External debt stocks, % of GNI",MMR,2023,18.5621659533207
World Bank Indicators API,DT.DOD.DECT.GN.ZS,"External debt stocks, % of GNI",MMR,2022,20.5015111684972
World Bank Indicators API,DT.DOD.DECT.GN.ZS,"External debt stocks, % of GNI",MMR,2021,21.0676114738987
World Bank Indicators API,DT.DOD.DECT.GN.ZS,"External debt stocks, % of GNI",MMR,2020,17.2950651539903
World Bank Indicators API,DT.DOD.DECT.GN.ZS,"External debt stocks, % of GNI",MMR,2019,15.3935737924956
World Bank Indicators API,DT.DOD.DECT.GN.ZS,"External debt stocks, % of GNI",MMR,2018,16.2637631750898
World Bank Indicators API,DT.DOD.DECT.GN.ZS,"External debt stocks, % of GNI",MMR,2017,16.8609916662603
World Bank Indicators API,DT.DOD.DECT.GN.ZS,"External debt stocks, % of GNI",MMR,2016,16.4019689211179
World Bank Indicators API,DT.DOD.DECT.GN.ZS,"External debt stocks, % of GNI",MMR,2015,17.7737905538591
World Bank Indicators API,DT.DOD.DECT.GN.ZS,"External debt stocks, % of GNI",MMR,2014,16.0697456201098
World Bank Indicators API,DT.DOD.DECT.GN.ZS,"External debt stocks, % of GNI",MMR,2013,16.9906663206016
World Bank Indicators API,DT.DOD.DECT.GN.ZS,"External debt stocks, % of GNI",MMR,2012,19.1699328228031
World Bank Indicators API,DT.DOD.DECT.GN.ZS,"External debt stocks, % of GNI",MMR,2011,18.0535304149224
World Bank Indicators API,DT.DOD.DECT.GN.ZS,"External debt stocks, % of GNI",MMR,2010,20.170486209262
World Bank Indicators API,DT.DOD.DECT.GN.ZS,"External debt stocks, % of GNI",MMR,2009,25.7356031426676
World Bank Indicators API,DT.DOD.DECT.GN.ZS,"External debt stocks, % of GNI",MMR,2008,28.1222825205722
World Bank Indicators API,DT.DOD.DECT.GN.ZS,"External debt stocks, % of GNI",MMR,2007,39.9842237302244
World Bank Indicators API,DT.DOD.DECT.GN.ZS,"External debt stocks, % of GNI",MMR,2006,51.8668270840157
World Bank Indicators API,DT.DOD.DECT.GN.ZS,"External debt stocks, % of GNI",MMR,2005,59.9123580516691
World Bank Indicators API,DT.DOD.DECT.GN.ZS,"External debt stocks, % of GNI",MMR,2004,72.975594102393
World Bank Indicators API,DT.DOD.DECT.GN.ZS,"External debt stocks, % of GNI",MMR,2003,71.0874524528629
World Bank Indicators API,DT.DOD.DECT.GN.ZS,"External debt stocks, % of GNI",MMR,2002,99.0206326979547
World Bank Indicators API,DT.DOD.DECT.GN.ZS,"External debt stocks, % of GNI",MMR,2001,94.1601537423973
World Bank Indicators API,DT.DOD.DECT.GN.ZS,"External debt stocks, % of GNI",MMR,2000,72.8275113146935
World Bank Indicators API,DT.DOD.DECT.GN.ZS,"External debt stocks, % of GNI",MMR,1999,75.985428284476
World Bank Indicators API,DT.DOD.DECT.GN.ZS,"External debt stocks, % of GNI",MMR,1998,94.6378020591453
World Bank Indicators API,DT.DOD.DECT.GN.ZS,"External debt stocks, % of GNI",MMR,1997,124.834747447232
World Bank Indicators API,DT.DOD.DECT.GN.ZS,"External debt stocks, % of GNI",MMR,1996,95.1322557404488
World Bank Indicators API,DT.DOD.DECT.GN.ZS,"External debt stocks, % of GNI",MMR,1995,118.497080286955
World Bank Indicators API,DT.DOD.DECT.GN.ZS,"External debt stocks, % of GNI",MMR,1994,144.9376314102
World Bank Indicators API,DT.DOD.DECT.GN.ZS,"External debt stocks, % of GNI",MMR,1993,184.730148829794
World Bank Indicators API,DT.DOD.DECT.GN.ZS,"External debt stocks, % of GNI",MMR,1992,230.249292178716
World Bank Indicators API,DT.DOD.DECT.GN.ZS,"External debt stocks, % of GNI",MMR,1991,267.355039461299
World Bank Indicators API,DT.DOD.DECT.GN.ZS,"External debt stocks, % of GNI",MMR,1990,254.132366626374
World Bank Indicators API,DT.DOD.DECT.GN.ZS,"External debt stocks, % of GNI",MMR,1989,236.607598942509
World Bank Indicators API,DT.DOD.DECT.GN.ZS,"External debt stocks, % of GNI",MMR,1988,318.768433779108
World Bank Indicators API,DT.DOD.DECT.GN.ZS,"External debt stocks, % of GNI",MMR,1987,309.05473471653
World Bank Indicators API,DT.DOD.DECT.GN.ZS,"External debt stocks, % of GNI",MMR,1986,242.911407294201
World Bank Indicators API,DT.DOD.DECT.GN.ZS,"External debt stocks, % of GNI",MMR,1985,210.239771300033
World Bank Indicators API,DT.DOD.DECT.GN.ZS,"External debt stocks, % of GNI",MMR,1984,193.707916715072
World Bank Indicators API,DT.DOD.DECT.GN.ZS,"External debt stocks, % of GNI",MMR,1983,179.647736979925
World Bank Indicators API,DT.DOD.DECT.GN.ZS,"External debt stocks, % of GNI",MMR,1982,153.31032885976
World Bank Indicators API,DT.DOD.DECT.GN.ZS,"External debt stocks, % of GNI",MMR,1981,178.678185734518
World Bank Indicators API,DT.DOD.DECT.GN.ZS,"External debt stocks, % of GNI",MMR,1980,163.256388611906
World Bank Indicators API,DT.DOD.DECT.GN.ZS,"External debt stocks, % of GNI",MMR,1979,148.070522354383
World Bank Indicators API,DT.DOD.DECT.GN.ZS,"External debt stocks, % of GNI",MMR,1978,109.051610935938
World Bank Indicators API,DT.DOD.DECT.GN.ZS,"External debt stocks, % of GNI",MMR,1977,69.663477205037
World Bank Indicators API,DT.DOD.DECT.GN.ZS,"External debt stocks, % of GNI",MMR,1976,32.3035400799809
World Bank Indicators API,DT.DOD.DECT.GN.ZS,"External debt stocks, % of GNI",MMR,1975,35.199515669384
World Bank Indicators API,DT.DOD.DECT.GN.ZS,"External debt stocks, % of GNI",MMR,1974,29.0977484169643
World Bank Indicators API,DT.DOD.DECT.GN.ZS,"External debt stocks, % of GNI",MMR,1973,42.3410074426231
World Bank Indicators API,DT.DOD.DECT.GN.ZS,"External debt stocks, % of GNI",MMR,1972,33.4086906626367
World Bank Indicators API,DT.DOD.DECT.GN.ZS,"External debt stocks, % of GNI",MMR,1971,33.0201557356537
World Bank Indicators API,DT.DOD.DECT.GN.ZS,"External debt stocks, % of GNI",MMR,1970,29.0259463549153
World Bank Indicators API,DT.DOD.DECT.GN.ZS,"External debt stocks, % of GNI",MMR,1969,
World Bank Indicators API,DT.DOD.DECT.GN.ZS,"External debt stocks, % of GNI",MMR,1968,
World Bank Indicators API,DT.DOD.DECT.GN.ZS,"External debt stocks, % of GNI",MMR,1967,
World Bank Indicators API,DT.DOD.DECT.GN.ZS,"External debt stocks, % of GNI",MMR,1966,
World Bank Indicators API,DT.DOD.DECT.GN.ZS,"External debt stocks, % of GNI",MMR,1965,
World Bank Indicators API,DT.DOD.DECT.GN.ZS,"External debt stocks, % of GNI",MMR,1964,
World Bank Indicators API,DT.DOD.DECT.GN.ZS,"External debt stocks, % of GNI",MMR,1963,
World Bank Indicators API,DT.DOD.DECT.GN.ZS,"External debt stocks, % of GNI",MMR,1962,
World Bank Indicators API,DT.DOD.DECT.GN.ZS,"External debt stocks, % of GNI",MMR,1961,
World Bank Indicators API,DT.DOD.DECT.GN.ZS,"External debt stocks, % of GNI",MMR,1960,
World Bank Indicators API,DT.TDS.DECT.EX.ZS,"Total debt service, % of exports of goods, services and primary income",MMR,2025,
World Bank Indicators API,DT.TDS.DECT.EX.ZS,"Total debt service, % of exports of goods, services and primary income",MMR,2024,7.38528231051686
World Bank Indicators API,DT.TDS.DECT.EX.ZS,"Total debt service, % of exports of goods, services and primary income",MMR,2023,6.99236383096215
World Bank Indicators API,DT.TDS.DECT.EX.ZS,"Total debt service, % of exports of goods, services and primary income",MMR,2022,7.02818324308264
World Bank Indicators API,DT.TDS.DECT.EX.ZS,"Total debt service, % of exports of goods, services and primary income",MMR,2021,7.13022145858569
World Bank Indicators API,DT.TDS.DECT.EX.ZS,"Total debt service, % of exports of goods, services and primary income",MMR,2020,3.89794441390712
World Bank Indicators API,DT.TDS.DECT.EX.ZS,"Total debt service, % of exports of goods, services and primary income",MMR,2019,3.68247626160146
World Bank Indicators API,DT.TDS.DECT.EX.ZS,"Total debt service, % of exports of goods, services and primary income",MMR,2018,4.8990621213857
World Bank Indicators API,DT.TDS.DECT.EX.ZS,"Total debt service, % of exports of goods, services and primary income",MMR,2017,4.35923941722529
World Bank Indicators API,DT.TDS.DECT.EX.ZS,"Total debt service, % of exports of goods, services and primary income",MMR,2016,5.29617068465908
World Bank Indicators API,DT.TDS.DECT.EX.ZS,"Total debt service, % of exports of goods, services and primary income",MMR,2015,3.44355399984989
World Bank Indicators API,DT.TDS.DECT.EX.ZS,"Total debt service, % of exports of goods, services and primary income",MMR,2014,4.44754481440566
World Bank Indicators API,DT.TDS.DECT.EX.ZS,"Total debt service, % of exports of goods, services and primary income",MMR,2013,19.8589283857817
World Bank Indicators API,DT.TDS.DECT.EX.ZS,"Total debt service, % of exports of goods, services and primary income",MMR,2012,11.842770639003
World Bank Indicators API,DT.TDS.DECT.EX.ZS,"Total debt service, % of exports of goods, services and primary income",MMR,2011,2.50122389055827
World Bank Indicators API,DT.TDS.DECT.EX.ZS,"Total debt service, % of exports of goods, services and primary income",MMR,2010,3.08051509397795
World Bank Indicators API,DT.TDS.DECT.EX.ZS,"Total debt service, % of exports of goods, services and primary income",MMR,2009,1.75654433044979
World Bank Indicators API,DT.TDS.DECT.EX.ZS,"Total debt service, % of exports of goods, services and primary income",MMR,2008,1.37498655529822
World Bank Indicators API,DT.TDS.DECT.EX.ZS,"Total debt service, % of exports of goods, services and primary income",MMR,2007,1.33163787779431
World Bank Indicators API,DT.TDS.DECT.EX.ZS,"Total debt service, % of exports of goods, services and primary income",MMR,2006,1.22286319378873
World Bank Indicators API,DT.TDS.DECT.EX.ZS,"Total debt service, % of exports of goods, services and primary income",MMR,2005,0.648443595864669
World Bank Indicators API,DT.TDS.DECT.EX.ZS,"Total debt service, % of exports of goods, services and primary income",MMR,2004,0.735160714043513
World Bank Indicators API,DT.TDS.DECT.EX.ZS,"Total debt service, % of exports of goods, services and primary income",MMR,2003,0.735903365760651
World Bank Indicators API,DT.TDS.DECT.EX.ZS,"Total debt service, % of exports of goods, services and primary income",MMR,2002,0.731178085762148
World Bank Indicators API,DT.TDS.DECT.EX.ZS,"Total debt service, % of exports of goods, services and primary income",MMR,2001,0.634869536662928
World Bank Indicators API,DT.TDS.DECT.EX.ZS,"Total debt service, % of exports of goods, services and primary income",MMR,2000,0.968683710796229
World Bank Indicators API,DT.TDS.DECT.EX.ZS,"Total debt service, % of exports of goods, services and primary income",MMR,1999,5.53053871688058
World Bank Indicators API,DT.TDS.DECT.EX.ZS,"Total debt service, % of exports of goods, services and primary income",MMR,1998,5.74731650157907
World Bank Indicators API,DT.TDS.DECT.EX.ZS,"Total debt service, % of exports of goods, services and primary income",MMR,1997,8.43460918488382
World Bank Indicators API,DT.TDS.DECT.EX.ZS,"Total debt service, % of exports of goods, services and primary income",MMR,1996,12.573163235605
World Bank Indicators API,DT.TDS.DECT.EX.ZS,"Total debt service, % of exports of goods, services and primary income",MMR,1995,20.089315183637
World Bank Indicators API,DT.TDS.DECT.EX.ZS,"Total debt service, % of exports of goods, services and primary income",MMR,1994,14.7306767982882
World Bank Indicators API,DT.TDS.DECT.EX.ZS,"Total debt service, % of exports of goods, services and primary income",MMR,1993,13.2574295550181
World Bank Indicators API,DT.TDS.DECT.EX.ZS,"Total debt service, % of exports of goods, services and primary income",MMR,1992,8.47489097909341
World Bank Indicators API,DT.TDS.DECT.EX.ZS,"Total debt service, % of exports of goods, services and primary income",MMR,1991,27.6942396573146
World Bank Indicators API,DT.TDS.DECT.EX.ZS,"Total debt service, % of exports of goods, services and primary income",MMR,1990,18.7736180641683
World Bank Indicators API,DT.TDS.DECT.EX.ZS,"Total debt service, % of exports of goods, services and primary income",MMR,1989,67.6476980027307
World Bank Indicators API,DT.TDS.DECT.EX.ZS,"Total debt service, % of exports of goods, services and primary income",MMR,1988,58.9338615357059
World Bank Indicators API,DT.TDS.DECT.EX.ZS,"Total debt service, % of exports of goods, services and primary income",MMR,1987,71.6209506018553
World Bank Indicators API,DT.TDS.DECT.EX.ZS,"Total debt service, % of exports of goods, services and primary income",MMR,1986,67.2550125392713
World Bank Indicators API,DT.TDS.DECT.EX.ZS,"Total debt service, % of exports of goods, services and primary income",MMR,1985,54.7196549936303
World Bank Indicators API,DT.TDS.DECT.EX.ZS,"Total debt service, % of exports of goods, services and primary income",MMR,1984,41.8182948538987
World Bank Indicators API,DT.TDS.DECT.EX.ZS,"Total debt service, % of exports of goods, services and primary income",MMR,1983,38.7687451893034
World Bank Indicators API,DT.TDS.DECT.EX.ZS,"Total debt service, % of exports of goods, services and primary income",MMR,1982,27.6102021929243
World Bank Indicators API,DT.TDS.DECT.EX.ZS,"Total debt service, % of exports of goods, services and primary income",MMR,1981,25.78939935571
World Bank Indicators API,DT.TDS.DECT.EX.ZS,"Total debt service, % of exports of goods, services and primary income",MMR,1980,27.6500230856248
World Bank Indicators API,DT.TDS.DECT.EX.ZS,"Total debt service, % of exports of goods, services and primary income",MMR,1979,29.5386403420482
World Bank Indicators API,DT.TDS.DECT.EX.ZS,"Total debt service, % of exports of goods, services and primary income",MMR,1978,24.5489823311341
World Bank Indicators API,DT.TDS.DECT.EX.ZS,"Total debt service, % of exports of goods, services and primary income",MMR,1977,19.9605389914406
World Bank Indicators API,DT.TDS.DECT.EX.ZS,"Total debt service, % of exports of goods, services and primary income",MMR,1976,22.0079866846586
World Bank Indicators API,DT.TDS.DECT.EX.ZS,"Total debt service, % of exports of goods, services and primary income",MMR,1975,
World Bank Indicators API,DT.TDS.DECT.EX.ZS,"Total debt service, % of exports of goods, services and primary income",MMR,1974,
World Bank Indicators API,DT.TDS.DECT.EX.ZS,"Total debt service, % of exports of goods, services and primary income",MMR,1973,
World Bank Indicators API,DT.TDS.DECT.EX.ZS,"Total debt service, % of exports of goods, services and primary income",MMR,1972,
World Bank Indicators API,DT.TDS.DECT.EX.ZS,"Total debt service, % of exports of goods, services and primary income",MMR,1971,
World Bank Indicators API,DT.TDS.DECT.EX.ZS,"Total debt service, % of exports of goods, services and primary income",MMR,1970,
World Bank Indicators API,DT.TDS.DECT.EX.ZS,"Total debt service, % of exports of goods, services and primary income",MMR,1969,
World Bank Indicators API,DT.TDS.DECT.EX.ZS,"Total debt service, % of exports of goods, services and primary income",MMR,1968,
World Bank Indicators API,DT.TDS.DECT.EX.ZS,"Total debt service, % of exports of goods, services and primary income",MMR,1967,
World Bank Indicators API,DT.TDS.DECT.EX.ZS,"Total debt service, % of exports of goods, services and primary income",MMR,1966,
World Bank Indicators API,DT.TDS.DECT.EX.ZS,"Total debt service, % of exports of goods, services and primary income",MMR,1965,
World Bank Indicators API,DT.TDS.DECT.EX.ZS,"Total debt service, % of exports of goods, services and primary income",MMR,1964,
World Bank Indicators API,DT.TDS.DECT.EX.ZS,"Total debt service, % of exports of goods, services and primary income",MMR,1963,
World Bank Indicators API,DT.TDS.DECT.EX.ZS,"Total debt service, % of exports of goods, services and primary income",MMR,1962,
World Bank Indicators API,DT.TDS.DECT.EX.ZS,"Total debt service, % of exports of goods, services and primary income",MMR,1961,
World Bank Indicators API,DT.TDS.DECT.EX.ZS,"Total debt service, % of exports of goods, services and primary income",MMR,1960,
World Bank Indicators API,DT.DOD.DPPG.CD,"Public and publicly guaranteed external debt, current US$",MMR,2025,
World Bank Indicators API,DT.DOD.DPPG.CD,"Public and publicly guaranteed external debt, current US$",MMR,2024,9239552754.5
World Bank Indicators API,DT.DOD.DPPG.CD,"Public and publicly guaranteed external debt, current US$",MMR,2023,10034072017.5
World Bank Indicators API,DT.DOD.DPPG.CD,"Public and publicly guaranteed external debt, current US$",MMR,2022,10455524596.2
World Bank Indicators API,DT.DOD.DPPG.CD,"Public and publicly guaranteed external debt, current US$",MMR,2021,11802739422.6
World Bank Indicators API,DT.DOD.DPPG.CD,"Public and publicly guaranteed external debt, current US$",MMR,2020,12575972677
World Bank Indicators API,DT.DOD.DPPG.CD,"Public and publicly guaranteed external debt, current US$",MMR,2019,10748472737.2
World Bank Indicators API,DT.DOD.DPPG.CD,"Public and publicly guaranteed external debt, current US$",MMR,2018,10270828871
World Bank Indicators API,DT.DOD.DPPG.CD,"Public and publicly guaranteed external debt, current US$",MMR,2017,10308805159.3
World Bank Indicators API,DT.DOD.DPPG.CD,"Public and publicly guaranteed external debt, current US$",MMR,2016,9643781158.6
World Bank Indicators API,DT.DOD.DPPG.CD,"Public and publicly guaranteed external debt, current US$",MMR,2015,9714142208
World Bank Indicators API,DT.DOD.DPPG.CD,"Public and publicly guaranteed external debt, current US$",MMR,2014,9603629082.9
World Bank Indicators API,DT.DOD.DPPG.CD,"Public and publicly guaranteed external debt, current US$",MMR,2013,9506711239.8
World Bank Indicators API,DT.DOD.DPPG.CD,"Public and publicly guaranteed external debt, current US$",MMR,2012,9670956315.4
World Bank Indicators API,DT.DOD.DPPG.CD,"Public and publicly guaranteed external debt, current US$",MMR,2011,9225468146.6
World Bank Indicators API,DT.DOD.DPPG.CD,"Public and publicly guaranteed external debt, current US$",MMR,2010,8433117183
World Bank Indicators API,DT.DOD.DPPG.CD,"Public and publicly guaranteed external debt, current US$",MMR,2009,8023306552.1
World Bank Indicators API,DT.DOD.DPPG.CD,"Public and publicly guaranteed external debt, current US$",MMR,2008,7832738039.2
World Bank Indicators API,DT.DOD.DPPG.CD,"Public and publicly guaranteed external debt, current US$",MMR,2007,7073681372
World Bank Indicators API,DT.DOD.DPPG.CD,"Public and publicly guaranteed external debt, current US$",MMR,2006,6609728224.9
World Bank Indicators API,DT.DOD.DPPG.CD,"Public and publicly guaranteed external debt, current US$",MMR,2005,6327607634.6
World Bank Indicators API,DT.DOD.DPPG.CD,"Public and publicly guaranteed external debt, current US$",MMR,2004,6790625923.4
World Bank Indicators API,DT.DOD.DPPG.CD,"Public and publicly guaranteed external debt, current US$",MMR,2003,6596577951.1
World Bank Indicators API,DT.DOD.DPPG.CD,"Public and publicly guaranteed external debt, current US$",MMR,2002,6003877084.1
World Bank Indicators API,DT.DOD.DPPG.CD,"Public and publicly guaranteed external debt, current US$",MMR,2001,5524174678.9
World Bank Indicators API,DT.DOD.DPPG.CD,"Public and publicly guaranteed external debt, current US$",MMR,2000,5899317565.1
World Bank Indicators API,DT.DOD.DPPG.CD,"Public and publicly guaranteed external debt, current US$",MMR,1999,5859024866.1
World Bank Indicators API,DT.DOD.DPPG.CD,"Public and publicly guaranteed external debt, current US$",MMR,1998,5631433056.1
World Bank Indicators API,DT.DOD.DPPG.CD,"Public and publicly guaranteed external debt, current US$",MMR,1997,5496122212.3
World Bank Indicators API,DT.DOD.DPPG.CD,"Public and publicly guaranteed external debt, current US$",MMR,1996,5432488375
World Bank Indicators API,DT.DOD.DPPG.CD,"Public and publicly guaranteed external debt, current US$",MMR,1995,5899979667.3
World Bank Indicators API,DT.DOD.DPPG.CD,"Public and publicly guaranteed external debt, current US$",MMR,1994,6075318321.2
World Bank Indicators API,DT.DOD.DPPG.CD,"Public and publicly guaranteed external debt, current US$",MMR,1993,5502244122.5
World Bank Indicators API,DT.DOD.DPPG.CD,"Public and publicly guaranteed external debt, current US$",MMR,1992,5211488745.2
World Bank Indicators API,DT.DOD.DPPG.CD,"Public and publicly guaranteed external debt, current US$",MMR,1991,5219123188.8
World Bank Indicators API,DT.DOD.DPPG.CD,"Public and publicly guaranteed external debt, current US$",MMR,1990,5111271144.2
World Bank Indicators API,DT.DOD.DPPG.CD,"Public and publicly guaranteed external debt, current US$",MMR,1989,4625966019.2
World Bank Indicators API,DT.DOD.DPPG.CD,"Public and publicly guaranteed external debt, current US$",MMR,1988,4779484831.3
World Bank Indicators API,DT.DOD.DPPG.CD,"Public and publicly guaranteed external debt, current US$",MMR,1987,4728837830.6
World Bank Indicators API,DT.DOD.DPPG.CD,"Public and publicly guaranteed external debt, current US$",MMR,1986,3722840777.7
World Bank Indicators API,DT.DOD.DPPG.CD,"Public and publicly guaranteed external debt, current US$",MMR,1985,2974937014.5
World Bank Indicators API,DT.DOD.DPPG.CD,"Public and publicly guaranteed external debt, current US$",MMR,1984,2376244400.3
World Bank Indicators API,DT.DOD.DPPG.CD,"Public and publicly guaranteed external debt, current US$",MMR,1983,2308061950.3
World Bank Indicators API,DT.DOD.DPPG.CD,"Public and publicly guaranteed external debt, current US$",MMR,1982,2114178379.1
World Bank Indicators API,DT.DOD.DPPG.CD,"Public and publicly guaranteed external debt, current US$",MMR,1981,1842400531.1
World Bank Indicators API,DT.DOD.DPPG.CD,"Public and publicly guaranteed external debt, current US$",MMR,1980,1571250530
World Bank Indicators API,DT.DOD.DPPG.CD,"Public and publicly guaranteed external debt, current US$",MMR,1979,1265967490.6
World Bank Indicators API,DT.DOD.DPPG.CD,"Public and publicly guaranteed external debt, current US$",MMR,1978,892223059
World Bank Indicators API,DT.DOD.DPPG.CD,"Public and publicly guaranteed external debt, current US$",MMR,1977,521809561
World Bank Indicators API,DT.DOD.DPPG.CD,"Public and publicly guaranteed external debt, current US$",MMR,1976,347786335.3
World Bank Indicators API,DT.DOD.DPPG.CD,"Public and publicly guaranteed external debt, current US$",MMR,1975,325724929.3
World Bank Indicators API,DT.DOD.DPPG.CD,"Public and publicly guaranteed external debt, current US$",MMR,1974,313867248.2
World Bank Indicators API,DT.DOD.DPPG.CD,"Public and publicly guaranteed external debt, current US$",MMR,1973,268064119.2
World Bank Indicators API,DT.DOD.DPPG.CD,"Public and publicly guaranteed external debt, current US$",MMR,1972,212223688.2
World Bank Indicators API,DT.DOD.DPPG.CD,"Public and publicly guaranteed external debt, current US$",MMR,1971,174392002.9
World Bank Indicators API,DT.DOD.DPPG.CD,"Public and publicly guaranteed external debt, current US$",MMR,1970,147210999.5
World Bank Indicators API,DT.DOD.DPPG.CD,"Public and publicly guaranteed external debt, current US$",MMR,1969,
World Bank Indicators API,DT.DOD.DPPG.CD,"Public and publicly guaranteed external debt, current US$",MMR,1968,
World Bank Indicators API,DT.DOD.DPPG.CD,"Public and publicly guaranteed external debt, current US$",MMR,1967,
World Bank Indicators API,DT.DOD.DPPG.CD,"Public and publicly guaranteed external debt, current US$",MMR,1966,
World Bank Indicators API,DT.DOD.DPPG.CD,"Public and publicly guaranteed external debt, current US$",MMR,1965,
World Bank Indicators API,DT.DOD.DPPG.CD,"Public and publicly guaranteed external debt, current US$",MMR,1964,
World Bank Indicators API,DT.DOD.DPPG.CD,"Public and publicly guaranteed external debt, current US$",MMR,1963,
World Bank Indicators API,DT.DOD.DPPG.CD,"Public and publicly guaranteed external debt, current US$",MMR,1962,
World Bank Indicators API,DT.DOD.DPPG.CD,"Public and publicly guaranteed external debt, current US$",MMR,1961,
World Bank Indicators API,DT.DOD.DPPG.CD,"Public and publicly guaranteed external debt, current US$",MMR,1960,
World Bank Indicators API,NV.AGR.TOTL.ZS,"Agriculture, forestry, and fishing, value added, % of GDP",MMR,2025,
World Bank Indicators API,NV.AGR.TOTL.ZS,"Agriculture, forestry, and fishing, value added, % of GDP",MMR,2024,20.8341766680744
World Bank Indicators API,NV.AGR.TOTL.ZS,"Agriculture, forestry, and fishing, value added, % of GDP",MMR,2023,22.7222309725462
World Bank Indicators API,NV.AGR.TOTL.ZS,"Agriculture, forestry, and fishing, value added, % of GDP",MMR,2022,22.3343500768495
World Bank Indicators API,NV.AGR.TOTL.ZS,"Agriculture, forestry, and fishing, value added, % of GDP",MMR,2021,22.7852901568211
World Bank Indicators API,NV.AGR.TOTL.ZS,"Agriculture, forestry, and fishing, value added, % of GDP",MMR,2020,22.4186525400503
World Bank Indicators API,NV.AGR.TOTL.ZS,"Agriculture, forestry, and fishing, value added, % of GDP",MMR,2019,20.8421577754282
World Bank Indicators API,NV.AGR.TOTL.ZS,"Agriculture, forestry, and fishing, value added, % of GDP",MMR,2018,22.0756064041111
World Bank Indicators API,NV.AGR.TOTL.ZS,"Agriculture, forestry, and fishing, value added, % of GDP",MMR,2017,23.4041280962744
World Bank Indicators API,NV.AGR.TOTL.ZS,"Agriculture, forestry, and fishing, value added, % of GDP",MMR,2016,25.6286228737595
World Bank Indicators API,NV.AGR.TOTL.ZS,"Agriculture, forestry, and fishing, value added, % of GDP",MMR,2015,26.771778645598
World Bank Indicators API,NV.AGR.TOTL.ZS,"Agriculture, forestry, and fishing, value added, % of GDP",MMR,2014,27.8298025759612
World Bank Indicators API,NV.AGR.TOTL.ZS,"Agriculture, forestry, and fishing, value added, % of GDP",MMR,2013,29.5337253604993
World Bank Indicators API,NV.AGR.TOTL.ZS,"Agriculture, forestry, and fishing, value added, % of GDP",MMR,2012,30.5901997024538
World Bank Indicators API,NV.AGR.TOTL.ZS,"Agriculture, forestry, and fishing, value added, % of GDP",MMR,2011,32.4961825024034
World Bank Indicators API,NV.AGR.TOTL.ZS,"Agriculture, forestry, and fishing, value added, % of GDP",MMR,2010,36.853075751266
World Bank Indicators API,NV.AGR.TOTL.ZS,"Agriculture, forestry, and fishing, value added, % of GDP",MMR,2009,38.1081206105058
World Bank Indicators API,NV.AGR.TOTL.ZS,"Agriculture, forestry, and fishing, value added, % of GDP",MMR,2008,40.2750956375485
World Bank Indicators API,NV.AGR.TOTL.ZS,"Agriculture, forestry, and fishing, value added, % of GDP",MMR,2007,43.3227660063537
World Bank Indicators API,NV.AGR.TOTL.ZS,"Agriculture, forestry, and fishing, value added, % of GDP",MMR,2006,43.918958474559
World Bank Indicators API,NV.AGR.TOTL.ZS,"Agriculture, forestry, and fishing, value added, % of GDP",MMR,2005,46.687240402588
World Bank Indicators API,NV.AGR.TOTL.ZS,"Agriculture, forestry, and fishing, value added, % of GDP",MMR,2004,48.1650901865787
World Bank Indicators API,NV.AGR.TOTL.ZS,"Agriculture, forestry, and fishing, value added, % of GDP",MMR,2003,50.620560861897
World Bank Indicators API,NV.AGR.TOTL.ZS,"Agriculture, forestry, and fishing, value added, % of GDP",MMR,2002,54.5283327348715
World Bank Indicators API,NV.AGR.TOTL.ZS,"Agriculture, forestry, and fishing, value added, % of GDP",MMR,2001,57.0691916368966
World Bank Indicators API,NV.AGR.TOTL.ZS,"Agriculture, forestry, and fishing, value added, % of GDP",MMR,2000,57.2386452556231
World Bank Indicators API,NV.AGR.TOTL.ZS,"Agriculture, forestry, and fishing, value added, % of GDP",MMR,1999,
World Bank Indicators API,NV.AGR.TOTL.ZS,"Agriculture, forestry, and fishing, value added, % of GDP",MMR,1998,
World Bank Indicators API,NV.AGR.TOTL.ZS,"Agriculture, forestry, and fishing, value added, % of GDP",MMR,1997,
World Bank Indicators API,NV.AGR.TOTL.ZS,"Agriculture, forestry, and fishing, value added, % of GDP",MMR,1996,
World Bank Indicators API,NV.AGR.TOTL.ZS,"Agriculture, forestry, and fishing, value added, % of GDP",MMR,1995,
World Bank Indicators API,NV.AGR.TOTL.ZS,"Agriculture, forestry, and fishing, value added, % of GDP",MMR,1994,
World Bank Indicators API,NV.AGR.TOTL.ZS,"Agriculture, forestry, and fishing, value added, % of GDP",MMR,1993,
World Bank Indicators API,NV.AGR.TOTL.ZS,"Agriculture, forestry, and fishing, value added, % of GDP",MMR,1992,
World Bank Indicators API,NV.AGR.TOTL.ZS,"Agriculture, forestry, and fishing, value added, % of GDP",MMR,1991,
World Bank Indicators API,NV.AGR.TOTL.ZS,"Agriculture, forestry, and fishing, value added, % of GDP",MMR,1990,
World Bank Indicators API,NV.AGR.TOTL.ZS,"Agriculture, forestry, and fishing, value added, % of GDP",MMR,1989,
World Bank Indicators API,NV.AGR.TOTL.ZS,"Agriculture, forestry, and fishing, value added, % of GDP",MMR,1988,
World Bank Indicators API,NV.AGR.TOTL.ZS,"Agriculture, forestry, and fishing, value added, % of GDP",MMR,1987,
World Bank Indicators API,NV.AGR.TOTL.ZS,"Agriculture, forestry, and fishing, value added, % of GDP",MMR,1986,
World Bank Indicators API,NV.AGR.TOTL.ZS,"Agriculture, forestry, and fishing, value added, % of GDP",MMR,1985,
World Bank Indicators API,NV.AGR.TOTL.ZS,"Agriculture, forestry, and fishing, value added, % of GDP",MMR,1984,
World Bank Indicators API,NV.AGR.TOTL.ZS,"Agriculture, forestry, and fishing, value added, % of GDP",MMR,1983,
World Bank Indicators API,NV.AGR.TOTL.ZS,"Agriculture, forestry, and fishing, value added, % of GDP",MMR,1982,
World Bank Indicators API,NV.AGR.TOTL.ZS,"Agriculture, forestry, and fishing, value added, % of GDP",MMR,1981,
World Bank Indicators API,NV.AGR.TOTL.ZS,"Agriculture, forestry, and fishing, value added, % of GDP",MMR,1980,
World Bank Indicators API,NV.AGR.TOTL.ZS,"Agriculture, forestry, and fishing, value added, % of GDP",MMR,1979,
World Bank Indicators API,NV.AGR.TOTL.ZS,"Agriculture, forestry, and fishing, value added, % of GDP",MMR,1978,
World Bank Indicators API,NV.AGR.TOTL.ZS,"Agriculture, forestry, and fishing, value added, % of GDP",MMR,1977,
World Bank Indicators API,NV.AGR.TOTL.ZS,"Agriculture, forestry, and fishing, value added, % of GDP",MMR,1976,
World Bank Indicators API,NV.AGR.TOTL.ZS,"Agriculture, forestry, and fishing, value added, % of GDP",MMR,1975,
World Bank Indicators API,NV.AGR.TOTL.ZS,"Agriculture, forestry, and fishing, value added, % of GDP",MMR,1974,
World Bank Indicators API,NV.AGR.TOTL.ZS,"Agriculture, forestry, and fishing, value added, % of GDP",MMR,1973,
World Bank Indicators API,NV.AGR.TOTL.ZS,"Agriculture, forestry, and fishing, value added, % of GDP",MMR,1972,
World Bank Indicators API,NV.AGR.TOTL.ZS,"Agriculture, forestry, and fishing, value added, % of GDP",MMR,1971,
World Bank Indicators API,NV.AGR.TOTL.ZS,"Agriculture, forestry, and fishing, value added, % of GDP",MMR,1970,
World Bank Indicators API,NV.AGR.TOTL.ZS,"Agriculture, forestry, and fishing, value added, % of GDP",MMR,1969,
World Bank Indicators API,NV.AGR.TOTL.ZS,"Agriculture, forestry, and fishing, value added, % of GDP",MMR,1968,
World Bank Indicators API,NV.AGR.TOTL.ZS,"Agriculture, forestry, and fishing, value added, % of GDP",MMR,1967,
World Bank Indicators API,NV.AGR.TOTL.ZS,"Agriculture, forestry, and fishing, value added, % of GDP",MMR,1966,
World Bank Indicators API,NV.AGR.TOTL.ZS,"Agriculture, forestry, and fishing, value added, % of GDP",MMR,1965,
World Bank Indicators API,NV.AGR.TOTL.ZS,"Agriculture, forestry, and fishing, value added, % of GDP",MMR,1964,
World Bank Indicators API,NV.AGR.TOTL.ZS,"Agriculture, forestry, and fishing, value added, % of GDP",MMR,1963,
World Bank Indicators API,NV.AGR.TOTL.ZS,"Agriculture, forestry, and fishing, value added, % of GDP",MMR,1962,
World Bank Indicators API,NV.AGR.TOTL.ZS,"Agriculture, forestry, and fishing, value added, % of GDP",MMR,1961,
World Bank Indicators API,NV.AGR.TOTL.ZS,"Agriculture, forestry, and fishing, value added, % of GDP",MMR,1960,
World Bank Indicators API,NV.IND.TOTL.ZS,"Industry, value added, % of GDP",MMR,2025,
World Bank Indicators API,NV.IND.TOTL.ZS,"Industry, value added, % of GDP",MMR,2024,37.8123706470066
World Bank Indicators API,NV.IND.TOTL.ZS,"Industry, value added, % of GDP",MMR,2023,37.5929250362669
World Bank Indicators API,NV.IND.TOTL.ZS,"Industry, value added, % of GDP",MMR,2022,38.2471357653023
World Bank Indicators API,NV.IND.TOTL.ZS,"Industry, value added, % of GDP",MMR,2021,37.3108899934826
World Bank Indicators API,NV.IND.TOTL.ZS,"Industry, value added, % of GDP",MMR,2020,37.5439155484288
World Bank Indicators API,NV.IND.TOTL.ZS,"Industry, value added, % of GDP",MMR,2019,38.4126110918443
World Bank Indicators API,NV.IND.TOTL.ZS,"Industry, value added, % of GDP",MMR,2018,36.9634615021809
World Bank Indicators API,NV.IND.TOTL.ZS,"Industry, value added, % of GDP",MMR,2017,36.8009211203558
World Bank Indicators API,NV.IND.TOTL.ZS,"Industry, value added, % of GDP",MMR,2016,34.8095048832944
World Bank Indicators API,NV.IND.TOTL.ZS,"Industry, value added, % of GDP",MMR,2015,34.4688212621502
World Bank Indicators API,NV.IND.TOTL.ZS,"Industry, value added, % of GDP",MMR,2014,34.4897147952325
World Bank Indicators API,NV.IND.TOTL.ZS,"Industry, value added, % of GDP",MMR,2013,32.3622196006021
World Bank Indicators API,NV.IND.TOTL.ZS,"Industry, value added, % of GDP",MMR,2012,32.3730207966326
World Bank Indicators API,NV.IND.TOTL.ZS,"Industry, value added, % of GDP",MMR,2011,31.2916488307023
World Bank Indicators API,NV.IND.TOTL.ZS,"Industry, value added, % of GDP",MMR,2010,26.4680642743774
World Bank Indicators API,NV.IND.TOTL.ZS,"Industry, value added, % of GDP",MMR,2009,24.5320050982062
World Bank Indicators API,NV.IND.TOTL.ZS,"Industry, value added, % of GDP",MMR,2008,22.6658154224732
World Bank Indicators API,NV.IND.TOTL.ZS,"Industry, value added, % of GDP",MMR,2007,20.4091296662276
World Bank Indicators API,NV.IND.TOTL.ZS,"Industry, value added, % of GDP",MMR,2006,19.2372930203744
World Bank Indicators API,NV.IND.TOTL.ZS,"Industry, value added, % of GDP",MMR,2005,17.512204636055
World Bank Indicators API,NV.IND.TOTL.ZS,"Industry, value added, % of GDP",MMR,2004,16.3663619555986
World Bank Indicators API,NV.IND.TOTL.ZS,"Industry, value added, % of GDP",MMR,2003,14.2582573952557
World Bank Indicators API,NV.IND.TOTL.ZS,"Industry, value added, % of GDP",MMR,2002,13.0068954922166
World Bank Indicators API,NV.IND.TOTL.ZS,"Industry, value added, % of GDP",MMR,2001,10.5804943321805
World Bank Indicators API,NV.IND.TOTL.ZS,"Industry, value added, % of GDP",MMR,2000,9.69226113586128
World Bank Indicators API,NV.IND.TOTL.ZS,"Industry, value added, % of GDP",MMR,1999,
World Bank Indicators API,NV.IND.TOTL.ZS,"Industry, value added, % of GDP",MMR,1998,
World Bank Indicators API,NV.IND.TOTL.ZS,"Industry, value added, % of GDP",MMR,1997,
World Bank Indicators API,NV.IND.TOTL.ZS,"Industry, value added, % of GDP",MMR,1996,
World Bank Indicators API,NV.IND.TOTL.ZS,"Industry, value added, % of GDP",MMR,1995,
World Bank Indicators API,NV.IND.TOTL.ZS,"Industry, value added, % of GDP",MMR,1994,
World Bank Indicators API,NV.IND.TOTL.ZS,"Industry, value added, % of GDP",MMR,1993,
World Bank Indicators API,NV.IND.TOTL.ZS,"Industry, value added, % of GDP",MMR,1992,
World Bank Indicators API,NV.IND.TOTL.ZS,"Industry, value added, % of GDP",MMR,1991,
World Bank Indicators API,NV.IND.TOTL.ZS,"Industry, value added, % of GDP",MMR,1990,
World Bank Indicators API,NV.IND.TOTL.ZS,"Industry, value added, % of GDP",MMR,1989,
World Bank Indicators API,NV.IND.TOTL.ZS,"Industry, value added, % of GDP",MMR,1988,
World Bank Indicators API,NV.IND.TOTL.ZS,"Industry, value added, % of GDP",MMR,1987,
World Bank Indicators API,NV.IND.TOTL.ZS,"Industry, value added, % of GDP",MMR,1986,
World Bank Indicators API,NV.IND.TOTL.ZS,"Industry, value added, % of GDP",MMR,1985,
World Bank Indicators API,NV.IND.TOTL.ZS,"Industry, value added, % of GDP",MMR,1984,
World Bank Indicators API,NV.IND.TOTL.ZS,"Industry, value added, % of GDP",MMR,1983,
World Bank Indicators API,NV.IND.TOTL.ZS,"Industry, value added, % of GDP",MMR,1982,
World Bank Indicators API,NV.IND.TOTL.ZS,"Industry, value added, % of GDP",MMR,1981,
World Bank Indicators API,NV.IND.TOTL.ZS,"Industry, value added, % of GDP",MMR,1980,
World Bank Indicators API,NV.IND.TOTL.ZS,"Industry, value added, % of GDP",MMR,1979,
World Bank Indicators API,NV.IND.TOTL.ZS,"Industry, value added, % of GDP",MMR,1978,
World Bank Indicators API,NV.IND.TOTL.ZS,"Industry, value added, % of GDP",MMR,1977,
World Bank Indicators API,NV.IND.TOTL.ZS,"Industry, value added, % of GDP",MMR,1976,
World Bank Indicators API,NV.IND.TOTL.ZS,"Industry, value added, % of GDP",MMR,1975,
World Bank Indicators API,NV.IND.TOTL.ZS,"Industry, value added, % of GDP",MMR,1974,
World Bank Indicators API,NV.IND.TOTL.ZS,"Industry, value added, % of GDP",MMR,1973,
World Bank Indicators API,NV.IND.TOTL.ZS,"Industry, value added, % of GDP",MMR,1972,
World Bank Indicators API,NV.IND.TOTL.ZS,"Industry, value added, % of GDP",MMR,1971,
World Bank Indicators API,NV.IND.TOTL.ZS,"Industry, value added, % of GDP",MMR,1970,
World Bank Indicators API,NV.IND.TOTL.ZS,"Industry, value added, % of GDP",MMR,1969,
World Bank Indicators API,NV.IND.TOTL.ZS,"Industry, value added, % of GDP",MMR,1968,
World Bank Indicators API,NV.IND.TOTL.ZS,"Industry, value added, % of GDP",MMR,1967,
World Bank Indicators API,NV.IND.TOTL.ZS,"Industry, value added, % of GDP",MMR,1966,
World Bank Indicators API,NV.IND.TOTL.ZS,"Industry, value added, % of GDP",MMR,1965,
World Bank Indicators API,NV.IND.TOTL.ZS,"Industry, value added, % of GDP",MMR,1964,
World Bank Indicators API,NV.IND.TOTL.ZS,"Industry, value added, % of GDP",MMR,1963,
World Bank Indicators API,NV.IND.TOTL.ZS,"Industry, value added, % of GDP",MMR,1962,
World Bank Indicators API,NV.IND.TOTL.ZS,"Industry, value added, % of GDP",MMR,1961,
World Bank Indicators API,NV.IND.TOTL.ZS,"Industry, value added, % of GDP",MMR,1960,
World Bank Indicators API,NV.SRV.TOTL.ZS,"Services, value added, % of GDP",MMR,2025,
World Bank Indicators API,NV.SRV.TOTL.ZS,"Services, value added, % of GDP",MMR,2024,41.3534526849189
World Bank Indicators API,NV.SRV.TOTL.ZS,"Services, value added, % of GDP",MMR,2023,39.6848439911869
World Bank Indicators API,NV.SRV.TOTL.ZS,"Services, value added, % of GDP",MMR,2022,39.4185141578482
World Bank Indicators API,NV.SRV.TOTL.ZS,"Services, value added, % of GDP",MMR,2021,39.9038198496963
World Bank Indicators API,NV.SRV.TOTL.ZS,"Services, value added, % of GDP",MMR,2020,40.0374319115209
World Bank Indicators API,NV.SRV.TOTL.ZS,"Services, value added, % of GDP",MMR,2019,40.7452311327275
World Bank Indicators API,NV.SRV.TOTL.ZS,"Services, value added, % of GDP",MMR,2018,40.960932093708
World Bank Indicators API,NV.SRV.TOTL.ZS,"Services, value added, % of GDP",MMR,2017,39.7949507833698
World Bank Indicators API,NV.SRV.TOTL.ZS,"Services, value added, % of GDP",MMR,2016,39.5618722429461
World Bank Indicators API,NV.SRV.TOTL.ZS,"Services, value added, % of GDP",MMR,2015,38.7594000921142
World Bank Indicators API,NV.SRV.TOTL.ZS,"Services, value added, % of GDP",MMR,2014,37.6804826288063
World Bank Indicators API,NV.SRV.TOTL.ZS,"Services, value added, % of GDP",MMR,2013,38.1040550388986
World Bank Indicators API,NV.SRV.TOTL.ZS,"Services, value added, % of GDP",MMR,2012,37.0367795009136
World Bank Indicators API,NV.SRV.TOTL.ZS,"Services, value added, % of GDP",MMR,2011,36.2121686668943
World Bank Indicators API,NV.SRV.TOTL.ZS,"Services, value added, % of GDP",MMR,2010,36.6788599743565
World Bank Indicators API,NV.SRV.TOTL.ZS,"Services, value added, % of GDP",MMR,2009,37.3598731111395
World Bank Indicators API,NV.SRV.TOTL.ZS,"Services, value added, % of GDP",MMR,2008,37.0590889399783
World Bank Indicators API,NV.SRV.TOTL.ZS,"Services, value added, % of GDP",MMR,2007,
World Bank Indicators API,NV.SRV.TOTL.ZS,"Services, value added, % of GDP",MMR,2006,
World Bank Indicators API,NV.SRV.TOTL.ZS,"Services, value added, % of GDP",MMR,2005,
World Bank Indicators API,NV.SRV.TOTL.ZS,"Services, value added, % of GDP",MMR,2004,
World Bank Indicators API,NV.SRV.TOTL.ZS,"Services, value added, % of GDP",MMR,2003,
World Bank Indicators API,NV.SRV.TOTL.ZS,"Services, value added, % of GDP",MMR,2002,
World Bank Indicators API,NV.SRV.TOTL.ZS,"Services, value added, % of GDP",MMR,2001,
World Bank Indicators API,NV.SRV.TOTL.ZS,"Services, value added, % of GDP",MMR,2000,
World Bank Indicators API,NV.SRV.TOTL.ZS,"Services, value added, % of GDP",MMR,1999,
World Bank Indicators API,NV.SRV.TOTL.ZS,"Services, value added, % of GDP",MMR,1998,
World Bank Indicators API,NV.SRV.TOTL.ZS,"Services, value added, % of GDP",MMR,1997,
World Bank Indicators API,NV.SRV.TOTL.ZS,"Services, value added, % of GDP",MMR,1996,
World Bank Indicators API,NV.SRV.TOTL.ZS,"Services, value added, % of GDP",MMR,1995,
World Bank Indicators API,NV.SRV.TOTL.ZS,"Services, value added, % of GDP",MMR,1994,
World Bank Indicators API,NV.SRV.TOTL.ZS,"Services, value added, % of GDP",MMR,1993,
World Bank Indicators API,NV.SRV.TOTL.ZS,"Services, value added, % of GDP",MMR,1992,
World Bank Indicators API,NV.SRV.TOTL.ZS,"Services, value added, % of GDP",MMR,1991,
World Bank Indicators API,NV.SRV.TOTL.ZS,"Services, value added, % of GDP",MMR,1990,
World Bank Indicators API,NV.SRV.TOTL.ZS,"Services, value added, % of GDP",MMR,1989,
World Bank Indicators API,NV.SRV.TOTL.ZS,"Services, value added, % of GDP",MMR,1988,
World Bank Indicators API,NV.SRV.TOTL.ZS,"Services, value added, % of GDP",MMR,1987,
World Bank Indicators API,NV.SRV.TOTL.ZS,"Services, value added, % of GDP",MMR,1986,
World Bank Indicators API,NV.SRV.TOTL.ZS,"Services, value added, % of GDP",MMR,1985,
World Bank Indicators API,NV.SRV.TOTL.ZS,"Services, value added, % of GDP",MMR,1984,
World Bank Indicators API,NV.SRV.TOTL.ZS,"Services, value added, % of GDP",MMR,1983,
World Bank Indicators API,NV.SRV.TOTL.ZS,"Services, value added, % of GDP",MMR,1982,
World Bank Indicators API,NV.SRV.TOTL.ZS,"Services, value added, % of GDP",MMR,1981,
World Bank Indicators API,NV.SRV.TOTL.ZS,"Services, value added, % of GDP",MMR,1980,
World Bank Indicators API,NV.SRV.TOTL.ZS,"Services, value added, % of GDP",MMR,1979,
World Bank Indicators API,NV.SRV.TOTL.ZS,"Services, value added, % of GDP",MMR,1978,
World Bank Indicators API,NV.SRV.TOTL.ZS,"Services, value added, % of GDP",MMR,1977,
World Bank Indicators API,NV.SRV.TOTL.ZS,"Services, value added, % of GDP",MMR,1976,
World Bank Indicators API,NV.SRV.TOTL.ZS,"Services, value added, % of GDP",MMR,1975,
World Bank Indicators API,NV.SRV.TOTL.ZS,"Services, value added, % of GDP",MMR,1974,
World Bank Indicators API,NV.SRV.TOTL.ZS,"Services, value added, % of GDP",MMR,1973,
World Bank Indicators API,NV.SRV.TOTL.ZS,"Services, value added, % of GDP",MMR,1972,
World Bank Indicators API,NV.SRV.TOTL.ZS,"Services, value added, % of GDP",MMR,1971,
World Bank Indicators API,NV.SRV.TOTL.ZS,"Services, value added, % of GDP",MMR,1970,
World Bank Indicators API,NV.SRV.TOTL.ZS,"Services, value added, % of GDP",MMR,1969,
World Bank Indicators API,NV.SRV.TOTL.ZS,"Services, value added, % of GDP",MMR,1968,
World Bank Indicators API,NV.SRV.TOTL.ZS,"Services, value added, % of GDP",MMR,1967,
World Bank Indicators API,NV.SRV.TOTL.ZS,"Services, value added, % of GDP",MMR,1966,
World Bank Indicators API,NV.SRV.TOTL.ZS,"Services, value added, % of GDP",MMR,1965,
World Bank Indicators API,NV.SRV.TOTL.ZS,"Services, value added, % of GDP",MMR,1964,
World Bank Indicators API,NV.SRV.TOTL.ZS,"Services, value added, % of GDP",MMR,1963,
World Bank Indicators API,NV.SRV.TOTL.ZS,"Services, value added, % of GDP",MMR,1962,
World Bank Indicators API,NV.SRV.TOTL.ZS,"Services, value added, % of GDP",MMR,1961,
World Bank Indicators API,NV.SRV.TOTL.ZS,"Services, value added, % of GDP",MMR,1960,
World Bank Indicators API,TX.VAL.MRCH.CD.WT,"Merchandise exports, current US$",MMR,2025,
World Bank Indicators API,TX.VAL.MRCH.CD.WT,"Merchandise exports, current US$",MMR,2024,14924000000
World Bank Indicators API,TX.VAL.MRCH.CD.WT,"Merchandise exports, current US$",MMR,2023,14753000000
World Bank Indicators API,TX.VAL.MRCH.CD.WT,"Merchandise exports, current US$",MMR,2022,17085000000
World Bank Indicators API,TX.VAL.MRCH.CD.WT,"Merchandise exports, current US$",MMR,2021,15154000000
World Bank Indicators API,TX.VAL.MRCH.CD.WT,"Merchandise exports, current US$",MMR,2020,16692000000
World Bank Indicators API,TX.VAL.MRCH.CD.WT,"Merchandise exports, current US$",MMR,2019,17997000000
World Bank Indicators API,TX.VAL.MRCH.CD.WT,"Merchandise exports, current US$",MMR,2018,16614000000
World Bank Indicators API,TX.VAL.MRCH.CD.WT,"Merchandise exports, current US$",MMR,2017,13879000000
World Bank Indicators API,TX.VAL.MRCH.CD.WT,"Merchandise exports, current US$",MMR,2016,11831000000
World Bank Indicators API,TX.VAL.MRCH.CD.WT,"Merchandise exports, current US$",MMR,2015,11429000000
World Bank Indicators API,TX.VAL.MRCH.CD.WT,"Merchandise exports, current US$",MMR,2014,11453000000
World Bank Indicators API,TX.VAL.MRCH.CD.WT,"Merchandise exports, current US$",MMR,2013,11233000000
World Bank Indicators API,TX.VAL.MRCH.CD.WT,"Merchandise exports, current US$",MMR,2012,8877000000
World Bank Indicators API,TX.VAL.MRCH.CD.WT,"Merchandise exports, current US$",MMR,2011,9238000000
World Bank Indicators API,TX.VAL.MRCH.CD.WT,"Merchandise exports, current US$",MMR,2010,8661000000
World Bank Indicators API,TX.VAL.MRCH.CD.WT,"Merchandise exports, current US$",MMR,2009,6662000000
World Bank Indicators API,TX.VAL.MRCH.CD.WT,"Merchandise exports, current US$",MMR,2008,6882000000
World Bank Indicators API,TX.VAL.MRCH.CD.WT,"Merchandise exports, current US$",MMR,2007,6253000000
World Bank Indicators API,TX.VAL.MRCH.CD.WT,"Merchandise exports, current US$",MMR,2006,4539000000
World Bank Indicators API,TX.VAL.MRCH.CD.WT,"Merchandise exports, current US$",MMR,2005,3776000000
World Bank Indicators API,TX.VAL.MRCH.CD.WT,"Merchandise exports, current US$",MMR,2004,2355000000
World Bank Indicators API,TX.VAL.MRCH.CD.WT,"Merchandise exports, current US$",MMR,2003,2458000000
World Bank Indicators API,TX.VAL.MRCH.CD.WT,"Merchandise exports, current US$",MMR,2002,3015000000
World Bank Indicators API,TX.VAL.MRCH.CD.WT,"Merchandise exports, current US$",MMR,2001,2358000000
World Bank Indicators API,TX.VAL.MRCH.CD.WT,"Merchandise exports, current US$",MMR,2000,1620000000
World Bank Indicators API,TX.VAL.MRCH.CD.WT,"Merchandise exports, current US$",MMR,1999,1125000000
World Bank Indicators API,TX.VAL.MRCH.CD.WT,"Merchandise exports, current US$",MMR,1998,1065000000
World Bank Indicators API,TX.VAL.MRCH.CD.WT,"Merchandise exports, current US$",MMR,1997,866000000
World Bank Indicators API,TX.VAL.MRCH.CD.WT,"Merchandise exports, current US$",MMR,1996,746000000
World Bank Indicators API,TX.VAL.MRCH.CD.WT,"Merchandise exports, current US$",MMR,1995,851000000
World Bank Indicators API,TX.VAL.MRCH.CD.WT,"Merchandise exports, current US$",MMR,1994,798000000
World Bank Indicators API,TX.VAL.MRCH.CD.WT,"Merchandise exports, current US$",MMR,1993,586000000
World Bank Indicators API,TX.VAL.MRCH.CD.WT,"Merchandise exports, current US$",MMR,1992,531000000
World Bank Indicators API,TX.VAL.MRCH.CD.WT,"Merchandise exports, current US$",MMR,1991,419000000
World Bank Indicators API,TX.VAL.MRCH.CD.WT,"Merchandise exports, current US$",MMR,1990,325000000
World Bank Indicators API,TX.VAL.MRCH.CD.WT,"Merchandise exports, current US$",MMR,1989,212000000
World Bank Indicators API,TX.VAL.MRCH.CD.WT,"Merchandise exports, current US$",MMR,1988,167000000
World Bank Indicators API,TX.VAL.MRCH.CD.WT,"Merchandise exports, current US$",MMR,1987,221000000
World Bank Indicators API,TX.VAL.MRCH.CD.WT,"Merchandise exports, current US$",MMR,1986,291000000
World Bank Indicators API,TX.VAL.MRCH.CD.WT,"Merchandise exports, current US$",MMR,1985,306000000
World Bank Indicators API,TX.VAL.MRCH.CD.WT,"Merchandise exports, current US$",MMR,1984,304000000
World Bank Indicators API,TX.VAL.MRCH.CD.WT,"Merchandise exports, current US$",MMR,1983,382000000
World Bank Indicators API,TX.VAL.MRCH.CD.WT,"Merchandise exports, current US$",MMR,1982,395000000
World Bank Indicators API,TX.VAL.MRCH.CD.WT,"Merchandise exports, current US$",MMR,1981,466000000
World Bank Indicators API,TX.VAL.MRCH.CD.WT,"Merchandise exports, current US$",MMR,1980,477000000
World Bank Indicators API,TX.VAL.MRCH.CD.WT,"Merchandise exports, current US$",MMR,1979,387000000
World Bank Indicators API,TX.VAL.MRCH.CD.WT,"Merchandise exports, current US$",MMR,1978,245000000
World Bank Indicators API,TX.VAL.MRCH.CD.WT,"Merchandise exports, current US$",MMR,1977,215000000
World Bank Indicators API,TX.VAL.MRCH.CD.WT,"Merchandise exports, current US$",MMR,1976,208000000
World Bank Indicators API,TX.VAL.MRCH.CD.WT,"Merchandise exports, current US$",MMR,1975,173000000
World Bank Indicators API,TX.VAL.MRCH.CD.WT,"Merchandise exports, current US$",MMR,1974,189000000
World Bank Indicators API,TX.VAL.MRCH.CD.WT,"Merchandise exports, current US$",MMR,1973,131000000
World Bank Indicators API,TX.VAL.MRCH.CD.WT,"Merchandise exports, current US$",MMR,1972,120000000
World Bank Indicators API,TX.VAL.MRCH.CD.WT,"Merchandise exports, current US$",MMR,1971,125000000
World Bank Indicators API,TX.VAL.MRCH.CD.WT,"Merchandise exports, current US$",MMR,1970,108000000
World Bank Indicators API,TX.VAL.MRCH.CD.WT,"Merchandise exports, current US$",MMR,1969,132000000
World Bank Indicators API,TX.VAL.MRCH.CD.WT,"Merchandise exports, current US$",MMR,1968,111000000
World Bank Indicators API,TX.VAL.MRCH.CD.WT,"Merchandise exports, current US$",MMR,1967,124000000
World Bank Indicators API,TX.VAL.MRCH.CD.WT,"Merchandise exports, current US$",MMR,1966,194000000
World Bank Indicators API,TX.VAL.MRCH.CD.WT,"Merchandise exports, current US$",MMR,1965,225000000
World Bank Indicators API,TX.VAL.MRCH.CD.WT,"Merchandise exports, current US$",MMR,1964,233000000
World Bank Indicators API,TX.VAL.MRCH.CD.WT,"Merchandise exports, current US$",MMR,1963,270000000
World Bank Indicators API,TX.VAL.MRCH.CD.WT,"Merchandise exports, current US$",MMR,1962,265000000
World Bank Indicators API,TX.VAL.MRCH.CD.WT,"Merchandise exports, current US$",MMR,1961,221000000
World Bank Indicators API,TX.VAL.MRCH.CD.WT,"Merchandise exports, current US$",MMR,1960,224000000
World Bank Indicators API,TM.VAL.MRCH.CD.WT,"Merchandise imports, current US$",MMR,2025,
World Bank Indicators API,TM.VAL.MRCH.CD.WT,"Merchandise imports, current US$",MMR,2024,12452000000
World Bank Indicators API,TM.VAL.MRCH.CD.WT,"Merchandise imports, current US$",MMR,2023,16440000000
World Bank Indicators API,TM.VAL.MRCH.CD.WT,"Merchandise imports, current US$",MMR,2022,17403000000
World Bank Indicators API,TM.VAL.MRCH.CD.WT,"Merchandise imports, current US$",MMR,2021,14327000000
World Bank Indicators API,TM.VAL.MRCH.CD.WT,"Merchandise imports, current US$",MMR,2020,17947000000
World Bank Indicators API,TM.VAL.MRCH.CD.WT,"Merchandise imports, current US$",MMR,2019,18588000000
World Bank Indicators API,TM.VAL.MRCH.CD.WT,"Merchandise imports, current US$",MMR,2018,19334000000
World Bank Indicators API,TM.VAL.MRCH.CD.WT,"Merchandise imports, current US$",MMR,2017,19253000000
World Bank Indicators API,TM.VAL.MRCH.CD.WT,"Merchandise imports, current US$",MMR,2016,15705000000
World Bank Indicators API,TM.VAL.MRCH.CD.WT,"Merchandise imports, current US$",MMR,2015,16885000000
World Bank Indicators API,TM.VAL.MRCH.CD.WT,"Merchandise imports, current US$",MMR,2014,16459000000
World Bank Indicators API,TM.VAL.MRCH.CD.WT,"Merchandise imports, current US$",MMR,2013,12043000000
World Bank Indicators API,TM.VAL.MRCH.CD.WT,"Merchandise imports, current US$",MMR,2012,9201000000
World Bank Indicators API,TM.VAL.MRCH.CD.WT,"Merchandise imports, current US$",MMR,2011,9019000000
World Bank Indicators API,TM.VAL.MRCH.CD.WT,"Merchandise imports, current US$",MMR,2010,4760000000
World Bank Indicators API,TM.VAL.MRCH.CD.WT,"Merchandise imports, current US$",MMR,2009,4348000000
World Bank Indicators API,TM.VAL.MRCH.CD.WT,"Merchandise imports, current US$",MMR,2008,4256000000
World Bank Indicators API,TM.VAL.MRCH.CD.WT,"Merchandise imports, current US$",MMR,2007,3247000000
World Bank Indicators API,TM.VAL.MRCH.CD.WT,"Merchandise imports, current US$",MMR,2006,2538000000
World Bank Indicators API,TM.VAL.MRCH.CD.WT,"Merchandise imports, current US$",MMR,2005,1908000000
World Bank Indicators API,TM.VAL.MRCH.CD.WT,"Merchandise imports, current US$",MMR,2004,2174000000
World Bank Indicators API,TM.VAL.MRCH.CD.WT,"Merchandise imports, current US$",MMR,2003,2070000000
World Bank Indicators API,TM.VAL.MRCH.CD.WT,"Merchandise imports, current US$",MMR,2002,2324000000
World Bank Indicators API,TM.VAL.MRCH.CD.WT,"Merchandise imports, current US$",MMR,2001,2849000000
World Bank Indicators API,TM.VAL.MRCH.CD.WT,"Merchandise imports, current US$",MMR,2000,2371000000
World Bank Indicators API,TM.VAL.MRCH.CD.WT,"Merchandise imports, current US$",MMR,1999,2300000000
World Bank Indicators API,TM.VAL.MRCH.CD.WT,"Merchandise imports, current US$",MMR,1998,2666000000
World Bank Indicators API,TM.VAL.MRCH.CD.WT,"Merchandise imports, current US$",MMR,1997,2037000000
World Bank Indicators API,TM.VAL.MRCH.CD.WT,"Merchandise imports, current US$",MMR,1996,1358000000
World Bank Indicators API,TM.VAL.MRCH.CD.WT,"Merchandise imports, current US$",MMR,1995,1335000000
World Bank Indicators API,TM.VAL.MRCH.CD.WT,"Merchandise imports, current US$",MMR,1994,886000000
World Bank Indicators API,TM.VAL.MRCH.CD.WT,"Merchandise imports, current US$",MMR,1993,814000000
World Bank Indicators API,TM.VAL.MRCH.CD.WT,"Merchandise imports, current US$",MMR,1992,651000000
World Bank Indicators API,TM.VAL.MRCH.CD.WT,"Merchandise imports, current US$",MMR,1991,646000000
World Bank Indicators API,TM.VAL.MRCH.CD.WT,"Merchandise imports, current US$",MMR,1990,270000000
World Bank Indicators API,TM.VAL.MRCH.CD.WT,"Merchandise imports, current US$",MMR,1989,193000000
World Bank Indicators API,TM.VAL.MRCH.CD.WT,"Merchandise imports, current US$",MMR,1988,246000000
World Bank Indicators API,TM.VAL.MRCH.CD.WT,"Merchandise imports, current US$",MMR,1987,271000000
World Bank Indicators API,TM.VAL.MRCH.CD.WT,"Merchandise imports, current US$",MMR,1986,307000000
World Bank Indicators API,TM.VAL.MRCH.CD.WT,"Merchandise imports, current US$",MMR,1985,286000000
World Bank Indicators API,TM.VAL.MRCH.CD.WT,"Merchandise imports, current US$",MMR,1984,241000000
World Bank Indicators API,TM.VAL.MRCH.CD.WT,"Merchandise imports, current US$",MMR,1983,270000000
World Bank Indicators API,TM.VAL.MRCH.CD.WT,"Merchandise imports, current US$",MMR,1982,413000000
World Bank Indicators API,TM.VAL.MRCH.CD.WT,"Merchandise imports, current US$",MMR,1981,376000000
World Bank Indicators API,TM.VAL.MRCH.CD.WT,"Merchandise imports, current US$",MMR,1980,357000000
World Bank Indicators API,TM.VAL.MRCH.CD.WT,"Merchandise imports, current US$",MMR,1979,322000000
World Bank Indicators API,TM.VAL.MRCH.CD.WT,"Merchandise imports, current US$",MMR,1978,312000000
World Bank Indicators API,TM.VAL.MRCH.CD.WT,"Merchandise imports, current US$",MMR,1977,242000000
World Bank Indicators API,TM.VAL.MRCH.CD.WT,"Merchandise imports, current US$",MMR,1976,179000000
World Bank Indicators API,TM.VAL.MRCH.CD.WT,"Merchandise imports, current US$",MMR,1975,195000000
World Bank Indicators API,TM.VAL.MRCH.CD.WT,"Merchandise imports, current US$",MMR,1974,177000000
World Bank Indicators API,TM.VAL.MRCH.CD.WT,"Merchandise imports, current US$",MMR,1973,106000000
World Bank Indicators API,TM.VAL.MRCH.CD.WT,"Merchandise imports, current US$",MMR,1972,133000000
World Bank Indicators API,TM.VAL.MRCH.CD.WT,"Merchandise imports, current US$",MMR,1971,169000000
World Bank Indicators API,TM.VAL.MRCH.CD.WT,"Merchandise imports, current US$",MMR,1970,155000000
World Bank Indicators API,TM.VAL.MRCH.CD.WT,"Merchandise imports, current US$",MMR,1969,165000000
World Bank Indicators API,TM.VAL.MRCH.CD.WT,"Merchandise imports, current US$",MMR,1968,114000000
World Bank Indicators API,TM.VAL.MRCH.CD.WT,"Merchandise imports, current US$",MMR,1967,124000000
World Bank Indicators API,TM.VAL.MRCH.CD.WT,"Merchandise imports, current US$",MMR,1966,158000000
World Bank Indicators API,TM.VAL.MRCH.CD.WT,"Merchandise imports, current US$",MMR,1965,247000000
World Bank Indicators API,TM.VAL.MRCH.CD.WT,"Merchandise imports, current US$",MMR,1964,271000000
World Bank Indicators API,TM.VAL.MRCH.CD.WT,"Merchandise imports, current US$",MMR,1963,234000000
World Bank Indicators API,TM.VAL.MRCH.CD.WT,"Merchandise imports, current US$",MMR,1962,219000000
World Bank Indicators API,TM.VAL.MRCH.CD.WT,"Merchandise imports, current US$",MMR,1961,216000000
World Bank Indicators API,TM.VAL.MRCH.CD.WT,"Merchandise imports, current US$",MMR,1960,262000000
World Bank Indicators API,TX.VAL.TECH.MF.ZS,"High-technology exports, % of manufactured exports",MMR,2025,
World Bank Indicators API,TX.VAL.TECH.MF.ZS,"High-technology exports, % of manufactured exports",MMR,2024,5.19991999790977
World Bank Indicators API,TX.VAL.TECH.MF.ZS,"High-technology exports, % of manufactured exports",MMR,2023,2.94631414241606
World Bank Indicators API,TX.VAL.TECH.MF.ZS,"High-technology exports, % of manufactured exports",MMR,2022,2.61457839564408
World Bank Indicators API,TX.VAL.TECH.MF.ZS,"High-technology exports, % of manufactured exports",MMR,2021,5.06936843360325
World Bank Indicators API,TX.VAL.TECH.MF.ZS,"High-technology exports, % of manufactured exports",MMR,2020,3.17252493795944
World Bank Indicators API,TX.VAL.TECH.MF.ZS,"High-technology exports, % of manufactured exports",MMR,2019,2.75051999089837
World Bank Indicators API,TX.VAL.TECH.MF.ZS,"High-technology exports, % of manufactured exports",MMR,2018,4.51638176248917
World Bank Indicators API,TX.VAL.TECH.MF.ZS,"High-technology exports, % of manufactured exports",MMR,2017,6.02870411336858
World Bank Indicators API,TX.VAL.TECH.MF.ZS,"High-technology exports, % of manufactured exports",MMR,2016,7.53383676615383
World Bank Indicators API,TX.VAL.TECH.MF.ZS,"High-technology exports, % of manufactured exports",MMR,2015,0.469787769200266
World Bank Indicators API,TX.VAL.TECH.MF.ZS,"High-technology exports, % of manufactured exports",MMR,2014,0.62703149028518
World Bank Indicators API,TX.VAL.TECH.MF.ZS,"High-technology exports, % of manufactured exports",MMR,2013,0.268343903272684
World Bank Indicators API,TX.VAL.TECH.MF.ZS,"High-technology exports, % of manufactured exports",MMR,2012,1.01357200229777
World Bank Indicators API,TX.VAL.TECH.MF.ZS,"High-technology exports, % of manufactured exports",MMR,2011,0.201949573625045
World Bank Indicators API,TX.VAL.TECH.MF.ZS,"High-technology exports, % of manufactured exports",MMR,2010,0.00268127279743683
World Bank Indicators API,TX.VAL.TECH.MF.ZS,"High-technology exports, % of manufactured exports",MMR,2009,
World Bank Indicators API,TX.VAL.TECH.MF.ZS,"High-technology exports, % of manufactured exports",MMR,2008,
World Bank Indicators API,TX.VAL.TECH.MF.ZS,"High-technology exports, % of manufactured exports",MMR,2007,
World Bank Indicators API,TX.VAL.TECH.MF.ZS,"High-technology exports, % of manufactured exports",MMR,2006,
World Bank Indicators API,TX.VAL.TECH.MF.ZS,"High-technology exports, % of manufactured exports",MMR,2005,
World Bank Indicators API,TX.VAL.TECH.MF.ZS,"High-technology exports, % of manufactured exports",MMR,2004,
World Bank Indicators API,TX.VAL.TECH.MF.ZS,"High-technology exports, % of manufactured exports",MMR,2003,
World Bank Indicators API,TX.VAL.TECH.MF.ZS,"High-technology exports, % of manufactured exports",MMR,2002,
World Bank Indicators API,TX.VAL.TECH.MF.ZS,"High-technology exports, % of manufactured exports",MMR,2001,
World Bank Indicators API,TX.VAL.TECH.MF.ZS,"High-technology exports, % of manufactured exports",MMR,2000,
World Bank Indicators API,TX.VAL.TECH.MF.ZS,"High-technology exports, % of manufactured exports",MMR,1999,
World Bank Indicators API,TX.VAL.TECH.MF.ZS,"High-technology exports, % of manufactured exports",MMR,1998,
World Bank Indicators API,TX.VAL.TECH.MF.ZS,"High-technology exports, % of manufactured exports",MMR,1997,
World Bank Indicators API,TX.VAL.TECH.MF.ZS,"High-technology exports, % of manufactured exports",MMR,1996,
World Bank Indicators API,TX.VAL.TECH.MF.ZS,"High-technology exports, % of manufactured exports",MMR,1995,
World Bank Indicators API,TX.VAL.TECH.MF.ZS,"High-technology exports, % of manufactured exports",MMR,1994,
World Bank Indicators API,TX.VAL.TECH.MF.ZS,"High-technology exports, % of manufactured exports",MMR,1993,
World Bank Indicators API,TX.VAL.TECH.MF.ZS,"High-technology exports, % of manufactured exports",MMR,1992,
World Bank Indicators API,TX.VAL.TECH.MF.ZS,"High-technology exports, % of manufactured exports",MMR,1991,
World Bank Indicators API,TX.VAL.TECH.MF.ZS,"High-technology exports, % of manufactured exports",MMR,1990,
World Bank Indicators API,TX.VAL.TECH.MF.ZS,"High-technology exports, % of manufactured exports",MMR,1989,
World Bank Indicators API,TX.VAL.TECH.MF.ZS,"High-technology exports, % of manufactured exports",MMR,1988,
World Bank Indicators API,TX.VAL.TECH.MF.ZS,"High-technology exports, % of manufactured exports",MMR,1987,
World Bank Indicators API,TX.VAL.TECH.MF.ZS,"High-technology exports, % of manufactured exports",MMR,1986,
World Bank Indicators API,TX.VAL.TECH.MF.ZS,"High-technology exports, % of manufactured exports",MMR,1985,
World Bank Indicators API,TX.VAL.TECH.MF.ZS,"High-technology exports, % of manufactured exports",MMR,1984,
World Bank Indicators API,TX.VAL.TECH.MF.ZS,"High-technology exports, % of manufactured exports",MMR,1983,
World Bank Indicators API,TX.VAL.TECH.MF.ZS,"High-technology exports, % of manufactured exports",MMR,1982,
World Bank Indicators API,TX.VAL.TECH.MF.ZS,"High-technology exports, % of manufactured exports",MMR,1981,
World Bank Indicators API,TX.VAL.TECH.MF.ZS,"High-technology exports, % of manufactured exports",MMR,1980,
World Bank Indicators API,TX.VAL.TECH.MF.ZS,"High-technology exports, % of manufactured exports",MMR,1979,
World Bank Indicators API,TX.VAL.TECH.MF.ZS,"High-technology exports, % of manufactured exports",MMR,1978,
World Bank Indicators API,TX.VAL.TECH.MF.ZS,"High-technology exports, % of manufactured exports",MMR,1977,
World Bank Indicators API,TX.VAL.TECH.MF.ZS,"High-technology exports, % of manufactured exports",MMR,1976,
World Bank Indicators API,TX.VAL.TECH.MF.ZS,"High-technology exports, % of manufactured exports",MMR,1975,
World Bank Indicators API,TX.VAL.TECH.MF.ZS,"High-technology exports, % of manufactured exports",MMR,1974,
World Bank Indicators API,TX.VAL.TECH.MF.ZS,"High-technology exports, % of manufactured exports",MMR,1973,
World Bank Indicators API,TX.VAL.TECH.MF.ZS,"High-technology exports, % of manufactured exports",MMR,1972,
World Bank Indicators API,TX.VAL.TECH.MF.ZS,"High-technology exports, % of manufactured exports",MMR,1971,
World Bank Indicators API,TX.VAL.TECH.MF.ZS,"High-technology exports, % of manufactured exports",MMR,1970,
World Bank Indicators API,TX.VAL.TECH.MF.ZS,"High-technology exports, % of manufactured exports",MMR,1969,
World Bank Indicators API,TX.VAL.TECH.MF.ZS,"High-technology exports, % of manufactured exports",MMR,1968,
World Bank Indicators API,TX.VAL.TECH.MF.ZS,"High-technology exports, % of manufactured exports",MMR,1967,
World Bank Indicators API,TX.VAL.TECH.MF.ZS,"High-technology exports, % of manufactured exports",MMR,1966,
World Bank Indicators API,TX.VAL.TECH.MF.ZS,"High-technology exports, % of manufactured exports",MMR,1965,
World Bank Indicators API,TX.VAL.TECH.MF.ZS,"High-technology exports, % of manufactured exports",MMR,1964,
World Bank Indicators API,TX.VAL.TECH.MF.ZS,"High-technology exports, % of manufactured exports",MMR,1963,
World Bank Indicators API,TX.VAL.TECH.MF.ZS,"High-technology exports, % of manufactured exports",MMR,1962,
World Bank Indicators API,TX.VAL.TECH.MF.ZS,"High-technology exports, % of manufactured exports",MMR,1961,
World Bank Indicators API,TX.VAL.TECH.MF.ZS,"High-technology exports, % of manufactured exports",MMR,1960,
World Bank Indicators API,SL.EMP.TOTL.SP.ZS,"Employment to population ratio, 15+, total, %",MMR,2025,53.41
World Bank Indicators API,SL.EMP.TOTL.SP.ZS,"Employment to population ratio, 15+, total, %",MMR,2024,53.537
World Bank Indicators API,SL.EMP.TOTL.SP.ZS,"Employment to population ratio, 15+, total, %",MMR,2023,53.549
World Bank Indicators API,SL.EMP.TOTL.SP.ZS,"Employment to population ratio, 15+, total, %",MMR,2022,53.527
World Bank Indicators API,SL.EMP.TOTL.SP.ZS,"Employment to population ratio, 15+, total, %",MMR,2021,52.796
World Bank Indicators API,SL.EMP.TOTL.SP.ZS,"Employment to population ratio, 15+, total, %",MMR,2020,59.263
World Bank Indicators API,SL.EMP.TOTL.SP.ZS,"Employment to population ratio, 15+, total, %",MMR,2019,60.255
World Bank Indicators API,SL.EMP.TOTL.SP.ZS,"Employment to population ratio, 15+, total, %",MMR,2018,61.883
World Bank Indicators API,SL.EMP.TOTL.SP.ZS,"Employment to population ratio, 15+, total, %",MMR,2017,61.182
World Bank Indicators API,SL.EMP.TOTL.SP.ZS,"Employment to population ratio, 15+, total, %",MMR,2016,62.707
World Bank Indicators API,SL.EMP.TOTL.SP.ZS,"Employment to population ratio, 15+, total, %",MMR,2015,64.216
World Bank Indicators API,SL.EMP.TOTL.SP.ZS,"Employment to population ratio, 15+, total, %",MMR,2014,64.346
World Bank Indicators API,SL.EMP.TOTL.SP.ZS,"Employment to population ratio, 15+, total, %",MMR,2013,64.487
World Bank Indicators API,SL.EMP.TOTL.SP.ZS,"Employment to population ratio, 15+, total, %",MMR,2012,64.644
World Bank Indicators API,SL.EMP.TOTL.SP.ZS,"Employment to population ratio, 15+, total, %",MMR,2011,64.785
World Bank Indicators API,SL.EMP.TOTL.SP.ZS,"Employment to population ratio, 15+, total, %",MMR,2010,64.896
World Bank Indicators API,SL.EMP.TOTL.SP.ZS,"Employment to population ratio, 15+, total, %",MMR,2009,65.076
World Bank Indicators API,SL.EMP.TOTL.SP.ZS,"Employment to population ratio, 15+, total, %",MMR,2008,65.274
World Bank Indicators API,SL.EMP.TOTL.SP.ZS,"Employment to population ratio, 15+, total, %",MMR,2007,65.465
World Bank Indicators API,SL.EMP.TOTL.SP.ZS,"Employment to population ratio, 15+, total, %",MMR,2006,65.676
World Bank Indicators API,SL.EMP.TOTL.SP.ZS,"Employment to population ratio, 15+, total, %",MMR,2005,65.897
World Bank Indicators API,SL.EMP.TOTL.SP.ZS,"Employment to population ratio, 15+, total, %",MMR,2004,66.114
World Bank Indicators API,SL.EMP.TOTL.SP.ZS,"Employment to population ratio, 15+, total, %",MMR,2003,66.323
World Bank Indicators API,SL.EMP.TOTL.SP.ZS,"Employment to population ratio, 15+, total, %",MMR,2002,66.535
World Bank Indicators API,SL.EMP.TOTL.SP.ZS,"Employment to population ratio, 15+, total, %",MMR,2001,66.712
World Bank Indicators API,SL.EMP.TOTL.SP.ZS,"Employment to population ratio, 15+, total, %",MMR,2000,66.86
World Bank Indicators API,SL.EMP.TOTL.SP.ZS,"Employment to population ratio, 15+, total, %",MMR,1999,67.028
World Bank Indicators API,SL.EMP.TOTL.SP.ZS,"Employment to population ratio, 15+, total, %",MMR,1998,67.162
World Bank Indicators API,SL.EMP.TOTL.SP.ZS,"Employment to population ratio, 15+, total, %",MMR,1997,67.238
World Bank Indicators API,SL.EMP.TOTL.SP.ZS,"Employment to population ratio, 15+, total, %",MMR,1996,67.312
World Bank Indicators API,SL.EMP.TOTL.SP.ZS,"Employment to population ratio, 15+, total, %",MMR,1995,67.39
World Bank Indicators API,SL.EMP.TOTL.SP.ZS,"Employment to population ratio, 15+, total, %",MMR,1994,67.484
World Bank Indicators API,SL.EMP.TOTL.SP.ZS,"Employment to population ratio, 15+, total, %",MMR,1993,67.546
World Bank Indicators API,SL.EMP.TOTL.SP.ZS,"Employment to population ratio, 15+, total, %",MMR,1992,67.603
World Bank Indicators API,SL.EMP.TOTL.SP.ZS,"Employment to population ratio, 15+, total, %",MMR,1991,67.697
World Bank Indicators API,SL.EMP.TOTL.SP.ZS,"Employment to population ratio, 15+, total, %",MMR,1990,
World Bank Indicators API,SL.EMP.TOTL.SP.ZS,"Employment to population ratio, 15+, total, %",MMR,1989,
World Bank Indicators API,SL.EMP.TOTL.SP.ZS,"Employment to population ratio, 15+, total, %",MMR,1988,
World Bank Indicators API,SL.EMP.TOTL.SP.ZS,"Employment to population ratio, 15+, total, %",MMR,1987,
World Bank Indicators API,SL.EMP.TOTL.SP.ZS,"Employment to population ratio, 15+, total, %",MMR,1986,
World Bank Indicators API,SL.EMP.TOTL.SP.ZS,"Employment to population ratio, 15+, total, %",MMR,1985,
World Bank Indicators API,SL.EMP.TOTL.SP.ZS,"Employment to population ratio, 15+, total, %",MMR,1984,
World Bank Indicators API,SL.EMP.TOTL.SP.ZS,"Employment to population ratio, 15+, total, %",MMR,1983,
World Bank Indicators API,SL.EMP.TOTL.SP.ZS,"Employment to population ratio, 15+, total, %",MMR,1982,
World Bank Indicators API,SL.EMP.TOTL.SP.ZS,"Employment to population ratio, 15+, total, %",MMR,1981,
World Bank Indicators API,SL.EMP.TOTL.SP.ZS,"Employment to population ratio, 15+, total, %",MMR,1980,
World Bank Indicators API,SL.EMP.TOTL.SP.ZS,"Employment to population ratio, 15+, total, %",MMR,1979,
World Bank Indicators API,SL.EMP.TOTL.SP.ZS,"Employment to population ratio, 15+, total, %",MMR,1978,
World Bank Indicators API,SL.EMP.TOTL.SP.ZS,"Employment to population ratio, 15+, total, %",MMR,1977,
World Bank Indicators API,SL.EMP.TOTL.SP.ZS,"Employment to population ratio, 15+, total, %",MMR,1976,
World Bank Indicators API,SL.EMP.TOTL.SP.ZS,"Employment to population ratio, 15+, total, %",MMR,1975,
World Bank Indicators API,SL.EMP.TOTL.SP.ZS,"Employment to population ratio, 15+, total, %",MMR,1974,
World Bank Indicators API,SL.EMP.TOTL.SP.ZS,"Employment to population ratio, 15+, total, %",MMR,1973,
World Bank Indicators API,SL.EMP.TOTL.SP.ZS,"Employment to population ratio, 15+, total, %",MMR,1972,
World Bank Indicators API,SL.EMP.TOTL.SP.ZS,"Employment to population ratio, 15+, total, %",MMR,1971,
World Bank Indicators API,SL.EMP.TOTL.SP.ZS,"Employment to population ratio, 15+, total, %",MMR,1970,
World Bank Indicators API,SL.EMP.TOTL.SP.ZS,"Employment to population ratio, 15+, total, %",MMR,1969,
World Bank Indicators API,SL.EMP.TOTL.SP.ZS,"Employment to population ratio, 15+, total, %",MMR,1968,
World Bank Indicators API,SL.EMP.TOTL.SP.ZS,"Employment to population ratio, 15+, total, %",MMR,1967,
World Bank Indicators API,SL.EMP.TOTL.SP.ZS,"Employment to population ratio, 15+, total, %",MMR,1966,
World Bank Indicators API,SL.EMP.TOTL.SP.ZS,"Employment to population ratio, 15+, total, %",MMR,1965,
World Bank Indicators API,SL.EMP.TOTL.SP.ZS,"Employment to population ratio, 15+, total, %",MMR,1964,
World Bank Indicators API,SL.EMP.TOTL.SP.ZS,"Employment to population ratio, 15+, total, %",MMR,1963,
World Bank Indicators API,SL.EMP.TOTL.SP.ZS,"Employment to population ratio, 15+, total, %",MMR,1962,
World Bank Indicators API,SL.EMP.TOTL.SP.ZS,"Employment to population ratio, 15+, total, %",MMR,1961,
World Bank Indicators API,SL.EMP.TOTL.SP.ZS,"Employment to population ratio, 15+, total, %",MMR,1960,
World Bank Indicators API,SL.EMP.VULN.ZS,"Vulnerable employment, total, % of total employment",MMR,2025,62.8911874336601
World Bank Indicators API,SL.EMP.VULN.ZS,"Vulnerable employment, total, % of total employment",MMR,2024,62.8809350494971
World Bank Indicators API,SL.EMP.VULN.ZS,"Vulnerable employment, total, % of total employment",MMR,2023,62.8150740990455
World Bank Indicators API,SL.EMP.VULN.ZS,"Vulnerable employment, total, % of total employment",MMR,2022,62.7382656719031
World Bank Indicators API,SL.EMP.VULN.ZS,"Vulnerable employment, total, % of total employment",MMR,2021,62.636150327052
World Bank Indicators API,SL.EMP.VULN.ZS,"Vulnerable employment, total, % of total employment",MMR,2020,63.2020972622548
World Bank Indicators API,SL.EMP.VULN.ZS,"Vulnerable employment, total, % of total employment",MMR,2019,63.0863742673827
World Bank Indicators API,SL.EMP.VULN.ZS,"Vulnerable employment, total, % of total employment",MMR,2018,61.8662706505316
World Bank Indicators API,SL.EMP.VULN.ZS,"Vulnerable employment, total, % of total employment",MMR,2017,62.9396632462135
World Bank Indicators API,SL.EMP.VULN.ZS,"Vulnerable employment, total, % of total employment",MMR,2016,63.1710927817521
World Bank Indicators API,SL.EMP.VULN.ZS,"Vulnerable employment, total, % of total employment",MMR,2015,63.4197974763633
World Bank Indicators API,SL.EMP.VULN.ZS,"Vulnerable employment, total, % of total employment",MMR,2014,63.7347654032358
World Bank Indicators API,SL.EMP.VULN.ZS,"Vulnerable employment, total, % of total employment",MMR,2013,64.0888560084288
World Bank Indicators API,SL.EMP.VULN.ZS,"Vulnerable employment, total, % of total employment",MMR,2012,64.4436589419547
World Bank Indicators API,SL.EMP.VULN.ZS,"Vulnerable employment, total, % of total employment",MMR,2011,64.8273974913864
World Bank Indicators API,SL.EMP.VULN.ZS,"Vulnerable employment, total, % of total employment",MMR,2010,65.2948478098803
World Bank Indicators API,SL.EMP.VULN.ZS,"Vulnerable employment, total, % of total employment",MMR,2009,65.8040371487862
World Bank Indicators API,SL.EMP.VULN.ZS,"Vulnerable employment, total, % of total employment",MMR,2008,66.3576555917275
World Bank Indicators API,SL.EMP.VULN.ZS,"Vulnerable employment, total, % of total employment",MMR,2007,66.9536140526199
World Bank Indicators API,SL.EMP.VULN.ZS,"Vulnerable employment, total, % of total employment",MMR,2006,67.5808696197858
World Bank Indicators API,SL.EMP.VULN.ZS,"Vulnerable employment, total, % of total employment",MMR,2005,68.2131474732356
World Bank Indicators API,SL.EMP.VULN.ZS,"Vulnerable employment, total, % of total employment",MMR,2004,68.8630120503401
World Bank Indicators API,SL.EMP.VULN.ZS,"Vulnerable employment, total, % of total employment",MMR,2003,69.500514060747
World Bank Indicators API,SL.EMP.VULN.ZS,"Vulnerable employment, total, % of total employment",MMR,2002,70.1263372764165
World Bank Indicators API,SL.EMP.VULN.ZS,"Vulnerable employment, total, % of total employment",MMR,2001,70.7205988072983
World Bank Indicators API,SL.EMP.VULN.ZS,"Vulnerable employment, total, % of total employment",MMR,2000,71.2726175628102
World Bank Indicators API,SL.EMP.VULN.ZS,"Vulnerable employment, total, % of total employment",MMR,1999,71.7859628534573
World Bank Indicators API,SL.EMP.VULN.ZS,"Vulnerable employment, total, % of total employment",MMR,1998,72.2138693639679
World Bank Indicators API,SL.EMP.VULN.ZS,"Vulnerable employment, total, % of total employment",MMR,1997,72.5916744756983
World Bank Indicators API,SL.EMP.VULN.ZS,"Vulnerable employment, total, % of total employment",MMR,1996,72.9664203379444
World Bank Indicators API,SL.EMP.VULN.ZS,"Vulnerable employment, total, % of total employment",MMR,1995,73.3347908097638
World Bank Indicators API,SL.EMP.VULN.ZS,"Vulnerable employment, total, % of total employment",MMR,1994,73.6797008888288
World Bank Indicators API,SL.EMP.VULN.ZS,"Vulnerable employment, total, % of total employment",MMR,1993,73.9535873966781
World Bank Indicators API,SL.EMP.VULN.ZS,"Vulnerable employment, total, % of total employment",MMR,1992,74.1398645384947
World Bank Indicators API,SL.EMP.VULN.ZS,"Vulnerable employment, total, % of total employment",MMR,1991,74.2542674571682
World Bank Indicators API,SL.EMP.VULN.ZS,"Vulnerable employment, total, % of total employment",MMR,1990,
World Bank Indicators API,SL.EMP.VULN.ZS,"Vulnerable employment, total, % of total employment",MMR,1989,
World Bank Indicators API,SL.EMP.VULN.ZS,"Vulnerable employment, total, % of total employment",MMR,1988,
World Bank Indicators API,SL.EMP.VULN.ZS,"Vulnerable employment, total, % of total employment",MMR,1987,
World Bank Indicators API,SL.EMP.VULN.ZS,"Vulnerable employment, total, % of total employment",MMR,1986,
World Bank Indicators API,SL.EMP.VULN.ZS,"Vulnerable employment, total, % of total employment",MMR,1985,
World Bank Indicators API,SL.EMP.VULN.ZS,"Vulnerable employment, total, % of total employment",MMR,1984,
World Bank Indicators API,SL.EMP.VULN.ZS,"Vulnerable employment, total, % of total employment",MMR,1983,
World Bank Indicators API,SL.EMP.VULN.ZS,"Vulnerable employment, total, % of total employment",MMR,1982,
World Bank Indicators API,SL.EMP.VULN.ZS,"Vulnerable employment, total, % of total employment",MMR,1981,
World Bank Indicators API,SL.EMP.VULN.ZS,"Vulnerable employment, total, % of total employment",MMR,1980,
World Bank Indicators API,SL.EMP.VULN.ZS,"Vulnerable employment, total, % of total employment",MMR,1979,
World Bank Indicators API,SL.EMP.VULN.ZS,"Vulnerable employment, total, % of total employment",MMR,1978,
World Bank Indicators API,SL.EMP.VULN.ZS,"Vulnerable employment, total, % of total employment",MMR,1977,
World Bank Indicators API,SL.EMP.VULN.ZS,"Vulnerable employment, total, % of total employment",MMR,1976,
World Bank Indicators API,SL.EMP.VULN.ZS,"Vulnerable employment, total, % of total employment",MMR,1975,
World Bank Indicators API,SL.EMP.VULN.ZS,"Vulnerable employment, total, % of total employment",MMR,1974,
World Bank Indicators API,SL.EMP.VULN.ZS,"Vulnerable employment, total, % of total employment",MMR,1973,
World Bank Indicators API,SL.EMP.VULN.ZS,"Vulnerable employment, total, % of total employment",MMR,1972,
World Bank Indicators API,SL.EMP.VULN.ZS,"Vulnerable employment, total, % of total employment",MMR,1971,
World Bank Indicators API,SL.EMP.VULN.ZS,"Vulnerable employment, total, % of total employment",MMR,1970,
World Bank Indicators API,SL.EMP.VULN.ZS,"Vulnerable employment, total, % of total employment",MMR,1969,
World Bank Indicators API,SL.EMP.VULN.ZS,"Vulnerable employment, total, % of total employment",MMR,1968,
World Bank Indicators API,SL.EMP.VULN.ZS,"Vulnerable employment, total, % of total employment",MMR,1967,
World Bank Indicators API,SL.EMP.VULN.ZS,"Vulnerable employment, total, % of total employment",MMR,1966,
World Bank Indicators API,SL.EMP.VULN.ZS,"Vulnerable employment, total, % of total employment",MMR,1965,
World Bank Indicators API,SL.EMP.VULN.ZS,"Vulnerable employment, total, % of total employment",MMR,1964,
World Bank Indicators API,SL.EMP.VULN.ZS,"Vulnerable employment, total, % of total employment",MMR,1963,
World Bank Indicators API,SL.EMP.VULN.ZS,"Vulnerable employment, total, % of total employment",MMR,1962,
World Bank Indicators API,SL.EMP.VULN.ZS,"Vulnerable employment, total, % of total employment",MMR,1961,
World Bank Indicators API,SL.EMP.VULN.ZS,"Vulnerable employment, total, % of total employment",MMR,1960,
World Bank Indicators API,SL.EMP.WORK.ZS,"Wage and salaried workers, total, % of total employment",MMR,2025,34.5271985106049
World Bank Indicators API,SL.EMP.WORK.ZS,"Wage and salaried workers, total, % of total employment",MMR,2024,34.5370004234963
World Bank Indicators API,SL.EMP.WORK.ZS,"Wage and salaried workers, total, % of total employment",MMR,2023,34.6023441637733
World Bank Indicators API,SL.EMP.WORK.ZS,"Wage and salaried workers, total, % of total employment",MMR,2022,34.6799457556151
World Bank Indicators API,SL.EMP.WORK.ZS,"Wage and salaried workers, total, % of total employment",MMR,2021,34.7824761493515
World Bank Indicators API,SL.EMP.WORK.ZS,"Wage and salaried workers, total, % of total employment",MMR,2020,34.27603722848
World Bank Indicators API,SL.EMP.WORK.ZS,"Wage and salaried workers, total, % of total employment",MMR,2019,34.4600297054035
World Bank Indicators API,SL.EMP.WORK.ZS,"Wage and salaried workers, total, % of total employment",MMR,2018,33.8969466602328
World Bank Indicators API,SL.EMP.WORK.ZS,"Wage and salaried workers, total, % of total employment",MMR,2017,34.1292484456968
World Bank Indicators API,SL.EMP.WORK.ZS,"Wage and salaried workers, total, % of total employment",MMR,2016,33.9135996809304
World Bank Indicators API,SL.EMP.WORK.ZS,"Wage and salaried workers, total, % of total employment",MMR,2015,33.680310493222
World Bank Indicators API,SL.EMP.WORK.ZS,"Wage and salaried workers, total, % of total employment",MMR,2014,33.3700065570199
World Bank Indicators API,SL.EMP.WORK.ZS,"Wage and salaried workers, total, % of total employment",MMR,2013,33.0247275363595
World Bank Indicators API,SL.EMP.WORK.ZS,"Wage and salaried workers, total, % of total employment",MMR,2012,32.6769406795912
World Bank Indicators API,SL.EMP.WORK.ZS,"Wage and salaried workers, total, % of total employment",MMR,2011,32.3020027717975
World Bank Indicators API,SL.EMP.WORK.ZS,"Wage and salaried workers, total, % of total employment",MMR,2010,31.8520115259101
World Bank Indicators API,SL.EMP.WORK.ZS,"Wage and salaried workers, total, % of total employment",MMR,2009,31.3515462964876
World Bank Indicators API,SL.EMP.WORK.ZS,"Wage and salaried workers, total, % of total employment",MMR,2008,30.8102053600215
World Bank Indicators API,SL.EMP.WORK.ZS,"Wage and salaried workers, total, % of total employment",MMR,2007,30.2303169836512
World Bank Indicators API,SL.EMP.WORK.ZS,"Wage and salaried workers, total, % of total employment",MMR,2006,29.6160395659627
World Bank Indicators API,SL.EMP.WORK.ZS,"Wage and salaried workers, total, % of total employment",MMR,2005,28.9958861253138
World Bank Indicators API,SL.EMP.WORK.ZS,"Wage and salaried workers, total, % of total employment",MMR,2004,28.3605791824149
World Bank Indicators API,SL.EMP.WORK.ZS,"Wage and salaried workers, total, % of total employment",MMR,2003,27.7374206894191
World Bank Indicators API,SL.EMP.WORK.ZS,"Wage and salaried workers, total, % of total employment",MMR,2002,27.1298796284529
World Bank Indicators API,SL.EMP.WORK.ZS,"Wage and salaried workers, total, % of total employment",MMR,2001,26.5519470560992
World Bank Indicators API,SL.EMP.WORK.ZS,"Wage and salaried workers, total, % of total employment",MMR,2000,26.0107837136552
World Bank Indicators API,SL.EMP.WORK.ZS,"Wage and salaried workers, total, % of total employment",MMR,1999,25.5092862420661
World Bank Indicators API,SL.EMP.WORK.ZS,"Wage and salaried workers, total, % of total employment",MMR,1998,25.088789288963
World Bank Indicators API,SL.EMP.WORK.ZS,"Wage and salaried workers, total, % of total employment",MMR,1997,24.7204278194092
World Bank Indicators API,SL.EMP.WORK.ZS,"Wage and salaried workers, total, % of total employment",MMR,1996,24.3541242596331
World Bank Indicators API,SL.EMP.WORK.ZS,"Wage and salaried workers, total, % of total employment",MMR,1995,23.9927948127397
World Bank Indicators API,SL.EMP.WORK.ZS,"Wage and salaried workers, total, % of total employment",MMR,1994,23.6593828292337
World Bank Indicators API,SL.EMP.WORK.ZS,"Wage and salaried workers, total, % of total employment",MMR,1993,23.3908064854737
World Bank Indicators API,SL.EMP.WORK.ZS,"Wage and salaried workers, total, % of total employment",MMR,1992,23.2048983814905
World Bank Indicators API,SL.EMP.WORK.ZS,"Wage and salaried workers, total, % of total employment",MMR,1991,23.0931034537764
World Bank Indicators API,SL.EMP.WORK.ZS,"Wage and salaried workers, total, % of total employment",MMR,1990,
World Bank Indicators API,SL.EMP.WORK.ZS,"Wage and salaried workers, total, % of total employment",MMR,1989,
World Bank Indicators API,SL.EMP.WORK.ZS,"Wage and salaried workers, total, % of total employment",MMR,1988,
World Bank Indicators API,SL.EMP.WORK.ZS,"Wage and salaried workers, total, % of total employment",MMR,1987,
World Bank Indicators API,SL.EMP.WORK.ZS,"Wage and salaried workers, total, % of total employment",MMR,1986,
World Bank Indicators API,SL.EMP.WORK.ZS,"Wage and salaried workers, total, % of total employment",MMR,1985,
World Bank Indicators API,SL.EMP.WORK.ZS,"Wage and salaried workers, total, % of total employment",MMR,1984,
World Bank Indicators API,SL.EMP.WORK.ZS,"Wage and salaried workers, total, % of total employment",MMR,1983,
World Bank Indicators API,SL.EMP.WORK.ZS,"Wage and salaried workers, total, % of total employment",MMR,1982,
World Bank Indicators API,SL.EMP.WORK.ZS,"Wage and salaried workers, total, % of total employment",MMR,1981,
World Bank Indicators API,SL.EMP.WORK.ZS,"Wage and salaried workers, total, % of total employment",MMR,1980,
World Bank Indicators API,SL.EMP.WORK.ZS,"Wage and salaried workers, total, % of total employment",MMR,1979,
World Bank Indicators API,SL.EMP.WORK.ZS,"Wage and salaried workers, total, % of total employment",MMR,1978,
World Bank Indicators API,SL.EMP.WORK.ZS,"Wage and salaried workers, total, % of total employment",MMR,1977,
World Bank Indicators API,SL.EMP.WORK.ZS,"Wage and salaried workers, total, % of total employment",MMR,1976,
World Bank Indicators API,SL.EMP.WORK.ZS,"Wage and salaried workers, total, % of total employment",MMR,1975,
World Bank Indicators API,SL.EMP.WORK.ZS,"Wage and salaried workers, total, % of total employment",MMR,1974,
World Bank Indicators API,SL.EMP.WORK.ZS,"Wage and salaried workers, total, % of total employment",MMR,1973,
World Bank Indicators API,SL.EMP.WORK.ZS,"Wage and salaried workers, total, % of total employment",MMR,1972,
World Bank Indicators API,SL.EMP.WORK.ZS,"Wage and salaried workers, total, % of total employment",MMR,1971,
World Bank Indicators API,SL.EMP.WORK.ZS,"Wage and salaried workers, total, % of total employment",MMR,1970,
World Bank Indicators API,SL.EMP.WORK.ZS,"Wage and salaried workers, total, % of total employment",MMR,1969,
World Bank Indicators API,SL.EMP.WORK.ZS,"Wage and salaried workers, total, % of total employment",MMR,1968,
World Bank Indicators API,SL.EMP.WORK.ZS,"Wage and salaried workers, total, % of total employment",MMR,1967,
World Bank Indicators API,SL.EMP.WORK.ZS,"Wage and salaried workers, total, % of total employment",MMR,1966,
World Bank Indicators API,SL.EMP.WORK.ZS,"Wage and salaried workers, total, % of total employment",MMR,1965,
World Bank Indicators API,SL.EMP.WORK.ZS,"Wage and salaried workers, total, % of total employment",MMR,1964,
World Bank Indicators API,SL.EMP.WORK.ZS,"Wage and salaried workers, total, % of total employment",MMR,1963,
World Bank Indicators API,SL.EMP.WORK.ZS,"Wage and salaried workers, total, % of total employment",MMR,1962,
World Bank Indicators API,SL.EMP.WORK.ZS,"Wage and salaried workers, total, % of total employment",MMR,1961,
World Bank Indicators API,SL.EMP.WORK.ZS,"Wage and salaried workers, total, % of total employment",MMR,1960,
World Bank Indicators API,SL.TLF.ADVN.ZS,"Labor force with advanced education, % of total working-age population with advanced education",MMR,2025,
World Bank Indicators API,SL.TLF.ADVN.ZS,"Labor force with advanced education, % of total working-age population with advanced education",MMR,2024,
World Bank Indicators API,SL.TLF.ADVN.ZS,"Labor force with advanced education, % of total working-age population with advanced education",MMR,2023,
World Bank Indicators API,SL.TLF.ADVN.ZS,"Labor force with advanced education, % of total working-age population with advanced education",MMR,2022,
World Bank Indicators API,SL.TLF.ADVN.ZS,"Labor force with advanced education, % of total working-age population with advanced education",MMR,2021,
World Bank Indicators API,SL.TLF.ADVN.ZS,"Labor force with advanced education, % of total working-age population with advanced education",MMR,2020,69.629
World Bank Indicators API,SL.TLF.ADVN.ZS,"Labor force with advanced education, % of total working-age population with advanced education",MMR,2019,66.464
World Bank Indicators API,SL.TLF.ADVN.ZS,"Labor force with advanced education, % of total working-age population with advanced education",MMR,2018,66.961
World Bank Indicators API,SL.TLF.ADVN.ZS,"Labor force with advanced education, % of total working-age population with advanced education",MMR,2017,66.525
World Bank Indicators API,SL.TLF.ADVN.ZS,"Labor force with advanced education, % of total working-age population with advanced education",MMR,2016,
World Bank Indicators API,SL.TLF.ADVN.ZS,"Labor force with advanced education, % of total working-age population with advanced education",MMR,2015,69.991
World Bank Indicators API,SL.TLF.ADVN.ZS,"Labor force with advanced education, % of total working-age population with advanced education",MMR,2014,66.741
World Bank Indicators API,SL.TLF.ADVN.ZS,"Labor force with advanced education, % of total working-age population with advanced education",MMR,2013,
World Bank Indicators API,SL.TLF.ADVN.ZS,"Labor force with advanced education, % of total working-age population with advanced education",MMR,2012,
World Bank Indicators API,SL.TLF.ADVN.ZS,"Labor force with advanced education, % of total working-age population with advanced education",MMR,2011,
World Bank Indicators API,SL.TLF.ADVN.ZS,"Labor force with advanced education, % of total working-age population with advanced education",MMR,2010,
World Bank Indicators API,SL.TLF.ADVN.ZS,"Labor force with advanced education, % of total working-age population with advanced education",MMR,2009,
World Bank Indicators API,SL.TLF.ADVN.ZS,"Labor force with advanced education, % of total working-age population with advanced education",MMR,2008,
World Bank Indicators API,SL.TLF.ADVN.ZS,"Labor force with advanced education, % of total working-age population with advanced education",MMR,2007,
World Bank Indicators API,SL.TLF.ADVN.ZS,"Labor force with advanced education, % of total working-age population with advanced education",MMR,2006,
World Bank Indicators API,SL.TLF.ADVN.ZS,"Labor force with advanced education, % of total working-age population with advanced education",MMR,2005,
World Bank Indicators API,SL.TLF.ADVN.ZS,"Labor force with advanced education, % of total working-age population with advanced education",MMR,2004,
World Bank Indicators API,SL.TLF.ADVN.ZS,"Labor force with advanced education, % of total working-age population with advanced education",MMR,2003,
World Bank Indicators API,SL.TLF.ADVN.ZS,"Labor force with advanced education, % of total working-age population with advanced education",MMR,2002,
World Bank Indicators API,SL.TLF.ADVN.ZS,"Labor force with advanced education, % of total working-age population with advanced education",MMR,2001,
World Bank Indicators API,SL.TLF.ADVN.ZS,"Labor force with advanced education, % of total working-age population with advanced education",MMR,2000,
World Bank Indicators API,SL.TLF.ADVN.ZS,"Labor force with advanced education, % of total working-age population with advanced education",MMR,1999,
World Bank Indicators API,SL.TLF.ADVN.ZS,"Labor force with advanced education, % of total working-age population with advanced education",MMR,1998,
World Bank Indicators API,SL.TLF.ADVN.ZS,"Labor force with advanced education, % of total working-age population with advanced education",MMR,1997,
World Bank Indicators API,SL.TLF.ADVN.ZS,"Labor force with advanced education, % of total working-age population with advanced education",MMR,1996,
World Bank Indicators API,SL.TLF.ADVN.ZS,"Labor force with advanced education, % of total working-age population with advanced education",MMR,1995,
World Bank Indicators API,SL.TLF.ADVN.ZS,"Labor force with advanced education, % of total working-age population with advanced education",MMR,1994,
World Bank Indicators API,SL.TLF.ADVN.ZS,"Labor force with advanced education, % of total working-age population with advanced education",MMR,1993,
World Bank Indicators API,SL.TLF.ADVN.ZS,"Labor force with advanced education, % of total working-age population with advanced education",MMR,1992,
World Bank Indicators API,SL.TLF.ADVN.ZS,"Labor force with advanced education, % of total working-age population with advanced education",MMR,1991,
World Bank Indicators API,SL.TLF.ADVN.ZS,"Labor force with advanced education, % of total working-age population with advanced education",MMR,1990,
World Bank Indicators API,SL.TLF.ADVN.ZS,"Labor force with advanced education, % of total working-age population with advanced education",MMR,1989,
World Bank Indicators API,SL.TLF.ADVN.ZS,"Labor force with advanced education, % of total working-age population with advanced education",MMR,1988,
World Bank Indicators API,SL.TLF.ADVN.ZS,"Labor force with advanced education, % of total working-age population with advanced education",MMR,1987,
World Bank Indicators API,SL.TLF.ADVN.ZS,"Labor force with advanced education, % of total working-age population with advanced education",MMR,1986,
World Bank Indicators API,SL.TLF.ADVN.ZS,"Labor force with advanced education, % of total working-age population with advanced education",MMR,1985,
World Bank Indicators API,SL.TLF.ADVN.ZS,"Labor force with advanced education, % of total working-age population with advanced education",MMR,1984,
World Bank Indicators API,SL.TLF.ADVN.ZS,"Labor force with advanced education, % of total working-age population with advanced education",MMR,1983,
World Bank Indicators API,SL.TLF.ADVN.ZS,"Labor force with advanced education, % of total working-age population with advanced education",MMR,1982,
World Bank Indicators API,SL.TLF.ADVN.ZS,"Labor force with advanced education, % of total working-age population with advanced education",MMR,1981,
World Bank Indicators API,SL.TLF.ADVN.ZS,"Labor force with advanced education, % of total working-age population with advanced education",MMR,1980,
World Bank Indicators API,SL.TLF.ADVN.ZS,"Labor force with advanced education, % of total working-age population with advanced education",MMR,1979,
World Bank Indicators API,SL.TLF.ADVN.ZS,"Labor force with advanced education, % of total working-age population with advanced education",MMR,1978,
World Bank Indicators API,SL.TLF.ADVN.ZS,"Labor force with advanced education, % of total working-age population with advanced education",MMR,1977,
World Bank Indicators API,SL.TLF.ADVN.ZS,"Labor force with advanced education, % of total working-age population with advanced education",MMR,1976,
World Bank Indicators API,SL.TLF.ADVN.ZS,"Labor force with advanced education, % of total working-age population with advanced education",MMR,1975,
World Bank Indicators API,SL.TLF.ADVN.ZS,"Labor force with advanced education, % of total working-age population with advanced education",MMR,1974,
World Bank Indicators API,SL.TLF.ADVN.ZS,"Labor force with advanced education, % of total working-age population with advanced education",MMR,1973,
World Bank Indicators API,SL.TLF.ADVN.ZS,"Labor force with advanced education, % of total working-age population with advanced education",MMR,1972,
World Bank Indicators API,SL.TLF.ADVN.ZS,"Labor force with advanced education, % of total working-age population with advanced education",MMR,1971,
World Bank Indicators API,SL.TLF.ADVN.ZS,"Labor force with advanced education, % of total working-age population with advanced education",MMR,1970,
World Bank Indicators API,SL.TLF.ADVN.ZS,"Labor force with advanced education, % of total working-age population with advanced education",MMR,1969,
World Bank Indicators API,SL.TLF.ADVN.ZS,"Labor force with advanced education, % of total working-age population with advanced education",MMR,1968,
World Bank Indicators API,SL.TLF.ADVN.ZS,"Labor force with advanced education, % of total working-age population with advanced education",MMR,1967,
World Bank Indicators API,SL.TLF.ADVN.ZS,"Labor force with advanced education, % of total working-age population with advanced education",MMR,1966,
World Bank Indicators API,SL.TLF.ADVN.ZS,"Labor force with advanced education, % of total working-age population with advanced education",MMR,1965,
World Bank Indicators API,SL.TLF.ADVN.ZS,"Labor force with advanced education, % of total working-age population with advanced education",MMR,1964,
World Bank Indicators API,SL.TLF.ADVN.ZS,"Labor force with advanced education, % of total working-age population with advanced education",MMR,1963,
World Bank Indicators API,SL.TLF.ADVN.ZS,"Labor force with advanced education, % of total working-age population with advanced education",MMR,1962,
World Bank Indicators API,SL.TLF.ADVN.ZS,"Labor force with advanced education, % of total working-age population with advanced education",MMR,1961,
World Bank Indicators API,SL.TLF.ADVN.ZS,"Labor force with advanced education, % of total working-age population with advanced education",MMR,1960,
IMF DataMapper API,rev,"General government revenue, % of GDP",MMR,1998,20.31052633566
IMF DataMapper API,rev,"General government revenue, % of GDP",MMR,1999,18.328016582236
IMF DataMapper API,rev,"General government revenue, % of GDP",MMR,2000,15.41064057964
IMF DataMapper API,rev,"General government revenue, % of GDP",MMR,2001,12.739174988417
IMF DataMapper API,rev,"General government revenue, % of GDP",MMR,2002,11.307917906345
IMF DataMapper API,rev,"General government revenue, % of GDP",MMR,2003,10.102843309489
IMF DataMapper API,rev,"General government revenue, % of GDP",MMR,2004,9.9366771744307
IMF DataMapper API,rev,"General government revenue, % of GDP",MMR,2005,11.15845184428
IMF DataMapper API,rev,"General government revenue, % of GDP",MMR,2006,12.179828872016
IMF DataMapper API,rev,"General government revenue, % of GDP",MMR,2007,12.201441503136
IMF DataMapper API,rev,"General government revenue, % of GDP",MMR,2008,11.670667408619
IMF DataMapper API,rev,"General government revenue, % of GDP",MMR,2009,10.894696974612
IMF DataMapper API,rev,"General government revenue, % of GDP",MMR,2010,10.380308880245
IMF DataMapper API,rev,"General government revenue, % of GDP",MMR,2011,10.785212903994
IMF DataMapper API,rev,"General government revenue, % of GDP",MMR,2012,17.253590489141
IMF DataMapper API,rev,"General government revenue, % of GDP",MMR,2013,22.35941292633
IMF DataMapper API,rev,"General government revenue, % of GDP",MMR,2014,23.674886175309
IMF DataMapper API,rev,"General government revenue, % of GDP",MMR,2015,19.405695721584
IMF DataMapper API,rev,"General government revenue, % of GDP",MMR,2016,18.734868315257
IMF DataMapper API,rev,"General government revenue, % of GDP",MMR,2017,16.272653576874
IMF DataMapper API,rev,"General government revenue, % of GDP",MMR,2018,15.948862125623
IMF DataMapper API,rev,"General government revenue, % of GDP",MMR,2019,15.84474711559
IMF DataMapper API,rev,"General government revenue, % of GDP",MMR,2020,14.805155646835
IMF DataMapper API,rev,"General government revenue, % of GDP",MMR,2021,18.428780728529
IMF DataMapper API,rev,"General government revenue, % of GDP",MMR,2022,18.512206810358
IMF DataMapper API,rev,"General government revenue, % of GDP",MMR,2023,16.230182642096
IMF DataMapper API,rev,"General government revenue, % of GDP",MMR,2024,15.605900809065
IMF DataMapper API,GGXCNL_NGDP,"General government net lending/borrowing, % of GDP",MMR,1998,-4.9
IMF DataMapper API,GGXCNL_NGDP,"General government net lending/borrowing, % of GDP",MMR,1999,-4.5
IMF DataMapper API,GGXCNL_NGDP,"General government net lending/borrowing, % of GDP",MMR,2000,-6
IMF DataMapper API,GGXCNL_NGDP,"General government net lending/borrowing, % of GDP",MMR,2001,-6.3
IMF DataMapper API,GGXCNL_NGDP,"General government net lending/borrowing, % of GDP",MMR,2002,-4
IMF DataMapper API,GGXCNL_NGDP,"General government net lending/borrowing, % of GDP",MMR,2003,-4.2
IMF DataMapper API,GGXCNL_NGDP,"General government net lending/borrowing, % of GDP",MMR,2004,-4.6
IMF DataMapper API,GGXCNL_NGDP,"General government net lending/borrowing, % of GDP",MMR,2005,-3.5
IMF DataMapper API,GGXCNL_NGDP,"General government net lending/borrowing, % of GDP",MMR,2006,-3.4
IMF DataMapper API,GGXCNL_NGDP,"General government net lending/borrowing, % of GDP",MMR,2007,-3.5
IMF DataMapper API,GGXCNL_NGDP,"General government net lending/borrowing, % of GDP",MMR,2008,-2.7
IMF DataMapper API,GGXCNL_NGDP,"General government net lending/borrowing, % of GDP",MMR,2009,-3.6
IMF DataMapper API,GGXCNL_NGDP,"General government net lending/borrowing, % of GDP",MMR,2010,-5.4
IMF DataMapper API,GGXCNL_NGDP,"General government net lending/borrowing, % of GDP",MMR,2011,-4.8
IMF DataMapper API,GGXCNL_NGDP,"General government net lending/borrowing, % of GDP",MMR,2012,-2.7
IMF DataMapper API,GGXCNL_NGDP,"General government net lending/borrowing, % of GDP",MMR,2013,-1.5
IMF DataMapper API,GGXCNL_NGDP,"General government net lending/borrowing, % of GDP",MMR,2014,-1.1
IMF DataMapper API,GGXCNL_NGDP,"General government net lending/borrowing, % of GDP",MMR,2015,-4.3
IMF DataMapper API,GGXCNL_NGDP,"General government net lending/borrowing, % of GDP",MMR,2016,-2.5
IMF DataMapper API,GGXCNL_NGDP,"General government net lending/borrowing, % of GDP",MMR,2017,-3.4
IMF DataMapper API,GGXCNL_NGDP,"General government net lending/borrowing, % of GDP",MMR,2018,-2.8
IMF DataMapper API,GGXCNL_NGDP,"General government net lending/borrowing, % of GDP",MMR,2019,-4.7
IMF DataMapper API,GGXCNL_NGDP,"General government net lending/borrowing, % of GDP",MMR,2020,-6.5
IMF DataMapper API,GGXCNL_NGDP,"General government net lending/borrowing, % of GDP",MMR,2021,-2.2
IMF DataMapper API,GGXCNL_NGDP,"General government net lending/borrowing, % of GDP",MMR,2022,-2.8
IMF DataMapper API,GGXCNL_NGDP,"General government net lending/borrowing, % of GDP",MMR,2023,-2.8
IMF DataMapper API,GGXCNL_NGDP,"General government net lending/borrowing, % of GDP",MMR,2024,-4.1
IMF DataMapper API,GGXCNL_NGDP,"General government net lending/borrowing, % of GDP",MMR,2025,-4.9
IMF DataMapper API,GGXCNL_NGDP,"General government net lending/borrowing, % of GDP",MMR,2026,-5
IMF DataMapper API,GGXCNL_NGDP,"General government net lending/borrowing, % of GDP",MMR,2027,-5
IMF DataMapper API,GGXCNL_NGDP,"General government net lending/borrowing, % of GDP",MMR,2028,-4.3
IMF DataMapper API,GGXCNL_NGDP,"General government net lending/borrowing, % of GDP",MMR,2029,-3.6
IMF DataMapper API,GGXCNL_NGDP,"General government net lending/borrowing, % of GDP",MMR,2030,-3.5
IMF DataMapper API,GGXCNL_NGDP,"General government net lending/borrowing, % of GDP",MMR,2031,-3.3
IMF DataMapper API,GGXWDG_NGDP,"General government gross debt, % of GDP",MMR,1998,208.6
IMF DataMapper API,GGXWDG_NGDP,"General government gross debt, % of GDP",MMR,1999,150.7
IMF DataMapper API,GGXWDG_NGDP,"General government gross debt, % of GDP",MMR,2000,164.5
IMF DataMapper API,GGXWDG_NGDP,"General government gross debt, % of GDP",MMR,2001,262
IMF DataMapper API,GGXWDG_NGDP,"General government gross debt, % of GDP",MMR,2002,190.6
IMF DataMapper API,GGXWDG_NGDP,"General government gross debt, % of GDP",MMR,2003,146
IMF DataMapper API,GGXWDG_NGDP,"General government gross debt, % of GDP",MMR,2004,126.6
IMF DataMapper API,GGXWDG_NGDP,"General government gross debt, % of GDP",MMR,2005,119
IMF DataMapper API,GGXWDG_NGDP,"General government gross debt, % of GDP",MMR,2006,103.1
IMF DataMapper API,GGXWDG_NGDP,"General government gross debt, % of GDP",MMR,2007,77.4
IMF DataMapper API,GGXWDG_NGDP,"General government gross debt, % of GDP",MMR,2008,59.8
IMF DataMapper API,GGXWDG_NGDP,"General government gross debt, % of GDP",MMR,2009,56.4
IMF DataMapper API,GGXWDG_NGDP,"General government gross debt, % of GDP",MMR,2010,54.4
IMF DataMapper API,GGXWDG_NGDP,"General government gross debt, % of GDP",MMR,2011,49.9
IMF DataMapper API,GGXWDG_NGDP,"General government gross debt, % of GDP",MMR,2012,48
IMF DataMapper API,GGXWDG_NGDP,"General government gross debt, % of GDP",MMR,2013,44.8
IMF DataMapper API,GGXWDG_NGDP,"General government gross debt, % of GDP",MMR,2014,34.5
IMF DataMapper API,GGXWDG_NGDP,"General government gross debt, % of GDP",MMR,2015,36.6
IMF DataMapper API,GGXWDG_NGDP,"General government gross debt, % of GDP",MMR,2016,35.7
IMF DataMapper API,GGXWDG_NGDP,"General government gross debt, % of GDP",MMR,2017,41.9
IMF DataMapper API,GGXWDG_NGDP,"General government gross debt, % of GDP",MMR,2018,39.9
IMF DataMapper API,GGXWDG_NGDP,"General government gross debt, % of GDP",MMR,2019,37.6
IMF DataMapper API,GGXWDG_NGDP,"General government gross debt, % of GDP",MMR,2020,49.1
IMF DataMapper API,GGXWDG_NGDP,"General government gross debt, % of GDP",MMR,2021,63.4
IMF DataMapper API,GGXWDG_NGDP,"General government gross debt, % of GDP",MMR,2022,56
IMF DataMapper API,GGXWDG_NGDP,"General government gross debt, % of GDP",MMR,2023,53.2
IMF DataMapper API,GGXWDG_NGDP,"General government gross debt, % of GDP",MMR,2024,50.6
IMF DataMapper API,GGXWDG_NGDP,"General government gross debt, % of GDP",MMR,2025,51.9
IMF DataMapper API,GGXWDG_NGDP,"General government gross debt, % of GDP",MMR,2026,51.9
IMF DataMapper API,GGXWDG_NGDP,"General government gross debt, % of GDP",MMR,2027,51.9
IMF DataMapper API,GGXWDG_NGDP,"General government gross debt, % of GDP",MMR,2028,51.4
IMF DataMapper API,GGXWDG_NGDP,"General government gross debt, % of GDP",MMR,2029,50.2
IMF DataMapper API,GGXWDG_NGDP,"General government gross debt, % of GDP",MMR,2030,49.4
IMF DataMapper API,GGXWDG_NGDP,"General government gross debt, % of GDP",MMR,2031,48.5
IMF DataMapper API,ie,"Interest paid on public debt, % of GDP",MMR,1998,1.427275944919
IMF DataMapper API,ie,"Interest paid on public debt, % of GDP",MMR,1999,1.4124984059955
IMF DataMapper API,ie,"Interest paid on public debt, % of GDP",MMR,2000,1.4990655433996
IMF DataMapper API,ie,"Interest paid on public debt, % of GDP",MMR,2001,1.4751736233252
IMF DataMapper API,ie,"Interest paid on public debt, % of GDP",MMR,2002,1.2543802479988
IMF DataMapper API,ie,"Interest paid on public debt, % of GDP",MMR,2003,1.0884899892384
IMF DataMapper API,ie,"Interest paid on public debt, % of GDP",MMR,2004,1.092757420192
IMF DataMapper API,ie,"Interest paid on public debt, % of GDP",MMR,2005,1.1189441714919
IMF DataMapper API,ie,"Interest paid on public debt, % of GDP",MMR,2006,1.0414246079931
IMF DataMapper API,ie,"Interest paid on public debt, % of GDP",MMR,2007,1.0239075549469
IMF DataMapper API,ie,"Interest paid on public debt, % of GDP",MMR,2008,1.1335064418247
IMF DataMapper API,ie,"Interest paid on public debt, % of GDP",MMR,2009,1.3342704163458
IMF DataMapper API,ie,"Interest paid on public debt, % of GDP",MMR,2010,1.4085809013885
IMF DataMapper API,ie,"Interest paid on public debt, % of GDP",MMR,2011,1.4105267799797
IMF DataMapper API,ie,"Interest paid on public debt, % of GDP",MMR,2012,1.407290556393
IMF DataMapper API,ie,"Interest paid on public debt, % of GDP",MMR,2013,1.3165863970971
IMF DataMapper API,ie,"Interest paid on public debt, % of GDP",MMR,2014,1.2590981127367
IMF DataMapper API,ie,"Interest paid on public debt, % of GDP",MMR,2015,1.1381635843295
IMF DataMapper API,ie,"Interest paid on public debt, % of GDP",MMR,2016,1.3090887238147
IMF DataMapper API,ie,"Interest paid on public debt, % of GDP",MMR,2017,1.4710290452117
IMF DataMapper API,ie,"Interest paid on public debt, % of GDP",MMR,2018,1.5307573995661
IMF DataMapper API,ie,"Interest paid on public debt, % of GDP",MMR,2019,1.5392726951291
IMF DataMapper API,ie,"Interest paid on public debt, % of GDP",MMR,2020,1.9061598579504
IMF DataMapper API,ie,"Interest paid on public debt, % of GDP",MMR,2021,2.8312924545336
IMF DataMapper API,ie,"Interest paid on public debt, % of GDP",MMR,2022,2.422046404551
IMF DataMapper API,ie,"Interest paid on public debt, % of GDP",MMR,2023,2.5609848824672
IMF DataMapper API,ie,"Interest paid on public debt, % of GDP",MMR,2024,2.4796751929763
