source,indicator_code,indicator_name,unit,country,year,value
World Bank WDI/WGI CSV download,CC.EST,Control of corruption,WGI estimate,MMR,1996,-2.55130348205566
World Bank WDI/WGI CSV download,CC.EST,Control of corruption,WGI estimate,MMR,1998,-2.2686000704765403
World Bank WDI/WGI CSV download,CC.EST,Control of corruption,WGI estimate,MMR,2000,-2.3146049618721003
World Bank WDI/WGI CSV download,CC.EST,Control of corruption,WGI estimate,MMR,2002,-2.21514474153519
World Bank WDI/WGI CSV download,CC.EST,Control of corruption,WGI estimate,MMR,2003,-2.50340152978897
World Bank WDI/WGI CSV download,CC.EST,Control of corruption,WGI estimate,MMR,2004,-2.80483094453812
World Bank WDI/WGI CSV download,CC.EST,Control of corruption,WGI estimate,MMR,2005,-2.61916115283965
World Bank WDI/WGI CSV download,CC.EST,Control of corruption,WGI estimate,MMR,2006,-2.82161347866059
World Bank WDI/WGI CSV download,CC.EST,Control of corruption,WGI estimate,MMR,2007,-2.76347619295121
World Bank WDI/WGI CSV download,CC.EST,Control of corruption,WGI estimate,MMR,2008,-2.7467682361602703
World Bank WDI/WGI CSV download,CC.EST,Control of corruption,WGI estimate,MMR,2009,-2.82143453359603
World Bank WDI/WGI CSV download,CC.EST,Control of corruption,WGI estimate,MMR,2010,-2.84377490282059
World Bank WDI/WGI CSV download,CC.EST,Control of corruption,WGI estimate,MMR,2011,-2.7109713196754397
World Bank WDI/WGI CSV download,CC.EST,Control of corruption,WGI estimate,MMR,2012,-1.81864584684371
World Bank WDI/WGI CSV download,CC.EST,Control of corruption,WGI estimate,MMR,2013,-1.71039686203003
World Bank WDI/WGI CSV download,CC.EST,Control of corruption,WGI estimate,MMR,2014,-1.5030717849731399
World Bank WDI/WGI CSV download,CC.EST,Control of corruption,WGI estimate,MMR,2015,-1.4447964608669301
World Bank WDI/WGI CSV download,CC.EST,Control of corruption,WGI estimate,MMR,2016,-1.08471115231514
World Bank WDI/WGI CSV download,CC.EST,Control of corruption,WGI estimate,MMR,2017,-0.998354882001877
World Bank WDI/WGI CSV download,CC.EST,Control of corruption,WGI estimate,MMR,2018,-1.03505102396011
World Bank WDI/WGI CSV download,CC.EST,Control of corruption,WGI estimate,MMR,2019,-1.0904610812664
World Bank WDI/WGI CSV download,CC.EST,Control of corruption,WGI estimate,MMR,2020,-1.14988120794296
World Bank WDI/WGI CSV download,CC.EST,Control of corruption,WGI estimate,MMR,2021,-1.7756762742996202
World Bank WDI/WGI CSV download,CC.EST,Control of corruption,WGI estimate,MMR,2022,-1.61220428943634
World Bank WDI/WGI CSV download,CC.EST,Control of corruption,WGI estimate,MMR,2023,-0.851549530029296
World Bank WDI/WGI CSV download,PV.EST,Political stability and absence of violence/terrorism,WGI estimate,MMR,1996,-2.13996349573135
World Bank WDI/WGI CSV download,PV.EST,Political stability and absence of violence/terrorism,WGI estimate,MMR,1998,-2.52617537975311
World Bank WDI/WGI CSV download,PV.EST,Political stability and absence of violence/terrorism,WGI estimate,MMR,2000,-2.8449884057045
World Bank WDI/WGI CSV download,PV.EST,Political stability and absence of violence/terrorism,WGI estimate,MMR,2002,-2.39692800045014
World Bank WDI/WGI CSV download,PV.EST,Political stability and absence of violence/terrorism,WGI estimate,MMR,2003,-1.96136395931245
World Bank WDI/WGI CSV download,PV.EST,Political stability and absence of violence/terrorism,WGI estimate,MMR,2004,-1.6740603625774402
World Bank WDI/WGI CSV download,PV.EST,Political stability and absence of violence/terrorism,WGI estimate,MMR,2005,-1.52871846556664
World Bank WDI/WGI CSV download,PV.EST,Political stability and absence of violence/terrorism,WGI estimate,MMR,2006,-1.4456331372261
World Bank WDI/WGI CSV download,PV.EST,Political stability and absence of violence/terrorism,WGI estimate,MMR,2007,-1.81239269971847
World Bank WDI/WGI CSV download,PV.EST,Political stability and absence of violence/terrorism,WGI estimate,MMR,2008,-1.85606644153594
World Bank WDI/WGI CSV download,PV.EST,Political stability and absence of violence/terrorism,WGI estimate,MMR,2009,-2.20051198005677
World Bank WDI/WGI CSV download,PV.EST,Political stability and absence of violence/terrorism,WGI estimate,MMR,2010,-2.18607761859894
World Bank WDI/WGI CSV download,PV.EST,Political stability and absence of violence/terrorism,WGI estimate,MMR,2011,-1.8888672947883698
World Bank WDI/WGI CSV download,PV.EST,Political stability and absence of violence/terrorism,WGI estimate,MMR,2012,-1.60424746870995
World Bank WDI/WGI CSV download,PV.EST,Political stability and absence of violence/terrorism,WGI estimate,MMR,2013,-1.9386330723762502
World Bank WDI/WGI CSV download,PV.EST,Political stability and absence of violence/terrorism,WGI estimate,MMR,2014,-1.8488871574401902
World Bank WDI/WGI CSV download,PV.EST,Political stability and absence of violence/terrorism,WGI estimate,MMR,2015,-1.982856798172
World Bank WDI/WGI CSV download,PV.EST,Political stability and absence of violence/terrorism,WGI estimate,MMR,2016,-1.37276091575623
World Bank WDI/WGI CSV download,PV.EST,Political stability and absence of violence/terrorism,WGI estimate,MMR,2017,-1.84318398237228
World Bank WDI/WGI CSV download,PV.EST,Political stability and absence of violence/terrorism,WGI estimate,MMR,2018,-2.15440151691437
World Bank WDI/WGI CSV download,PV.EST,Political stability and absence of violence/terrorism,WGI estimate,MMR,2019,-2.26109262704849
World Bank WDI/WGI CSV download,PV.EST,Political stability and absence of violence/terrorism,WGI estimate,MMR,2020,-2.5701122045517
World Bank WDI/WGI CSV download,PV.EST,Political stability and absence of violence/terrorism,WGI estimate,MMR,2021,-3.53736114501953
World Bank WDI/WGI CSV download,PV.EST,Political stability and absence of violence/terrorism,WGI estimate,MMR,2022,-3.0852196455001897
World Bank WDI/WGI CSV download,PV.EST,Political stability and absence of violence/terrorism,WGI estimate,MMR,2023,-1.4876890897750799
World Bank WDI/WGI CSV download,RL.EST,Rule of law,WGI estimate,MMR,1996,-2.6870437502861
World Bank WDI/WGI CSV download,RL.EST,Rule of law,WGI estimate,MMR,1998,-2.60836182832718
World Bank WDI/WGI CSV download,RL.EST,Rule of law,WGI estimate,MMR,2000,-2.42911561727524
World Bank WDI/WGI CSV download,RL.EST,Rule of law,WGI estimate,MMR,2002,-2.9176017999649
World Bank WDI/WGI CSV download,RL.EST,Rule of law,WGI estimate,MMR,2003,-2.89628990888595
World Bank WDI/WGI CSV download,RL.EST,Rule of law,WGI estimate,MMR,2004,-2.9516919493675298
World Bank WDI/WGI CSV download,RL.EST,Rule of law,WGI estimate,MMR,2005,-2.95098042488098
World Bank WDI/WGI CSV download,RL.EST,Rule of law,WGI estimate,MMR,2006,-2.61032475233078
World Bank WDI/WGI CSV download,RL.EST,Rule of law,WGI estimate,MMR,2007,-2.6336956262588602
World Bank WDI/WGI CSV download,RL.EST,Rule of law,WGI estimate,MMR,2008,-2.62152533531188
World Bank WDI/WGI CSV download,RL.EST,Rule of law,WGI estimate,MMR,2009,-2.60956236124039
World Bank WDI/WGI CSV download,RL.EST,Rule of law,WGI estimate,MMR,2010,-2.63720096349717
World Bank WDI/WGI CSV download,RL.EST,Rule of law,WGI estimate,MMR,2011,-2.44743225574494
World Bank WDI/WGI CSV download,RL.EST,Rule of law,WGI estimate,MMR,2012,-2.3065181851387098
World Bank WDI/WGI CSV download,RL.EST,Rule of law,WGI estimate,MMR,2013,-2.11394942998886
World Bank WDI/WGI CSV download,RL.EST,Rule of law,WGI estimate,MMR,2014,-2.0302871465682903
World Bank WDI/WGI CSV download,RL.EST,Rule of law,WGI estimate,MMR,2015,-2.13819817304611
World Bank WDI/WGI CSV download,RL.EST,Rule of law,WGI estimate,MMR,2016,-1.52858185768127
World Bank WDI/WGI CSV download,RL.EST,Rule of law,WGI estimate,MMR,2017,-1.62706152796745
World Bank WDI/WGI CSV download,RL.EST,Rule of law,WGI estimate,MMR,2018,-1.7686829686164898
World Bank WDI/WGI CSV download,RL.EST,Rule of law,WGI estimate,MMR,2019,-1.82861486673355
World Bank WDI/WGI CSV download,RL.EST,Rule of law,WGI estimate,MMR,2020,-2.02564145326614
World Bank WDI/WGI CSV download,RL.EST,Rule of law,WGI estimate,MMR,2021,-2.49188946485519
World Bank WDI/WGI CSV download,RL.EST,Rule of law,WGI estimate,MMR,2022,-2.13965269327164
World Bank WDI/WGI CSV download,RL.EST,Rule of law,WGI estimate,MMR,2023,-1.13185859918594
World Bank WDI/WGI CSV download,VA.EST,Voice and accountability,WGI estimate,MMR,1996,-3.21286054849624
World Bank WDI/WGI CSV download,VA.EST,Voice and accountability,WGI estimate,MMR,1998,-3.2613431096077
World Bank WDI/WGI CSV download,VA.EST,Voice and accountability,WGI estimate,MMR,2000,-3.46767933368683
World Bank WDI/WGI CSV download,VA.EST,Voice and accountability,WGI estimate,MMR,2002,-3.42180454730988
World Bank WDI/WGI CSV download,VA.EST,Voice and accountability,WGI estimate,MMR,2003,-3.5393238306045602
World Bank WDI/WGI CSV download,VA.EST,Voice and accountability,WGI estimate,MMR,2004,-3.6085088968276997
World Bank WDI/WGI CSV download,VA.EST,Voice and accountability,WGI estimate,MMR,2005,-3.68254837989808
World Bank WDI/WGI CSV download,VA.EST,Voice and accountability,WGI estimate,MMR,2006,-3.79656009674072
World Bank WDI/WGI CSV download,VA.EST,Voice and accountability,WGI estimate,MMR,2007,-3.7629358530044597
World Bank WDI/WGI CSV download,VA.EST,Voice and accountability,WGI estimate,MMR,2008,-3.7535646438598698
World Bank WDI/WGI CSV download,VA.EST,Voice and accountability,WGI estimate,MMR,2009,-3.69335520267486
World Bank WDI/WGI CSV download,VA.EST,Voice and accountability,WGI estimate,MMR,2010,-3.51458685398102
World Bank WDI/WGI CSV download,VA.EST,Voice and accountability,WGI estimate,MMR,2011,-3.14437727928162
World Bank WDI/WGI CSV download,VA.EST,Voice and accountability,WGI estimate,MMR,2012,-2.7542028665542597
World Bank WDI/WGI CSV download,VA.EST,Voice and accountability,WGI estimate,MMR,2013,-2.48483060598373
World Bank WDI/WGI CSV download,VA.EST,Voice and accountability,WGI estimate,MMR,2014,-2.2848527789115898
World Bank WDI/WGI CSV download,VA.EST,Voice and accountability,WGI estimate,MMR,2015,-2.0723901391029402
World Bank WDI/WGI CSV download,VA.EST,Voice and accountability,WGI estimate,MMR,2016,-1.3543903529644
World Bank WDI/WGI CSV download,VA.EST,Voice and accountability,WGI estimate,MMR,2017,-1.47011563777924
World Bank WDI/WGI CSV download,VA.EST,Voice and accountability,WGI estimate,MMR,2018,-1.53217192292213
World Bank WDI/WGI CSV download,VA.EST,Voice and accountability,WGI estimate,MMR,2019,-1.45726303458214
World Bank WDI/WGI CSV download,VA.EST,Voice and accountability,WGI estimate,MMR,2020,-1.5969777762889898
World Bank WDI/WGI CSV download,VA.EST,Voice and accountability,WGI estimate,MMR,2021,-2.81990629434586
World Bank WDI/WGI CSV download,VA.EST,Voice and accountability,WGI estimate,MMR,2022,-2.53420110940933
World Bank WDI/WGI CSV download,VA.EST,Voice and accountability,WGI estimate,MMR,2023,-1.2905190229415902
"V-Dem vdemdata R package, vdem.RData",v2x_corr,Political corruption index,"0-1, higher means more corruption",MMR,1789,0.759
"V-Dem vdemdata R package, vdem.RData",v2x_corr,Political corruption index,"0-1, higher means more corruption",MMR,1790,0.759
"V-Dem vdemdata R package, vdem.RData",v2x_corr,Political corruption index,"0-1, higher means more corruption",MMR,1791,0.759
"V-Dem vdemdata R package, vdem.RData",v2x_corr,Political corruption index,"0-1, higher means more corruption",MMR,1792,0.759
"V-Dem vdemdata R package, vdem.RData",v2x_corr,Political corruption index,"0-1, higher means more corruption",MMR,1793,0.759
"V-Dem vdemdata R package, vdem.RData",v2x_corr,Political corruption index,"0-1, higher means more corruption",MMR,1794,0.759
"V-Dem vdemdata R package, vdem.RData",v2x_corr,Political corruption index,"0-1, higher means more corruption",MMR,1795,0.759
"V-Dem vdemdata R package, vdem.RData",v2x_corr,Political corruption index,"0-1, higher means more corruption",MMR,1796,0.759
"V-Dem vdemdata R package, vdem.RData",v2x_corr,Political corruption index,"0-1, higher means more corruption",MMR,1797,0.759
"V-Dem vdemdata R package, vdem.RData",v2x_corr,Political corruption index,"0-1, higher means more corruption",MMR,1798,0.759
"V-Dem vdemdata R package, vdem.RData",v2x_corr,Political corruption index,"0-1, higher means more corruption",MMR,1799,0.759
"V-Dem vdemdata R package, vdem.RData",v2x_corr,Political corruption index,"0-1, higher means more corruption",MMR,1800,0.759
"V-Dem vdemdata R package, vdem.RData",v2x_corr,Political corruption index,"0-1, higher means more corruption",MMR,1801,0.759
"V-Dem vdemdata R package, vdem.RData",v2x_corr,Political corruption index,"0-1, higher means more corruption",MMR,1802,0.759
"V-Dem vdemdata R package, vdem.RData",v2x_corr,Political corruption index,"0-1, higher means more corruption",MMR,1803,0.759
"V-Dem vdemdata R package, vdem.RData",v2x_corr,Political corruption index,"0-1, higher means more corruption",MMR,1804,0.759
"V-Dem vdemdata R package, vdem.RData",v2x_corr,Political corruption index,"0-1, higher means more corruption",MMR,1805,0.759
"V-Dem vdemdata R package, vdem.RData",v2x_corr,Political corruption index,"0-1, higher means more corruption",MMR,1806,0.759
"V-Dem vdemdata R package, vdem.RData",v2x_corr,Political corruption index,"0-1, higher means more corruption",MMR,1807,0.759
"V-Dem vdemdata R package, vdem.RData",v2x_corr,Political corruption index,"0-1, higher means more corruption",MMR,1808,0.759
"V-Dem vdemdata R package, vdem.RData",v2x_corr,Political corruption index,"0-1, higher means more corruption",MMR,1809,0.759
"V-Dem vdemdata R package, vdem.RData",v2x_corr,Political corruption index,"0-1, higher means more corruption",MMR,1810,0.759
"V-Dem vdemdata R package, vdem.RData",v2x_corr,Political corruption index,"0-1, higher means more corruption",MMR,1811,0.759
"V-Dem vdemdata R package, vdem.RData",v2x_corr,Political corruption index,"0-1, higher means more corruption",MMR,1812,0.759
"V-Dem vdemdata R package, vdem.RData",v2x_corr,Political corruption index,"0-1, higher means more corruption",MMR,1813,0.759
"V-Dem vdemdata R package, vdem.RData",v2x_corr,Political corruption index,"0-1, higher means more corruption",MMR,1814,0.759
"V-Dem vdemdata R package, vdem.RData",v2x_corr,Political corruption index,"0-1, higher means more corruption",MMR,1815,0.759
"V-Dem vdemdata R package, vdem.RData",v2x_corr,Political corruption index,"0-1, higher means more corruption",MMR,1816,0.759
"V-Dem vdemdata R package, vdem.RData",v2x_corr,Political corruption index,"0-1, higher means more corruption",MMR,1817,0.759
"V-Dem vdemdata R package, vdem.RData",v2x_corr,Political corruption index,"0-1, higher means more corruption",MMR,1818,0.759
"V-Dem vdemdata R package, vdem.RData",v2x_corr,Political corruption index,"0-1, higher means more corruption",MMR,1819,0.759
"V-Dem vdemdata R package, vdem.RData",v2x_corr,Political corruption index,"0-1, higher means more corruption",MMR,1820,0.759
"V-Dem vdemdata R package, vdem.RData",v2x_corr,Political corruption index,"0-1, higher means more corruption",MMR,1821,0.759
"V-Dem vdemdata R package, vdem.RData",v2x_corr,Political corruption index,"0-1, higher means more corruption",MMR,1822,0.759
"V-Dem vdemdata R package, vdem.RData",v2x_corr,Political corruption index,"0-1, higher means more corruption",MMR,1823,0.759
"V-Dem vdemdata R package, vdem.RData",v2x_corr,Political corruption index,"0-1, higher means more corruption",MMR,1824,0.759
"V-Dem vdemdata R package, vdem.RData",v2x_corr,Political corruption index,"0-1, higher means more corruption",MMR,1825,0.759
"V-Dem vdemdata R package, vdem.RData",v2x_corr,Political corruption index,"0-1, higher means more corruption",MMR,1826,0.759
"V-Dem vdemdata R package, vdem.RData",v2x_corr,Political corruption index,"0-1, higher means more corruption",MMR,1827,0.759
"V-Dem vdemdata R package, vdem.RData",v2x_corr,Political corruption index,"0-1, higher means more corruption",MMR,1828,0.759
"V-Dem vdemdata R package, vdem.RData",v2x_corr,Political corruption index,"0-1, higher means more corruption",MMR,1829,0.759
"V-Dem vdemdata R package, vdem.RData",v2x_corr,Political corruption index,"0-1, higher means more corruption",MMR,1830,0.759
"V-Dem vdemdata R package, vdem.RData",v2x_corr,Political corruption index,"0-1, higher means more corruption",MMR,1831,0.759
"V-Dem vdemdata R package, vdem.RData",v2x_corr,Political corruption index,"0-1, higher means more corruption",MMR,1832,0.759
"V-Dem vdemdata R package, vdem.RData",v2x_corr,Political corruption index,"0-1, higher means more corruption",MMR,1833,0.759
"V-Dem vdemdata R package, vdem.RData",v2x_corr,Political corruption index,"0-1, higher means more corruption",MMR,1834,0.759
"V-Dem vdemdata R package, vdem.RData",v2x_corr,Political corruption index,"0-1, higher means more corruption",MMR,1835,0.759
"V-Dem vdemdata R package, vdem.RData",v2x_corr,Political corruption index,"0-1, higher means more corruption",MMR,1836,0.759
"V-Dem vdemdata R package, vdem.RData",v2x_corr,Political corruption index,"0-1, higher means more corruption",MMR,1837,0.759
"V-Dem vdemdata R package, vdem.RData",v2x_corr,Political corruption index,"0-1, higher means more corruption",MMR,1838,0.759
"V-Dem vdemdata R package, vdem.RData",v2x_corr,Political corruption index,"0-1, higher means more corruption",MMR,1839,0.759
"V-Dem vdemdata R package, vdem.RData",v2x_corr,Political corruption index,"0-1, higher means more corruption",MMR,1840,0.759
"V-Dem vdemdata R package, vdem.RData",v2x_corr,Political corruption index,"0-1, higher means more corruption",MMR,1841,0.759
"V-Dem vdemdata R package, vdem.RData",v2x_corr,Political corruption index,"0-1, higher means more corruption",MMR,1842,0.759
"V-Dem vdemdata R package, vdem.RData",v2x_corr,Political corruption index,"0-1, higher means more corruption",MMR,1843,0.759
"V-Dem vdemdata R package, vdem.RData",v2x_corr,Political corruption index,"0-1, higher means more corruption",MMR,1844,0.759
"V-Dem vdemdata R package, vdem.RData",v2x_corr,Political corruption index,"0-1, higher means more corruption",MMR,1845,0.759
"V-Dem vdemdata R package, vdem.RData",v2x_corr,Political corruption index,"0-1, higher means more corruption",MMR,1846,0.759
"V-Dem vdemdata R package, vdem.RData",v2x_corr,Political corruption index,"0-1, higher means more corruption",MMR,1847,0.759
"V-Dem vdemdata R package, vdem.RData",v2x_corr,Political corruption index,"0-1, higher means more corruption",MMR,1848,0.759
"V-Dem vdemdata R package, vdem.RData",v2x_corr,Political corruption index,"0-1, higher means more corruption",MMR,1849,0.759
"V-Dem vdemdata R package, vdem.RData",v2x_corr,Political corruption index,"0-1, higher means more corruption",MMR,1850,0.759
"V-Dem vdemdata R package, vdem.RData",v2x_corr,Political corruption index,"0-1, higher means more corruption",MMR,1851,0.759
"V-Dem vdemdata R package, vdem.RData",v2x_corr,Political corruption index,"0-1, higher means more corruption",MMR,1852,0.759
"V-Dem vdemdata R package, vdem.RData",v2x_corr,Political corruption index,"0-1, higher means more corruption",MMR,1853,0.759
"V-Dem vdemdata R package, vdem.RData",v2x_corr,Political corruption index,"0-1, higher means more corruption",MMR,1854,0.759
"V-Dem vdemdata R package, vdem.RData",v2x_corr,Political corruption index,"0-1, higher means more corruption",MMR,1855,0.759
"V-Dem vdemdata R package, vdem.RData",v2x_corr,Political corruption index,"0-1, higher means more corruption",MMR,1856,0.759
"V-Dem vdemdata R package, vdem.RData",v2x_corr,Political corruption index,"0-1, higher means more corruption",MMR,1857,0.759
"V-Dem vdemdata R package, vdem.RData",v2x_corr,Political corruption index,"0-1, higher means more corruption",MMR,1858,0.759
"V-Dem vdemdata R package, vdem.RData",v2x_corr,Political corruption index,"0-1, higher means more corruption",MMR,1859,0.759
"V-Dem vdemdata R package, vdem.RData",v2x_corr,Political corruption index,"0-1, higher means more corruption",MMR,1860,0.759
"V-Dem vdemdata R package, vdem.RData",v2x_corr,Political corruption index,"0-1, higher means more corruption",MMR,1861,0.759
"V-Dem vdemdata R package, vdem.RData",v2x_corr,Political corruption index,"0-1, higher means more corruption",MMR,1862,0.759
"V-Dem vdemdata R package, vdem.RData",v2x_corr,Political corruption index,"0-1, higher means more corruption",MMR,1863,0.759
"V-Dem vdemdata R package, vdem.RData",v2x_corr,Political corruption index,"0-1, higher means more corruption",MMR,1864,0.759
"V-Dem vdemdata R package, vdem.RData",v2x_corr,Political corruption index,"0-1, higher means more corruption",MMR,1865,0.759
"V-Dem vdemdata R package, vdem.RData",v2x_corr,Political corruption index,"0-1, higher means more corruption",MMR,1866,0.644
"V-Dem vdemdata R package, vdem.RData",v2x_corr,Political corruption index,"0-1, higher means more corruption",MMR,1867,0.644
"V-Dem vdemdata R package, vdem.RData",v2x_corr,Political corruption index,"0-1, higher means more corruption",MMR,1868,0.644
"V-Dem vdemdata R package, vdem.RData",v2x_corr,Political corruption index,"0-1, higher means more corruption",MMR,1869,0.644
"V-Dem vdemdata R package, vdem.RData",v2x_corr,Political corruption index,"0-1, higher means more corruption",MMR,1870,0.644
"V-Dem vdemdata R package, vdem.RData",v2x_corr,Political corruption index,"0-1, higher means more corruption",MMR,1871,0.644
"V-Dem vdemdata R package, vdem.RData",v2x_corr,Political corruption index,"0-1, higher means more corruption",MMR,1872,0.644
"V-Dem vdemdata R package, vdem.RData",v2x_corr,Political corruption index,"0-1, higher means more corruption",MMR,1873,0.644
"V-Dem vdemdata R package, vdem.RData",v2x_corr,Political corruption index,"0-1, higher means more corruption",MMR,1874,0.644
"V-Dem vdemdata R package, vdem.RData",v2x_corr,Political corruption index,"0-1, higher means more corruption",MMR,1875,0.644
"V-Dem vdemdata R package, vdem.RData",v2x_corr,Political corruption index,"0-1, higher means more corruption",MMR,1876,0.644
"V-Dem vdemdata R package, vdem.RData",v2x_corr,Political corruption index,"0-1, higher means more corruption",MMR,1877,0.644
"V-Dem vdemdata R package, vdem.RData",v2x_corr,Political corruption index,"0-1, higher means more corruption",MMR,1878,0.644
"V-Dem vdemdata R package, vdem.RData",v2x_corr,Political corruption index,"0-1, higher means more corruption",MMR,1879,0.644
"V-Dem vdemdata R package, vdem.RData",v2x_corr,Political corruption index,"0-1, higher means more corruption",MMR,1880,0.644
"V-Dem vdemdata R package, vdem.RData",v2x_corr,Political corruption index,"0-1, higher means more corruption",MMR,1881,0.644
"V-Dem vdemdata R package, vdem.RData",v2x_corr,Political corruption index,"0-1, higher means more corruption",MMR,1882,0.644
"V-Dem vdemdata R package, vdem.RData",v2x_corr,Political corruption index,"0-1, higher means more corruption",MMR,1883,0.644
"V-Dem vdemdata R package, vdem.RData",v2x_corr,Political corruption index,"0-1, higher means more corruption",MMR,1884,0.644
"V-Dem vdemdata R package, vdem.RData",v2x_corr,Political corruption index,"0-1, higher means more corruption",MMR,1885,0.687
"V-Dem vdemdata R package, vdem.RData",v2x_corr,Political corruption index,"0-1, higher means more corruption",MMR,1886,0.348
"V-Dem vdemdata R package, vdem.RData",v2x_corr,Political corruption index,"0-1, higher means more corruption",MMR,1887,0.348
"V-Dem vdemdata R package, vdem.RData",v2x_corr,Political corruption index,"0-1, higher means more corruption",MMR,1888,0.348
"V-Dem vdemdata R package, vdem.RData",v2x_corr,Political corruption index,"0-1, higher means more corruption",MMR,1889,0.348
"V-Dem vdemdata R package, vdem.RData",v2x_corr,Political corruption index,"0-1, higher means more corruption",MMR,1890,0.348
"V-Dem vdemdata R package, vdem.RData",v2x_corr,Political corruption index,"0-1, higher means more corruption",MMR,1891,0.348
"V-Dem vdemdata R package, vdem.RData",v2x_corr,Political corruption index,"0-1, higher means more corruption",MMR,1892,0.348
"V-Dem vdemdata R package, vdem.RData",v2x_corr,Political corruption index,"0-1, higher means more corruption",MMR,1893,0.348
"V-Dem vdemdata R package, vdem.RData",v2x_corr,Political corruption index,"0-1, higher means more corruption",MMR,1894,0.348
"V-Dem vdemdata R package, vdem.RData",v2x_corr,Political corruption index,"0-1, higher means more corruption",MMR,1895,0.348
"V-Dem vdemdata R package, vdem.RData",v2x_corr,Political corruption index,"0-1, higher means more corruption",MMR,1896,0.348
"V-Dem vdemdata R package, vdem.RData",v2x_corr,Political corruption index,"0-1, higher means more corruption",MMR,1897,0.348
"V-Dem vdemdata R package, vdem.RData",v2x_corr,Political corruption index,"0-1, higher means more corruption",MMR,1898,0.348
"V-Dem vdemdata R package, vdem.RData",v2x_corr,Political corruption index,"0-1, higher means more corruption",MMR,1899,0.348
"V-Dem vdemdata R package, vdem.RData",v2x_corr,Political corruption index,"0-1, higher means more corruption",MMR,1900,0.348
"V-Dem vdemdata R package, vdem.RData",v2x_corr,Political corruption index,"0-1, higher means more corruption",MMR,1901,0.348
"V-Dem vdemdata R package, vdem.RData",v2x_corr,Political corruption index,"0-1, higher means more corruption",MMR,1902,0.348
"V-Dem vdemdata R package, vdem.RData",v2x_corr,Political corruption index,"0-1, higher means more corruption",MMR,1903,0.348
"V-Dem vdemdata R package, vdem.RData",v2x_corr,Political corruption index,"0-1, higher means more corruption",MMR,1904,0.348
"V-Dem vdemdata R package, vdem.RData",v2x_corr,Political corruption index,"0-1, higher means more corruption",MMR,1905,0.348
"V-Dem vdemdata R package, vdem.RData",v2x_corr,Political corruption index,"0-1, higher means more corruption",MMR,1906,0.348
"V-Dem vdemdata R package, vdem.RData",v2x_corr,Political corruption index,"0-1, higher means more corruption",MMR,1907,0.348
"V-Dem vdemdata R package, vdem.RData",v2x_corr,Political corruption index,"0-1, higher means more corruption",MMR,1908,0.348
"V-Dem vdemdata R package, vdem.RData",v2x_corr,Political corruption index,"0-1, higher means more corruption",MMR,1909,0.348
"V-Dem vdemdata R package, vdem.RData",v2x_corr,Political corruption index,"0-1, higher means more corruption",MMR,1910,0.348
"V-Dem vdemdata R package, vdem.RData",v2x_corr,Political corruption index,"0-1, higher means more corruption",MMR,1911,0.348
"V-Dem vdemdata R package, vdem.RData",v2x_corr,Political corruption index,"0-1, higher means more corruption",MMR,1912,0.348
"V-Dem vdemdata R package, vdem.RData",v2x_corr,Political corruption index,"0-1, higher means more corruption",MMR,1913,0.348
"V-Dem vdemdata R package, vdem.RData",v2x_corr,Political corruption index,"0-1, higher means more corruption",MMR,1914,0.348
"V-Dem vdemdata R package, vdem.RData",v2x_corr,Political corruption index,"0-1, higher means more corruption",MMR,1915,0.348
"V-Dem vdemdata R package, vdem.RData",v2x_corr,Political corruption index,"0-1, higher means more corruption",MMR,1916,0.348
"V-Dem vdemdata R package, vdem.RData",v2x_corr,Political corruption index,"0-1, higher means more corruption",MMR,1917,0.348
"V-Dem vdemdata R package, vdem.RData",v2x_corr,Political corruption index,"0-1, higher means more corruption",MMR,1918,0.348
"V-Dem vdemdata R package, vdem.RData",v2x_corr,Political corruption index,"0-1, higher means more corruption",MMR,1919,0.348
"V-Dem vdemdata R package, vdem.RData",v2x_corr,Political corruption index,"0-1, higher means more corruption",MMR,1920,0.348
"V-Dem vdemdata R package, vdem.RData",v2x_corr,Political corruption index,"0-1, higher means more corruption",MMR,1921,0.348
"V-Dem vdemdata R package, vdem.RData",v2x_corr,Political corruption index,"0-1, higher means more corruption",MMR,1922,0.348
"V-Dem vdemdata R package, vdem.RData",v2x_corr,Political corruption index,"0-1, higher means more corruption",MMR,1923,0.323
"V-Dem vdemdata R package, vdem.RData",v2x_corr,Political corruption index,"0-1, higher means more corruption",MMR,1924,0.323
"V-Dem vdemdata R package, vdem.RData",v2x_corr,Political corruption index,"0-1, higher means more corruption",MMR,1925,0.323
"V-Dem vdemdata R package, vdem.RData",v2x_corr,Political corruption index,"0-1, higher means more corruption",MMR,1926,0.323
"V-Dem vdemdata R package, vdem.RData",v2x_corr,Political corruption index,"0-1, higher means more corruption",MMR,1927,0.323
"V-Dem vdemdata R package, vdem.RData",v2x_corr,Political corruption index,"0-1, higher means more corruption",MMR,1928,0.323
"V-Dem vdemdata R package, vdem.RData",v2x_corr,Political corruption index,"0-1, higher means more corruption",MMR,1929,0.323
"V-Dem vdemdata R package, vdem.RData",v2x_corr,Political corruption index,"0-1, higher means more corruption",MMR,1930,0.323
"V-Dem vdemdata R package, vdem.RData",v2x_corr,Political corruption index,"0-1, higher means more corruption",MMR,1931,0.323
"V-Dem vdemdata R package, vdem.RData",v2x_corr,Political corruption index,"0-1, higher means more corruption",MMR,1932,0.323
"V-Dem vdemdata R package, vdem.RData",v2x_corr,Political corruption index,"0-1, higher means more corruption",MMR,1933,0.323
"V-Dem vdemdata R package, vdem.RData",v2x_corr,Political corruption index,"0-1, higher means more corruption",MMR,1934,0.323
"V-Dem vdemdata R package, vdem.RData",v2x_corr,Political corruption index,"0-1, higher means more corruption",MMR,1935,0.339
"V-Dem vdemdata R package, vdem.RData",v2x_corr,Political corruption index,"0-1, higher means more corruption",MMR,1936,0.339
"V-Dem vdemdata R package, vdem.RData",v2x_corr,Political corruption index,"0-1, higher means more corruption",MMR,1937,0.339
"V-Dem vdemdata R package, vdem.RData",v2x_corr,Political corruption index,"0-1, higher means more corruption",MMR,1938,0.339
"V-Dem vdemdata R package, vdem.RData",v2x_corr,Political corruption index,"0-1, higher means more corruption",MMR,1939,0.339
"V-Dem vdemdata R package, vdem.RData",v2x_corr,Political corruption index,"0-1, higher means more corruption",MMR,1940,0.339
"V-Dem vdemdata R package, vdem.RData",v2x_corr,Political corruption index,"0-1, higher means more corruption",MMR,1941,0.339
"V-Dem vdemdata R package, vdem.RData",v2x_corr,Political corruption index,"0-1, higher means more corruption",MMR,1942,0.359
"V-Dem vdemdata R package, vdem.RData",v2x_corr,Political corruption index,"0-1, higher means more corruption",MMR,1943,0.359
"V-Dem vdemdata R package, vdem.RData",v2x_corr,Political corruption index,"0-1, higher means more corruption",MMR,1944,0.359
"V-Dem vdemdata R package, vdem.RData",v2x_corr,Political corruption index,"0-1, higher means more corruption",MMR,1945,0.35
"V-Dem vdemdata R package, vdem.RData",v2x_corr,Political corruption index,"0-1, higher means more corruption",MMR,1946,0.35
"V-Dem vdemdata R package, vdem.RData",v2x_corr,Political corruption index,"0-1, higher means more corruption",MMR,1947,0.343
"V-Dem vdemdata R package, vdem.RData",v2x_corr,Political corruption index,"0-1, higher means more corruption",MMR,1948,0.41
"V-Dem vdemdata R package, vdem.RData",v2x_corr,Political corruption index,"0-1, higher means more corruption",MMR,1949,0.41
"V-Dem vdemdata R package, vdem.RData",v2x_corr,Political corruption index,"0-1, higher means more corruption",MMR,1950,0.41
"V-Dem vdemdata R package, vdem.RData",v2x_corr,Political corruption index,"0-1, higher means more corruption",MMR,1951,0.41
"V-Dem vdemdata R package, vdem.RData",v2x_corr,Political corruption index,"0-1, higher means more corruption",MMR,1952,0.41
"V-Dem vdemdata R package, vdem.RData",v2x_corr,Political corruption index,"0-1, higher means more corruption",MMR,1953,0.415
"V-Dem vdemdata R package, vdem.RData",v2x_corr,Political corruption index,"0-1, higher means more corruption",MMR,1954,0.415
"V-Dem vdemdata R package, vdem.RData",v2x_corr,Political corruption index,"0-1, higher means more corruption",MMR,1955,0.415
"V-Dem vdemdata R package, vdem.RData",v2x_corr,Political corruption index,"0-1, higher means more corruption",MMR,1956,0.415
"V-Dem vdemdata R package, vdem.RData",v2x_corr,Political corruption index,"0-1, higher means more corruption",MMR,1957,0.415
"V-Dem vdemdata R package, vdem.RData",v2x_corr,Political corruption index,"0-1, higher means more corruption",MMR,1958,0.427
"V-Dem vdemdata R package, vdem.RData",v2x_corr,Political corruption index,"0-1, higher means more corruption",MMR,1959,0.427
"V-Dem vdemdata R package, vdem.RData",v2x_corr,Political corruption index,"0-1, higher means more corruption",MMR,1960,0.427
"V-Dem vdemdata R package, vdem.RData",v2x_corr,Political corruption index,"0-1, higher means more corruption",MMR,1961,0.427
"V-Dem vdemdata R package, vdem.RData",v2x_corr,Political corruption index,"0-1, higher means more corruption",MMR,1962,0.635
"V-Dem vdemdata R package, vdem.RData",v2x_corr,Political corruption index,"0-1, higher means more corruption",MMR,1963,0.807
"V-Dem vdemdata R package, vdem.RData",v2x_corr,Political corruption index,"0-1, higher means more corruption",MMR,1964,0.807
"V-Dem vdemdata R package, vdem.RData",v2x_corr,Political corruption index,"0-1, higher means more corruption",MMR,1965,0.807
"V-Dem vdemdata R package, vdem.RData",v2x_corr,Political corruption index,"0-1, higher means more corruption",MMR,1966,0.807
"V-Dem vdemdata R package, vdem.RData",v2x_corr,Political corruption index,"0-1, higher means more corruption",MMR,1967,0.807
"V-Dem vdemdata R package, vdem.RData",v2x_corr,Political corruption index,"0-1, higher means more corruption",MMR,1968,0.807
"V-Dem vdemdata R package, vdem.RData",v2x_corr,Political corruption index,"0-1, higher means more corruption",MMR,1969,0.807
"V-Dem vdemdata R package, vdem.RData",v2x_corr,Political corruption index,"0-1, higher means more corruption",MMR,1970,0.807
"V-Dem vdemdata R package, vdem.RData",v2x_corr,Political corruption index,"0-1, higher means more corruption",MMR,1971,0.807
"V-Dem vdemdata R package, vdem.RData",v2x_corr,Political corruption index,"0-1, higher means more corruption",MMR,1972,0.807
"V-Dem vdemdata R package, vdem.RData",v2x_corr,Political corruption index,"0-1, higher means more corruption",MMR,1973,0.807
"V-Dem vdemdata R package, vdem.RData",v2x_corr,Political corruption index,"0-1, higher means more corruption",MMR,1974,0.807
"V-Dem vdemdata R package, vdem.RData",v2x_corr,Political corruption index,"0-1, higher means more corruption",MMR,1975,0.825
"V-Dem vdemdata R package, vdem.RData",v2x_corr,Political corruption index,"0-1, higher means more corruption",MMR,1976,0.825
"V-Dem vdemdata R package, vdem.RData",v2x_corr,Political corruption index,"0-1, higher means more corruption",MMR,1977,0.825
"V-Dem vdemdata R package, vdem.RData",v2x_corr,Political corruption index,"0-1, higher means more corruption",MMR,1978,0.825
"V-Dem vdemdata R package, vdem.RData",v2x_corr,Political corruption index,"0-1, higher means more corruption",MMR,1979,0.825
"V-Dem vdemdata R package, vdem.RData",v2x_corr,Political corruption index,"0-1, higher means more corruption",MMR,1980,0.825
"V-Dem vdemdata R package, vdem.RData",v2x_corr,Political corruption index,"0-1, higher means more corruption",MMR,1981,0.825
"V-Dem vdemdata R package, vdem.RData",v2x_corr,Political corruption index,"0-1, higher means more corruption",MMR,1982,0.825
"V-Dem vdemdata R package, vdem.RData",v2x_corr,Political corruption index,"0-1, higher means more corruption",MMR,1983,0.825
"V-Dem vdemdata R package, vdem.RData",v2x_corr,Political corruption index,"0-1, higher means more corruption",MMR,1984,0.825
"V-Dem vdemdata R package, vdem.RData",v2x_corr,Political corruption index,"0-1, higher means more corruption",MMR,1985,0.825
"V-Dem vdemdata R package, vdem.RData",v2x_corr,Political corruption index,"0-1, higher means more corruption",MMR,1986,0.825
"V-Dem vdemdata R package, vdem.RData",v2x_corr,Political corruption index,"0-1, higher means more corruption",MMR,1987,0.825
"V-Dem vdemdata R package, vdem.RData",v2x_corr,Political corruption index,"0-1, higher means more corruption",MMR,1988,0.874
"V-Dem vdemdata R package, vdem.RData",v2x_corr,Political corruption index,"0-1, higher means more corruption",MMR,1989,0.878
"V-Dem vdemdata R package, vdem.RData",v2x_corr,Political corruption index,"0-1, higher means more corruption",MMR,1990,0.878
"V-Dem vdemdata R package, vdem.RData",v2x_corr,Political corruption index,"0-1, higher means more corruption",MMR,1991,0.878
"V-Dem vdemdata R package, vdem.RData",v2x_corr,Political corruption index,"0-1, higher means more corruption",MMR,1992,0.878
"V-Dem vdemdata R package, vdem.RData",v2x_corr,Political corruption index,"0-1, higher means more corruption",MMR,1993,0.878
"V-Dem vdemdata R package, vdem.RData",v2x_corr,Political corruption index,"0-1, higher means more corruption",MMR,1994,0.878
"V-Dem vdemdata R package, vdem.RData",v2x_corr,Political corruption index,"0-1, higher means more corruption",MMR,1995,0.878
"V-Dem vdemdata R package, vdem.RData",v2x_corr,Political corruption index,"0-1, higher means more corruption",MMR,1996,0.878
"V-Dem vdemdata R package, vdem.RData",v2x_corr,Political corruption index,"0-1, higher means more corruption",MMR,1997,0.878
"V-Dem vdemdata R package, vdem.RData",v2x_corr,Political corruption index,"0-1, higher means more corruption",MMR,1998,0.878
"V-Dem vdemdata R package, vdem.RData",v2x_corr,Political corruption index,"0-1, higher means more corruption",MMR,1999,0.878
"V-Dem vdemdata R package, vdem.RData",v2x_corr,Political corruption index,"0-1, higher means more corruption",MMR,2000,0.878
"V-Dem vdemdata R package, vdem.RData",v2x_corr,Political corruption index,"0-1, higher means more corruption",MMR,2001,0.878
"V-Dem vdemdata R package, vdem.RData",v2x_corr,Political corruption index,"0-1, higher means more corruption",MMR,2002,0.878
"V-Dem vdemdata R package, vdem.RData",v2x_corr,Political corruption index,"0-1, higher means more corruption",MMR,2003,0.878
"V-Dem vdemdata R package, vdem.RData",v2x_corr,Political corruption index,"0-1, higher means more corruption",MMR,2004,0.878
"V-Dem vdemdata R package, vdem.RData",v2x_corr,Political corruption index,"0-1, higher means more corruption",MMR,2005,0.878
"V-Dem vdemdata R package, vdem.RData",v2x_corr,Political corruption index,"0-1, higher means more corruption",MMR,2006,0.878
"V-Dem vdemdata R package, vdem.RData",v2x_corr,Political corruption index,"0-1, higher means more corruption",MMR,2007,0.878
"V-Dem vdemdata R package, vdem.RData",v2x_corr,Political corruption index,"0-1, higher means more corruption",MMR,2008,0.878
"V-Dem vdemdata R package, vdem.RData",v2x_corr,Political corruption index,"0-1, higher means more corruption",MMR,2009,0.878
"V-Dem vdemdata R package, vdem.RData",v2x_corr,Political corruption index,"0-1, higher means more corruption",MMR,2010,0.847
"V-Dem vdemdata R package, vdem.RData",v2x_corr,Political corruption index,"0-1, higher means more corruption",MMR,2011,0.739
"V-Dem vdemdata R package, vdem.RData",v2x_corr,Political corruption index,"0-1, higher means more corruption",MMR,2012,0.742
"V-Dem vdemdata R package, vdem.RData",v2x_corr,Political corruption index,"0-1, higher means more corruption",MMR,2013,0.66
"V-Dem vdemdata R package, vdem.RData",v2x_corr,Political corruption index,"0-1, higher means more corruption",MMR,2014,0.66
"V-Dem vdemdata R package, vdem.RData",v2x_corr,Political corruption index,"0-1, higher means more corruption",MMR,2015,0.532
"V-Dem vdemdata R package, vdem.RData",v2x_corr,Political corruption index,"0-1, higher means more corruption",MMR,2016,0.409
"V-Dem vdemdata R package, vdem.RData",v2x_corr,Political corruption index,"0-1, higher means more corruption",MMR,2017,0.392
"V-Dem vdemdata R package, vdem.RData",v2x_corr,Political corruption index,"0-1, higher means more corruption",MMR,2018,0.312
"V-Dem vdemdata R package, vdem.RData",v2x_corr,Political corruption index,"0-1, higher means more corruption",MMR,2019,0.333
"V-Dem vdemdata R package, vdem.RData",v2x_corr,Political corruption index,"0-1, higher means more corruption",MMR,2020,0.33
"V-Dem vdemdata R package, vdem.RData",v2x_corr,Political corruption index,"0-1, higher means more corruption",MMR,2021,0.662
"V-Dem vdemdata R package, vdem.RData",v2x_corr,Political corruption index,"0-1, higher means more corruption",MMR,2022,0.813
"V-Dem vdemdata R package, vdem.RData",v2x_corr,Political corruption index,"0-1, higher means more corruption",MMR,2023,0.842
"V-Dem vdemdata R package, vdem.RData",v2x_corr,Political corruption index,"0-1, higher means more corruption",MMR,2024,0.859
"V-Dem vdemdata R package, vdem.RData",v2x_corr,Political corruption index,"0-1, higher means more corruption",MMR,2025,0.859
"V-Dem vdemdata R package, vdem.RData",v2x_electoral_integrity,Electoral integrity index,0-1,MMR,1900,0.431
"V-Dem vdemdata R package, vdem.RData",v2x_electoral_integrity,Electoral integrity index,0-1,MMR,1901,0.429
"V-Dem vdemdata R package, vdem.RData",v2x_electoral_integrity,Electoral integrity index,0-1,MMR,1902,0.433
"V-Dem vdemdata R package, vdem.RData",v2x_electoral_integrity,Electoral integrity index,0-1,MMR,1903,0.434
"V-Dem vdemdata R package, vdem.RData",v2x_electoral_integrity,Electoral integrity index,0-1,MMR,1904,0.434
"V-Dem vdemdata R package, vdem.RData",v2x_electoral_integrity,Electoral integrity index,0-1,MMR,1905,0.433
"V-Dem vdemdata R package, vdem.RData",v2x_electoral_integrity,Electoral integrity index,0-1,MMR,1906,0.434
"V-Dem vdemdata R package, vdem.RData",v2x_electoral_integrity,Electoral integrity index,0-1,MMR,1907,0.432
"V-Dem vdemdata R package, vdem.RData",v2x_electoral_integrity,Electoral integrity index,0-1,MMR,1908,0.435
"V-Dem vdemdata R package, vdem.RData",v2x_electoral_integrity,Electoral integrity index,0-1,MMR,1909,0.433
"V-Dem vdemdata R package, vdem.RData",v2x_electoral_integrity,Electoral integrity index,0-1,MMR,1910,0.432
"V-Dem vdemdata R package, vdem.RData",v2x_electoral_integrity,Electoral integrity index,0-1,MMR,1911,0.433
"V-Dem vdemdata R package, vdem.RData",v2x_electoral_integrity,Electoral integrity index,0-1,MMR,1912,0.434
"V-Dem vdemdata R package, vdem.RData",v2x_electoral_integrity,Electoral integrity index,0-1,MMR,1913,0.433
"V-Dem vdemdata R package, vdem.RData",v2x_electoral_integrity,Electoral integrity index,0-1,MMR,1914,0.435
"V-Dem vdemdata R package, vdem.RData",v2x_electoral_integrity,Electoral integrity index,0-1,MMR,1915,0.433
"V-Dem vdemdata R package, vdem.RData",v2x_electoral_integrity,Electoral integrity index,0-1,MMR,1916,0.432
"V-Dem vdemdata R package, vdem.RData",v2x_electoral_integrity,Electoral integrity index,0-1,MMR,1917,0.433
"V-Dem vdemdata R package, vdem.RData",v2x_electoral_integrity,Electoral integrity index,0-1,MMR,1918,0.432
"V-Dem vdemdata R package, vdem.RData",v2x_electoral_integrity,Electoral integrity index,0-1,MMR,1919,0.434
"V-Dem vdemdata R package, vdem.RData",v2x_electoral_integrity,Electoral integrity index,0-1,MMR,1920,0.433
"V-Dem vdemdata R package, vdem.RData",v2x_electoral_integrity,Electoral integrity index,0-1,MMR,1921,0.444
"V-Dem vdemdata R package, vdem.RData",v2x_electoral_integrity,Electoral integrity index,0-1,MMR,1922,0.515
"V-Dem vdemdata R package, vdem.RData",v2x_electoral_integrity,Electoral integrity index,0-1,MMR,1923,0.518
"V-Dem vdemdata R package, vdem.RData",v2x_electoral_integrity,Electoral integrity index,0-1,MMR,1924,0.519
"V-Dem vdemdata R package, vdem.RData",v2x_electoral_integrity,Electoral integrity index,0-1,MMR,1925,0.519
"V-Dem vdemdata R package, vdem.RData",v2x_electoral_integrity,Electoral integrity index,0-1,MMR,1926,0.519
"V-Dem vdemdata R package, vdem.RData",v2x_electoral_integrity,Electoral integrity index,0-1,MMR,1927,0.522
"V-Dem vdemdata R package, vdem.RData",v2x_electoral_integrity,Electoral integrity index,0-1,MMR,1928,0.517
"V-Dem vdemdata R package, vdem.RData",v2x_electoral_integrity,Electoral integrity index,0-1,MMR,1929,0.517
"V-Dem vdemdata R package, vdem.RData",v2x_electoral_integrity,Electoral integrity index,0-1,MMR,1930,0.519
"V-Dem vdemdata R package, vdem.RData",v2x_electoral_integrity,Electoral integrity index,0-1,MMR,1931,0.516
"V-Dem vdemdata R package, vdem.RData",v2x_electoral_integrity,Electoral integrity index,0-1,MMR,1932,0.521
"V-Dem vdemdata R package, vdem.RData",v2x_electoral_integrity,Electoral integrity index,0-1,MMR,1933,0.517
"V-Dem vdemdata R package, vdem.RData",v2x_electoral_integrity,Electoral integrity index,0-1,MMR,1934,0.517
"V-Dem vdemdata R package, vdem.RData",v2x_electoral_integrity,Electoral integrity index,0-1,MMR,1935,0.522
"V-Dem vdemdata R package, vdem.RData",v2x_electoral_integrity,Electoral integrity index,0-1,MMR,1936,0.541
"V-Dem vdemdata R package, vdem.RData",v2x_electoral_integrity,Electoral integrity index,0-1,MMR,1937,0.553
"V-Dem vdemdata R package, vdem.RData",v2x_electoral_integrity,Electoral integrity index,0-1,MMR,1938,0.552
"V-Dem vdemdata R package, vdem.RData",v2x_electoral_integrity,Electoral integrity index,0-1,MMR,1939,0.558
"V-Dem vdemdata R package, vdem.RData",v2x_electoral_integrity,Electoral integrity index,0-1,MMR,1940,0.541
"V-Dem vdemdata R package, vdem.RData",v2x_electoral_integrity,Electoral integrity index,0-1,MMR,1941,0.505
"V-Dem vdemdata R package, vdem.RData",v2x_electoral_integrity,Electoral integrity index,0-1,MMR,1942,0.395
"V-Dem vdemdata R package, vdem.RData",v2x_electoral_integrity,Electoral integrity index,0-1,MMR,1943,0.381
"V-Dem vdemdata R package, vdem.RData",v2x_electoral_integrity,Electoral integrity index,0-1,MMR,1944,0.388
"V-Dem vdemdata R package, vdem.RData",v2x_electoral_integrity,Electoral integrity index,0-1,MMR,1945,0.478
"V-Dem vdemdata R package, vdem.RData",v2x_electoral_integrity,Electoral integrity index,0-1,MMR,1946,0.59
"V-Dem vdemdata R package, vdem.RData",v2x_electoral_integrity,Electoral integrity index,0-1,MMR,1947,0.638
"V-Dem vdemdata R package, vdem.RData",v2x_electoral_integrity,Electoral integrity index,0-1,MMR,1948,0.711
"V-Dem vdemdata R package, vdem.RData",v2x_electoral_integrity,Electoral integrity index,0-1,MMR,1949,0.717
"V-Dem vdemdata R package, vdem.RData",v2x_electoral_integrity,Electoral integrity index,0-1,MMR,1950,0.717
"V-Dem vdemdata R package, vdem.RData",v2x_electoral_integrity,Electoral integrity index,0-1,MMR,1951,0.713
"V-Dem vdemdata R package, vdem.RData",v2x_electoral_integrity,Electoral integrity index,0-1,MMR,1952,0.714
"V-Dem vdemdata R package, vdem.RData",v2x_electoral_integrity,Electoral integrity index,0-1,MMR,1953,0.713
"V-Dem vdemdata R package, vdem.RData",v2x_electoral_integrity,Electoral integrity index,0-1,MMR,1954,0.714
"V-Dem vdemdata R package, vdem.RData",v2x_electoral_integrity,Electoral integrity index,0-1,MMR,1955,0.713
"V-Dem vdemdata R package, vdem.RData",v2x_electoral_integrity,Electoral integrity index,0-1,MMR,1956,0.707
"V-Dem vdemdata R package, vdem.RData",v2x_electoral_integrity,Electoral integrity index,0-1,MMR,1957,0.705
"V-Dem vdemdata R package, vdem.RData",v2x_electoral_integrity,Electoral integrity index,0-1,MMR,1958,0.677
"V-Dem vdemdata R package, vdem.RData",v2x_electoral_integrity,Electoral integrity index,0-1,MMR,1959,0.669
"V-Dem vdemdata R package, vdem.RData",v2x_electoral_integrity,Electoral integrity index,0-1,MMR,1960,0.678
"V-Dem vdemdata R package, vdem.RData",v2x_electoral_integrity,Electoral integrity index,0-1,MMR,1961,0.706
"V-Dem vdemdata R package, vdem.RData",v2x_electoral_integrity,Electoral integrity index,0-1,MMR,1962,0.352
"V-Dem vdemdata R package, vdem.RData",v2x_electoral_integrity,Electoral integrity index,0-1,MMR,1963,0.168
"V-Dem vdemdata R package, vdem.RData",v2x_electoral_integrity,Electoral integrity index,0-1,MMR,1964,0.149
"V-Dem vdemdata R package, vdem.RData",v2x_electoral_integrity,Electoral integrity index,0-1,MMR,1965,0.148
"V-Dem vdemdata R package, vdem.RData",v2x_electoral_integrity,Electoral integrity index,0-1,MMR,1966,0.148
"V-Dem vdemdata R package, vdem.RData",v2x_electoral_integrity,Electoral integrity index,0-1,MMR,1967,0.147
"V-Dem vdemdata R package, vdem.RData",v2x_electoral_integrity,Electoral integrity index,0-1,MMR,1968,0.148
"V-Dem vdemdata R package, vdem.RData",v2x_electoral_integrity,Electoral integrity index,0-1,MMR,1969,0.148
"V-Dem vdemdata R package, vdem.RData",v2x_electoral_integrity,Electoral integrity index,0-1,MMR,1970,0.15
"V-Dem vdemdata R package, vdem.RData",v2x_electoral_integrity,Electoral integrity index,0-1,MMR,1971,0.15
"V-Dem vdemdata R package, vdem.RData",v2x_electoral_integrity,Electoral integrity index,0-1,MMR,1972,0.15
"V-Dem vdemdata R package, vdem.RData",v2x_electoral_integrity,Electoral integrity index,0-1,MMR,1973,0.15
"V-Dem vdemdata R package, vdem.RData",v2x_electoral_integrity,Electoral integrity index,0-1,MMR,1974,0.103
"V-Dem vdemdata R package, vdem.RData",v2x_electoral_integrity,Electoral integrity index,0-1,MMR,1975,0.103
"V-Dem vdemdata R package, vdem.RData",v2x_electoral_integrity,Electoral integrity index,0-1,MMR,1976,0.103
"V-Dem vdemdata R package, vdem.RData",v2x_electoral_integrity,Electoral integrity index,0-1,MMR,1977,0.103
"V-Dem vdemdata R package, vdem.RData",v2x_electoral_integrity,Electoral integrity index,0-1,MMR,1978,0.1
"V-Dem vdemdata R package, vdem.RData",v2x_electoral_integrity,Electoral integrity index,0-1,MMR,1979,0.1
"V-Dem vdemdata R package, vdem.RData",v2x_electoral_integrity,Electoral integrity index,0-1,MMR,1980,0.099
"V-Dem vdemdata R package, vdem.RData",v2x_electoral_integrity,Electoral integrity index,0-1,MMR,1981,0.103
"V-Dem vdemdata R package, vdem.RData",v2x_electoral_integrity,Electoral integrity index,0-1,MMR,1982,0.104
"V-Dem vdemdata R package, vdem.RData",v2x_electoral_integrity,Electoral integrity index,0-1,MMR,1983,0.103
"V-Dem vdemdata R package, vdem.RData",v2x_electoral_integrity,Electoral integrity index,0-1,MMR,1984,0.103
"V-Dem vdemdata R package, vdem.RData",v2x_electoral_integrity,Electoral integrity index,0-1,MMR,1985,0.103
"V-Dem vdemdata R package, vdem.RData",v2x_electoral_integrity,Electoral integrity index,0-1,MMR,1986,0.103
"V-Dem vdemdata R package, vdem.RData",v2x_electoral_integrity,Electoral integrity index,0-1,MMR,1987,0.103
"V-Dem vdemdata R package, vdem.RData",v2x_electoral_integrity,Electoral integrity index,0-1,MMR,1988,0.102
"V-Dem vdemdata R package, vdem.RData",v2x_electoral_integrity,Electoral integrity index,0-1,MMR,1989,0.12
"V-Dem vdemdata R package, vdem.RData",v2x_electoral_integrity,Electoral integrity index,0-1,MMR,1990,0.185
"V-Dem vdemdata R package, vdem.RData",v2x_electoral_integrity,Electoral integrity index,0-1,MMR,1991,0.183
"V-Dem vdemdata R package, vdem.RData",v2x_electoral_integrity,Electoral integrity index,0-1,MMR,1992,0.183
"V-Dem vdemdata R package, vdem.RData",v2x_electoral_integrity,Electoral integrity index,0-1,MMR,1993,0.183
"V-Dem vdemdata R package, vdem.RData",v2x_electoral_integrity,Electoral integrity index,0-1,MMR,1994,0.183
"V-Dem vdemdata R package, vdem.RData",v2x_electoral_integrity,Electoral integrity index,0-1,MMR,1995,0.184
"V-Dem vdemdata R package, vdem.RData",v2x_electoral_integrity,Electoral integrity index,0-1,MMR,1996,0.184
"V-Dem vdemdata R package, vdem.RData",v2x_electoral_integrity,Electoral integrity index,0-1,MMR,1997,0.184
"V-Dem vdemdata R package, vdem.RData",v2x_electoral_integrity,Electoral integrity index,0-1,MMR,1998,0.183
"V-Dem vdemdata R package, vdem.RData",v2x_electoral_integrity,Electoral integrity index,0-1,MMR,1999,0.183
"V-Dem vdemdata R package, vdem.RData",v2x_electoral_integrity,Electoral integrity index,0-1,MMR,2000,0.184
"V-Dem vdemdata R package, vdem.RData",v2x_electoral_integrity,Electoral integrity index,0-1,MMR,2001,0.184
"V-Dem vdemdata R package, vdem.RData",v2x_electoral_integrity,Electoral integrity index,0-1,MMR,2002,0.185
"V-Dem vdemdata R package, vdem.RData",v2x_electoral_integrity,Electoral integrity index,0-1,MMR,2003,0.19
"V-Dem vdemdata R package, vdem.RData",v2x_electoral_integrity,Electoral integrity index,0-1,MMR,2004,0.189
"V-Dem vdemdata R package, vdem.RData",v2x_electoral_integrity,Electoral integrity index,0-1,MMR,2005,0.189
"V-Dem vdemdata R package, vdem.RData",v2x_electoral_integrity,Electoral integrity index,0-1,MMR,2006,0.188
"V-Dem vdemdata R package, vdem.RData",v2x_electoral_integrity,Electoral integrity index,0-1,MMR,2007,0.192
"V-Dem vdemdata R package, vdem.RData",v2x_electoral_integrity,Electoral integrity index,0-1,MMR,2008,0.191
"V-Dem vdemdata R package, vdem.RData",v2x_electoral_integrity,Electoral integrity index,0-1,MMR,2009,0.195
"V-Dem vdemdata R package, vdem.RData",v2x_electoral_integrity,Electoral integrity index,0-1,MMR,2010,0.286
"V-Dem vdemdata R package, vdem.RData",v2x_electoral_integrity,Electoral integrity index,0-1,MMR,2011,0.486
"V-Dem vdemdata R package, vdem.RData",v2x_electoral_integrity,Electoral integrity index,0-1,MMR,2012,0.593
"V-Dem vdemdata R package, vdem.RData",v2x_electoral_integrity,Electoral integrity index,0-1,MMR,2013,0.611
"V-Dem vdemdata R package, vdem.RData",v2x_electoral_integrity,Electoral integrity index,0-1,MMR,2014,0.626
"V-Dem vdemdata R package, vdem.RData",v2x_electoral_integrity,Electoral integrity index,0-1,MMR,2015,0.683
"V-Dem vdemdata R package, vdem.RData",v2x_electoral_integrity,Electoral integrity index,0-1,MMR,2016,0.723
"V-Dem vdemdata R package, vdem.RData",v2x_electoral_integrity,Electoral integrity index,0-1,MMR,2017,0.728
"V-Dem vdemdata R package, vdem.RData",v2x_electoral_integrity,Electoral integrity index,0-1,MMR,2018,0.729
"V-Dem vdemdata R package, vdem.RData",v2x_electoral_integrity,Electoral integrity index,0-1,MMR,2019,0.746
"V-Dem vdemdata R package, vdem.RData",v2x_electoral_integrity,Electoral integrity index,0-1,MMR,2020,0.751
"V-Dem vdemdata R package, vdem.RData",v2x_electoral_integrity,Electoral integrity index,0-1,MMR,2021,0.273
"V-Dem vdemdata R package, vdem.RData",v2x_electoral_integrity,Electoral integrity index,0-1,MMR,2022,0.23
"V-Dem vdemdata R package, vdem.RData",v2x_electoral_integrity,Electoral integrity index,0-1,MMR,2023,0.191
"V-Dem vdemdata R package, vdem.RData",v2x_electoral_integrity,Electoral integrity index,0-1,MMR,2024,0.186
"V-Dem vdemdata R package, vdem.RData",v2x_electoral_integrity,Electoral integrity index,0-1,MMR,2025,0.126
"V-Dem vdemdata R package, vdem.RData",v2x_jucon,Judicial constraints on the executive,0-1,MMR,1789,0.18
"V-Dem vdemdata R package, vdem.RData",v2x_jucon,Judicial constraints on the executive,0-1,MMR,1790,0.18
"V-Dem vdemdata R package, vdem.RData",v2x_jucon,Judicial constraints on the executive,0-1,MMR,1791,0.18
"V-Dem vdemdata R package, vdem.RData",v2x_jucon,Judicial constraints on the executive,0-1,MMR,1792,0.18
"V-Dem vdemdata R package, vdem.RData",v2x_jucon,Judicial constraints on the executive,0-1,MMR,1793,0.18
"V-Dem vdemdata R package, vdem.RData",v2x_jucon,Judicial constraints on the executive,0-1,MMR,1794,0.18
"V-Dem vdemdata R package, vdem.RData",v2x_jucon,Judicial constraints on the executive,0-1,MMR,1795,0.18
"V-Dem vdemdata R package, vdem.RData",v2x_jucon,Judicial constraints on the executive,0-1,MMR,1796,0.18
"V-Dem vdemdata R package, vdem.RData",v2x_jucon,Judicial constraints on the executive,0-1,MMR,1797,0.18
"V-Dem vdemdata R package, vdem.RData",v2x_jucon,Judicial constraints on the executive,0-1,MMR,1798,0.18
"V-Dem vdemdata R package, vdem.RData",v2x_jucon,Judicial constraints on the executive,0-1,MMR,1799,0.18
"V-Dem vdemdata R package, vdem.RData",v2x_jucon,Judicial constraints on the executive,0-1,MMR,1800,0.18
"V-Dem vdemdata R package, vdem.RData",v2x_jucon,Judicial constraints on the executive,0-1,MMR,1801,0.18
"V-Dem vdemdata R package, vdem.RData",v2x_jucon,Judicial constraints on the executive,0-1,MMR,1802,0.18
"V-Dem vdemdata R package, vdem.RData",v2x_jucon,Judicial constraints on the executive,0-1,MMR,1803,0.18
"V-Dem vdemdata R package, vdem.RData",v2x_jucon,Judicial constraints on the executive,0-1,MMR,1804,0.18
"V-Dem vdemdata R package, vdem.RData",v2x_jucon,Judicial constraints on the executive,0-1,MMR,1805,0.18
"V-Dem vdemdata R package, vdem.RData",v2x_jucon,Judicial constraints on the executive,0-1,MMR,1806,0.18
"V-Dem vdemdata R package, vdem.RData",v2x_jucon,Judicial constraints on the executive,0-1,MMR,1807,0.18
"V-Dem vdemdata R package, vdem.RData",v2x_jucon,Judicial constraints on the executive,0-1,MMR,1808,0.18
"V-Dem vdemdata R package, vdem.RData",v2x_jucon,Judicial constraints on the executive,0-1,MMR,1809,0.18
"V-Dem vdemdata R package, vdem.RData",v2x_jucon,Judicial constraints on the executive,0-1,MMR,1810,0.18
"V-Dem vdemdata R package, vdem.RData",v2x_jucon,Judicial constraints on the executive,0-1,MMR,1811,0.18
"V-Dem vdemdata R package, vdem.RData",v2x_jucon,Judicial constraints on the executive,0-1,MMR,1812,0.18
"V-Dem vdemdata R package, vdem.RData",v2x_jucon,Judicial constraints on the executive,0-1,MMR,1813,0.18
"V-Dem vdemdata R package, vdem.RData",v2x_jucon,Judicial constraints on the executive,0-1,MMR,1814,0.18
"V-Dem vdemdata R package, vdem.RData",v2x_jucon,Judicial constraints on the executive,0-1,MMR,1815,0.18
"V-Dem vdemdata R package, vdem.RData",v2x_jucon,Judicial constraints on the executive,0-1,MMR,1816,0.18
"V-Dem vdemdata R package, vdem.RData",v2x_jucon,Judicial constraints on the executive,0-1,MMR,1817,0.18
"V-Dem vdemdata R package, vdem.RData",v2x_jucon,Judicial constraints on the executive,0-1,MMR,1818,0.18
"V-Dem vdemdata R package, vdem.RData",v2x_jucon,Judicial constraints on the executive,0-1,MMR,1819,0.18
"V-Dem vdemdata R package, vdem.RData",v2x_jucon,Judicial constraints on the executive,0-1,MMR,1820,0.18
"V-Dem vdemdata R package, vdem.RData",v2x_jucon,Judicial constraints on the executive,0-1,MMR,1821,0.18
"V-Dem vdemdata R package, vdem.RData",v2x_jucon,Judicial constraints on the executive,0-1,MMR,1822,0.18
"V-Dem vdemdata R package, vdem.RData",v2x_jucon,Judicial constraints on the executive,0-1,MMR,1823,0.18
"V-Dem vdemdata R package, vdem.RData",v2x_jucon,Judicial constraints on the executive,0-1,MMR,1824,0.18
"V-Dem vdemdata R package, vdem.RData",v2x_jucon,Judicial constraints on the executive,0-1,MMR,1825,0.18
"V-Dem vdemdata R package, vdem.RData",v2x_jucon,Judicial constraints on the executive,0-1,MMR,1826,0.18
"V-Dem vdemdata R package, vdem.RData",v2x_jucon,Judicial constraints on the executive,0-1,MMR,1827,0.18
"V-Dem vdemdata R package, vdem.RData",v2x_jucon,Judicial constraints on the executive,0-1,MMR,1828,0.18
"V-Dem vdemdata R package, vdem.RData",v2x_jucon,Judicial constraints on the executive,0-1,MMR,1829,0.18
"V-Dem vdemdata R package, vdem.RData",v2x_jucon,Judicial constraints on the executive,0-1,MMR,1830,0.18
"V-Dem vdemdata R package, vdem.RData",v2x_jucon,Judicial constraints on the executive,0-1,MMR,1831,0.18
"V-Dem vdemdata R package, vdem.RData",v2x_jucon,Judicial constraints on the executive,0-1,MMR,1832,0.18
"V-Dem vdemdata R package, vdem.RData",v2x_jucon,Judicial constraints on the executive,0-1,MMR,1833,0.18
"V-Dem vdemdata R package, vdem.RData",v2x_jucon,Judicial constraints on the executive,0-1,MMR,1834,0.18
"V-Dem vdemdata R package, vdem.RData",v2x_jucon,Judicial constraints on the executive,0-1,MMR,1835,0.18
"V-Dem vdemdata R package, vdem.RData",v2x_jucon,Judicial constraints on the executive,0-1,MMR,1836,0.18
"V-Dem vdemdata R package, vdem.RData",v2x_jucon,Judicial constraints on the executive,0-1,MMR,1837,0.18
"V-Dem vdemdata R package, vdem.RData",v2x_jucon,Judicial constraints on the executive,0-1,MMR,1838,0.18
"V-Dem vdemdata R package, vdem.RData",v2x_jucon,Judicial constraints on the executive,0-1,MMR,1839,0.18
"V-Dem vdemdata R package, vdem.RData",v2x_jucon,Judicial constraints on the executive,0-1,MMR,1840,0.18
"V-Dem vdemdata R package, vdem.RData",v2x_jucon,Judicial constraints on the executive,0-1,MMR,1841,0.18
"V-Dem vdemdata R package, vdem.RData",v2x_jucon,Judicial constraints on the executive,0-1,MMR,1842,0.18
"V-Dem vdemdata R package, vdem.RData",v2x_jucon,Judicial constraints on the executive,0-1,MMR,1843,0.18
"V-Dem vdemdata R package, vdem.RData",v2x_jucon,Judicial constraints on the executive,0-1,MMR,1844,0.18
"V-Dem vdemdata R package, vdem.RData",v2x_jucon,Judicial constraints on the executive,0-1,MMR,1845,0.18
"V-Dem vdemdata R package, vdem.RData",v2x_jucon,Judicial constraints on the executive,0-1,MMR,1846,0.18
"V-Dem vdemdata R package, vdem.RData",v2x_jucon,Judicial constraints on the executive,0-1,MMR,1847,0.18
"V-Dem vdemdata R package, vdem.RData",v2x_jucon,Judicial constraints on the executive,0-1,MMR,1848,0.18
"V-Dem vdemdata R package, vdem.RData",v2x_jucon,Judicial constraints on the executive,0-1,MMR,1849,0.18
"V-Dem vdemdata R package, vdem.RData",v2x_jucon,Judicial constraints on the executive,0-1,MMR,1850,0.18
"V-Dem vdemdata R package, vdem.RData",v2x_jucon,Judicial constraints on the executive,0-1,MMR,1851,0.18
"V-Dem vdemdata R package, vdem.RData",v2x_jucon,Judicial constraints on the executive,0-1,MMR,1852,0.18
"V-Dem vdemdata R package, vdem.RData",v2x_jucon,Judicial constraints on the executive,0-1,MMR,1853,0.18
"V-Dem vdemdata R package, vdem.RData",v2x_jucon,Judicial constraints on the executive,0-1,MMR,1854,0.18
"V-Dem vdemdata R package, vdem.RData",v2x_jucon,Judicial constraints on the executive,0-1,MMR,1855,0.18
"V-Dem vdemdata R package, vdem.RData",v2x_jucon,Judicial constraints on the executive,0-1,MMR,1856,0.18
"V-Dem vdemdata R package, vdem.RData",v2x_jucon,Judicial constraints on the executive,0-1,MMR,1857,0.18
"V-Dem vdemdata R package, vdem.RData",v2x_jucon,Judicial constraints on the executive,0-1,MMR,1858,0.18
"V-Dem vdemdata R package, vdem.RData",v2x_jucon,Judicial constraints on the executive,0-1,MMR,1859,0.18
"V-Dem vdemdata R package, vdem.RData",v2x_jucon,Judicial constraints on the executive,0-1,MMR,1860,0.18
"V-Dem vdemdata R package, vdem.RData",v2x_jucon,Judicial constraints on the executive,0-1,MMR,1861,0.18
"V-Dem vdemdata R package, vdem.RData",v2x_jucon,Judicial constraints on the executive,0-1,MMR,1862,0.18
"V-Dem vdemdata R package, vdem.RData",v2x_jucon,Judicial constraints on the executive,0-1,MMR,1863,0.18
"V-Dem vdemdata R package, vdem.RData",v2x_jucon,Judicial constraints on the executive,0-1,MMR,1864,0.18
"V-Dem vdemdata R package, vdem.RData",v2x_jucon,Judicial constraints on the executive,0-1,MMR,1865,0.18
"V-Dem vdemdata R package, vdem.RData",v2x_jucon,Judicial constraints on the executive,0-1,MMR,1866,0.18
"V-Dem vdemdata R package, vdem.RData",v2x_jucon,Judicial constraints on the executive,0-1,MMR,1867,0.18
"V-Dem vdemdata R package, vdem.RData",v2x_jucon,Judicial constraints on the executive,0-1,MMR,1868,0.18
"V-Dem vdemdata R package, vdem.RData",v2x_jucon,Judicial constraints on the executive,0-1,MMR,1869,0.18
"V-Dem vdemdata R package, vdem.RData",v2x_jucon,Judicial constraints on the executive,0-1,MMR,1870,0.18
"V-Dem vdemdata R package, vdem.RData",v2x_jucon,Judicial constraints on the executive,0-1,MMR,1871,0.18
"V-Dem vdemdata R package, vdem.RData",v2x_jucon,Judicial constraints on the executive,0-1,MMR,1872,0.18
"V-Dem vdemdata R package, vdem.RData",v2x_jucon,Judicial constraints on the executive,0-1,MMR,1873,0.18
"V-Dem vdemdata R package, vdem.RData",v2x_jucon,Judicial constraints on the executive,0-1,MMR,1874,0.18
"V-Dem vdemdata R package, vdem.RData",v2x_jucon,Judicial constraints on the executive,0-1,MMR,1875,0.18
"V-Dem vdemdata R package, vdem.RData",v2x_jucon,Judicial constraints on the executive,0-1,MMR,1876,0.18
"V-Dem vdemdata R package, vdem.RData",v2x_jucon,Judicial constraints on the executive,0-1,MMR,1877,0.18
"V-Dem vdemdata R package, vdem.RData",v2x_jucon,Judicial constraints on the executive,0-1,MMR,1878,0.18
"V-Dem vdemdata R package, vdem.RData",v2x_jucon,Judicial constraints on the executive,0-1,MMR,1879,0.18
"V-Dem vdemdata R package, vdem.RData",v2x_jucon,Judicial constraints on the executive,0-1,MMR,1880,0.18
"V-Dem vdemdata R package, vdem.RData",v2x_jucon,Judicial constraints on the executive,0-1,MMR,1881,0.18
"V-Dem vdemdata R package, vdem.RData",v2x_jucon,Judicial constraints on the executive,0-1,MMR,1882,0.18
"V-Dem vdemdata R package, vdem.RData",v2x_jucon,Judicial constraints on the executive,0-1,MMR,1883,0.18
"V-Dem vdemdata R package, vdem.RData",v2x_jucon,Judicial constraints on the executive,0-1,MMR,1884,0.18
"V-Dem vdemdata R package, vdem.RData",v2x_jucon,Judicial constraints on the executive,0-1,MMR,1885,0.18
"V-Dem vdemdata R package, vdem.RData",v2x_jucon,Judicial constraints on the executive,0-1,MMR,1886,0.43
"V-Dem vdemdata R package, vdem.RData",v2x_jucon,Judicial constraints on the executive,0-1,MMR,1887,0.43
"V-Dem vdemdata R package, vdem.RData",v2x_jucon,Judicial constraints on the executive,0-1,MMR,1888,0.43
"V-Dem vdemdata R package, vdem.RData",v2x_jucon,Judicial constraints on the executive,0-1,MMR,1889,0.43
"V-Dem vdemdata R package, vdem.RData",v2x_jucon,Judicial constraints on the executive,0-1,MMR,1890,0.43
"V-Dem vdemdata R package, vdem.RData",v2x_jucon,Judicial constraints on the executive,0-1,MMR,1891,0.43
"V-Dem vdemdata R package, vdem.RData",v2x_jucon,Judicial constraints on the executive,0-1,MMR,1892,0.43
"V-Dem vdemdata R package, vdem.RData",v2x_jucon,Judicial constraints on the executive,0-1,MMR,1893,0.43
"V-Dem vdemdata R package, vdem.RData",v2x_jucon,Judicial constraints on the executive,0-1,MMR,1894,0.43
"V-Dem vdemdata R package, vdem.RData",v2x_jucon,Judicial constraints on the executive,0-1,MMR,1895,0.43
"V-Dem vdemdata R package, vdem.RData",v2x_jucon,Judicial constraints on the executive,0-1,MMR,1896,0.43
"V-Dem vdemdata R package, vdem.RData",v2x_jucon,Judicial constraints on the executive,0-1,MMR,1897,0.43
"V-Dem vdemdata R package, vdem.RData",v2x_jucon,Judicial constraints on the executive,0-1,MMR,1898,0.43
"V-Dem vdemdata R package, vdem.RData",v2x_jucon,Judicial constraints on the executive,0-1,MMR,1899,0.43
"V-Dem vdemdata R package, vdem.RData",v2x_jucon,Judicial constraints on the executive,0-1,MMR,1900,0.463
"V-Dem vdemdata R package, vdem.RData",v2x_jucon,Judicial constraints on the executive,0-1,MMR,1901,0.463
"V-Dem vdemdata R package, vdem.RData",v2x_jucon,Judicial constraints on the executive,0-1,MMR,1902,0.463
"V-Dem vdemdata R package, vdem.RData",v2x_jucon,Judicial constraints on the executive,0-1,MMR,1903,0.463
"V-Dem vdemdata R package, vdem.RData",v2x_jucon,Judicial constraints on the executive,0-1,MMR,1904,0.463
"V-Dem vdemdata R package, vdem.RData",v2x_jucon,Judicial constraints on the executive,0-1,MMR,1905,0.463
"V-Dem vdemdata R package, vdem.RData",v2x_jucon,Judicial constraints on the executive,0-1,MMR,1906,0.463
"V-Dem vdemdata R package, vdem.RData",v2x_jucon,Judicial constraints on the executive,0-1,MMR,1907,0.463
"V-Dem vdemdata R package, vdem.RData",v2x_jucon,Judicial constraints on the executive,0-1,MMR,1908,0.463
"V-Dem vdemdata R package, vdem.RData",v2x_jucon,Judicial constraints on the executive,0-1,MMR,1909,0.463
"V-Dem vdemdata R package, vdem.RData",v2x_jucon,Judicial constraints on the executive,0-1,MMR,1910,0.463
"V-Dem vdemdata R package, vdem.RData",v2x_jucon,Judicial constraints on the executive,0-1,MMR,1911,0.463
"V-Dem vdemdata R package, vdem.RData",v2x_jucon,Judicial constraints on the executive,0-1,MMR,1912,0.463
"V-Dem vdemdata R package, vdem.RData",v2x_jucon,Judicial constraints on the executive,0-1,MMR,1913,0.463
"V-Dem vdemdata R package, vdem.RData",v2x_jucon,Judicial constraints on the executive,0-1,MMR,1914,0.463
"V-Dem vdemdata R package, vdem.RData",v2x_jucon,Judicial constraints on the executive,0-1,MMR,1915,0.463
"V-Dem vdemdata R package, vdem.RData",v2x_jucon,Judicial constraints on the executive,0-1,MMR,1916,0.463
"V-Dem vdemdata R package, vdem.RData",v2x_jucon,Judicial constraints on the executive,0-1,MMR,1917,0.463
"V-Dem vdemdata R package, vdem.RData",v2x_jucon,Judicial constraints on the executive,0-1,MMR,1918,0.463
"V-Dem vdemdata R package, vdem.RData",v2x_jucon,Judicial constraints on the executive,0-1,MMR,1919,0.463
"V-Dem vdemdata R package, vdem.RData",v2x_jucon,Judicial constraints on the executive,0-1,MMR,1920,0.463
"V-Dem vdemdata R package, vdem.RData",v2x_jucon,Judicial constraints on the executive,0-1,MMR,1921,0.463
"V-Dem vdemdata R package, vdem.RData",v2x_jucon,Judicial constraints on the executive,0-1,MMR,1922,0.469
"V-Dem vdemdata R package, vdem.RData",v2x_jucon,Judicial constraints on the executive,0-1,MMR,1923,0.469
"V-Dem vdemdata R package, vdem.RData",v2x_jucon,Judicial constraints on the executive,0-1,MMR,1924,0.469
"V-Dem vdemdata R package, vdem.RData",v2x_jucon,Judicial constraints on the executive,0-1,MMR,1925,0.469
"V-Dem vdemdata R package, vdem.RData",v2x_jucon,Judicial constraints on the executive,0-1,MMR,1926,0.469
"V-Dem vdemdata R package, vdem.RData",v2x_jucon,Judicial constraints on the executive,0-1,MMR,1927,0.469
"V-Dem vdemdata R package, vdem.RData",v2x_jucon,Judicial constraints on the executive,0-1,MMR,1928,0.469
"V-Dem vdemdata R package, vdem.RData",v2x_jucon,Judicial constraints on the executive,0-1,MMR,1929,0.469
"V-Dem vdemdata R package, vdem.RData",v2x_jucon,Judicial constraints on the executive,0-1,MMR,1930,0.469
"V-Dem vdemdata R package, vdem.RData",v2x_jucon,Judicial constraints on the executive,0-1,MMR,1931,0.469
"V-Dem vdemdata R package, vdem.RData",v2x_jucon,Judicial constraints on the executive,0-1,MMR,1932,0.469
"V-Dem vdemdata R package, vdem.RData",v2x_jucon,Judicial constraints on the executive,0-1,MMR,1933,0.469
"V-Dem vdemdata R package, vdem.RData",v2x_jucon,Judicial constraints on the executive,0-1,MMR,1934,0.469
"V-Dem vdemdata R package, vdem.RData",v2x_jucon,Judicial constraints on the executive,0-1,MMR,1935,0.469
"V-Dem vdemdata R package, vdem.RData",v2x_jucon,Judicial constraints on the executive,0-1,MMR,1936,0.469
"V-Dem vdemdata R package, vdem.RData",v2x_jucon,Judicial constraints on the executive,0-1,MMR,1937,0.469
"V-Dem vdemdata R package, vdem.RData",v2x_jucon,Judicial constraints on the executive,0-1,MMR,1938,0.469
"V-Dem vdemdata R package, vdem.RData",v2x_jucon,Judicial constraints on the executive,0-1,MMR,1939,0.469
"V-Dem vdemdata R package, vdem.RData",v2x_jucon,Judicial constraints on the executive,0-1,MMR,1940,0.469
"V-Dem vdemdata R package, vdem.RData",v2x_jucon,Judicial constraints on the executive,0-1,MMR,1941,0.469
"V-Dem vdemdata R package, vdem.RData",v2x_jucon,Judicial constraints on the executive,0-1,MMR,1942,0.468
"V-Dem vdemdata R package, vdem.RData",v2x_jucon,Judicial constraints on the executive,0-1,MMR,1943,0.394
"V-Dem vdemdata R package, vdem.RData",v2x_jucon,Judicial constraints on the executive,0-1,MMR,1944,0.394
"V-Dem vdemdata R package, vdem.RData",v2x_jucon,Judicial constraints on the executive,0-1,MMR,1945,0.495
"V-Dem vdemdata R package, vdem.RData",v2x_jucon,Judicial constraints on the executive,0-1,MMR,1946,0.495
"V-Dem vdemdata R package, vdem.RData",v2x_jucon,Judicial constraints on the executive,0-1,MMR,1947,0.523
"V-Dem vdemdata R package, vdem.RData",v2x_jucon,Judicial constraints on the executive,0-1,MMR,1948,0.683
"V-Dem vdemdata R package, vdem.RData",v2x_jucon,Judicial constraints on the executive,0-1,MMR,1949,0.683
"V-Dem vdemdata R package, vdem.RData",v2x_jucon,Judicial constraints on the executive,0-1,MMR,1950,0.683
"V-Dem vdemdata R package, vdem.RData",v2x_jucon,Judicial constraints on the executive,0-1,MMR,1951,0.683
"V-Dem vdemdata R package, vdem.RData",v2x_jucon,Judicial constraints on the executive,0-1,MMR,1952,0.683
"V-Dem vdemdata R package, vdem.RData",v2x_jucon,Judicial constraints on the executive,0-1,MMR,1953,0.683
"V-Dem vdemdata R package, vdem.RData",v2x_jucon,Judicial constraints on the executive,0-1,MMR,1954,0.683
"V-Dem vdemdata R package, vdem.RData",v2x_jucon,Judicial constraints on the executive,0-1,MMR,1955,0.683
"V-Dem vdemdata R package, vdem.RData",v2x_jucon,Judicial constraints on the executive,0-1,MMR,1956,0.683
"V-Dem vdemdata R package, vdem.RData",v2x_jucon,Judicial constraints on the executive,0-1,MMR,1957,0.683
"V-Dem vdemdata R package, vdem.RData",v2x_jucon,Judicial constraints on the executive,0-1,MMR,1958,0.661
"V-Dem vdemdata R package, vdem.RData",v2x_jucon,Judicial constraints on the executive,0-1,MMR,1959,0.661
"V-Dem vdemdata R package, vdem.RData",v2x_jucon,Judicial constraints on the executive,0-1,MMR,1960,0.671
"V-Dem vdemdata R package, vdem.RData",v2x_jucon,Judicial constraints on the executive,0-1,MMR,1961,0.666
"V-Dem vdemdata R package, vdem.RData",v2x_jucon,Judicial constraints on the executive,0-1,MMR,1962,0.209
"V-Dem vdemdata R package, vdem.RData",v2x_jucon,Judicial constraints on the executive,0-1,MMR,1963,0.057
"V-Dem vdemdata R package, vdem.RData",v2x_jucon,Judicial constraints on the executive,0-1,MMR,1964,0.057
"V-Dem vdemdata R package, vdem.RData",v2x_jucon,Judicial constraints on the executive,0-1,MMR,1965,0.057
"V-Dem vdemdata R package, vdem.RData",v2x_jucon,Judicial constraints on the executive,0-1,MMR,1966,0.042
"V-Dem vdemdata R package, vdem.RData",v2x_jucon,Judicial constraints on the executive,0-1,MMR,1967,0.042
"V-Dem vdemdata R package, vdem.RData",v2x_jucon,Judicial constraints on the executive,0-1,MMR,1968,0.042
"V-Dem vdemdata R package, vdem.RData",v2x_jucon,Judicial constraints on the executive,0-1,MMR,1969,0.042
"V-Dem vdemdata R package, vdem.RData",v2x_jucon,Judicial constraints on the executive,0-1,MMR,1970,0.042
"V-Dem vdemdata R package, vdem.RData",v2x_jucon,Judicial constraints on the executive,0-1,MMR,1971,0.042
"V-Dem vdemdata R package, vdem.RData",v2x_jucon,Judicial constraints on the executive,0-1,MMR,1972,0.042
"V-Dem vdemdata R package, vdem.RData",v2x_jucon,Judicial constraints on the executive,0-1,MMR,1973,0.042
"V-Dem vdemdata R package, vdem.RData",v2x_jucon,Judicial constraints on the executive,0-1,MMR,1974,0.055
"V-Dem vdemdata R package, vdem.RData",v2x_jucon,Judicial constraints on the executive,0-1,MMR,1975,0.055
"V-Dem vdemdata R package, vdem.RData",v2x_jucon,Judicial constraints on the executive,0-1,MMR,1976,0.055
"V-Dem vdemdata R package, vdem.RData",v2x_jucon,Judicial constraints on the executive,0-1,MMR,1977,0.055
"V-Dem vdemdata R package, vdem.RData",v2x_jucon,Judicial constraints on the executive,0-1,MMR,1978,0.055
"V-Dem vdemdata R package, vdem.RData",v2x_jucon,Judicial constraints on the executive,0-1,MMR,1979,0.055
"V-Dem vdemdata R package, vdem.RData",v2x_jucon,Judicial constraints on the executive,0-1,MMR,1980,0.051
"V-Dem vdemdata R package, vdem.RData",v2x_jucon,Judicial constraints on the executive,0-1,MMR,1981,0.051
"V-Dem vdemdata R package, vdem.RData",v2x_jucon,Judicial constraints on the executive,0-1,MMR,1982,0.051
"V-Dem vdemdata R package, vdem.RData",v2x_jucon,Judicial constraints on the executive,0-1,MMR,1983,0.051
"V-Dem vdemdata R package, vdem.RData",v2x_jucon,Judicial constraints on the executive,0-1,MMR,1984,0.051
"V-Dem vdemdata R package, vdem.RData",v2x_jucon,Judicial constraints on the executive,0-1,MMR,1985,0.051
"V-Dem vdemdata R package, vdem.RData",v2x_jucon,Judicial constraints on the executive,0-1,MMR,1986,0.051
"V-Dem vdemdata R package, vdem.RData",v2x_jucon,Judicial constraints on the executive,0-1,MMR,1987,0.051
"V-Dem vdemdata R package, vdem.RData",v2x_jucon,Judicial constraints on the executive,0-1,MMR,1988,0.048
"V-Dem vdemdata R package, vdem.RData",v2x_jucon,Judicial constraints on the executive,0-1,MMR,1989,0.038
"V-Dem vdemdata R package, vdem.RData",v2x_jucon,Judicial constraints on the executive,0-1,MMR,1990,0.037
"V-Dem vdemdata R package, vdem.RData",v2x_jucon,Judicial constraints on the executive,0-1,MMR,1991,0.037
"V-Dem vdemdata R package, vdem.RData",v2x_jucon,Judicial constraints on the executive,0-1,MMR,1992,0.037
"V-Dem vdemdata R package, vdem.RData",v2x_jucon,Judicial constraints on the executive,0-1,MMR,1993,0.037
"V-Dem vdemdata R package, vdem.RData",v2x_jucon,Judicial constraints on the executive,0-1,MMR,1994,0.037
"V-Dem vdemdata R package, vdem.RData",v2x_jucon,Judicial constraints on the executive,0-1,MMR,1995,0.037
"V-Dem vdemdata R package, vdem.RData",v2x_jucon,Judicial constraints on the executive,0-1,MMR,1996,0.037
"V-Dem vdemdata R package, vdem.RData",v2x_jucon,Judicial constraints on the executive,0-1,MMR,1997,0.037
"V-Dem vdemdata R package, vdem.RData",v2x_jucon,Judicial constraints on the executive,0-1,MMR,1998,0.037
"V-Dem vdemdata R package, vdem.RData",v2x_jucon,Judicial constraints on the executive,0-1,MMR,1999,0.037
"V-Dem vdemdata R package, vdem.RData",v2x_jucon,Judicial constraints on the executive,0-1,MMR,2000,0.037
"V-Dem vdemdata R package, vdem.RData",v2x_jucon,Judicial constraints on the executive,0-1,MMR,2001,0.037
"V-Dem vdemdata R package, vdem.RData",v2x_jucon,Judicial constraints on the executive,0-1,MMR,2002,0.037
"V-Dem vdemdata R package, vdem.RData",v2x_jucon,Judicial constraints on the executive,0-1,MMR,2003,0.037
"V-Dem vdemdata R package, vdem.RData",v2x_jucon,Judicial constraints on the executive,0-1,MMR,2004,0.037
"V-Dem vdemdata R package, vdem.RData",v2x_jucon,Judicial constraints on the executive,0-1,MMR,2005,0.037
"V-Dem vdemdata R package, vdem.RData",v2x_jucon,Judicial constraints on the executive,0-1,MMR,2006,0.037
"V-Dem vdemdata R package, vdem.RData",v2x_jucon,Judicial constraints on the executive,0-1,MMR,2007,0.037
"V-Dem vdemdata R package, vdem.RData",v2x_jucon,Judicial constraints on the executive,0-1,MMR,2008,0.037
"V-Dem vdemdata R package, vdem.RData",v2x_jucon,Judicial constraints on the executive,0-1,MMR,2009,0.037
"V-Dem vdemdata R package, vdem.RData",v2x_jucon,Judicial constraints on the executive,0-1,MMR,2010,0.08
"V-Dem vdemdata R package, vdem.RData",v2x_jucon,Judicial constraints on the executive,0-1,MMR,2011,0.204
"V-Dem vdemdata R package, vdem.RData",v2x_jucon,Judicial constraints on the executive,0-1,MMR,2012,0.235
"V-Dem vdemdata R package, vdem.RData",v2x_jucon,Judicial constraints on the executive,0-1,MMR,2013,0.328
"V-Dem vdemdata R package, vdem.RData",v2x_jucon,Judicial constraints on the executive,0-1,MMR,2014,0.328
"V-Dem vdemdata R package, vdem.RData",v2x_jucon,Judicial constraints on the executive,0-1,MMR,2015,0.373
"V-Dem vdemdata R package, vdem.RData",v2x_jucon,Judicial constraints on the executive,0-1,MMR,2016,0.48
"V-Dem vdemdata R package, vdem.RData",v2x_jucon,Judicial constraints on the executive,0-1,MMR,2017,0.48
"V-Dem vdemdata R package, vdem.RData",v2x_jucon,Judicial constraints on the executive,0-1,MMR,2018,0.484
"V-Dem vdemdata R package, vdem.RData",v2x_jucon,Judicial constraints on the executive,0-1,MMR,2019,0.484
"V-Dem vdemdata R package, vdem.RData",v2x_jucon,Judicial constraints on the executive,0-1,MMR,2020,0.506
"V-Dem vdemdata R package, vdem.RData",v2x_jucon,Judicial constraints on the executive,0-1,MMR,2021,0.028
"V-Dem vdemdata R package, vdem.RData",v2x_jucon,Judicial constraints on the executive,0-1,MMR,2022,0.024
"V-Dem vdemdata R package, vdem.RData",v2x_jucon,Judicial constraints on the executive,0-1,MMR,2023,0.024
"V-Dem vdemdata R package, vdem.RData",v2x_jucon,Judicial constraints on the executive,0-1,MMR,2024,0.025
"V-Dem vdemdata R package, vdem.RData",v2x_jucon,Judicial constraints on the executive,0-1,MMR,2025,0.025
"V-Dem vdemdata R package, vdem.RData",v2x_libdem,Liberal democracy index,0-1,MMR,1789,0.036
"V-Dem vdemdata R package, vdem.RData",v2x_libdem,Liberal democracy index,0-1,MMR,1790,0.03
"V-Dem vdemdata R package, vdem.RData",v2x_libdem,Liberal democracy index,0-1,MMR,1791,0.03
"V-Dem vdemdata R package, vdem.RData",v2x_libdem,Liberal democracy index,0-1,MMR,1792,0.034
"V-Dem vdemdata R package, vdem.RData",v2x_libdem,Liberal democracy index,0-1,MMR,1793,0.034
"V-Dem vdemdata R package, vdem.RData",v2x_libdem,Liberal democracy index,0-1,MMR,1794,0.034
"V-Dem vdemdata R package, vdem.RData",v2x_libdem,Liberal democracy index,0-1,MMR,1795,0.034
"V-Dem vdemdata R package, vdem.RData",v2x_libdem,Liberal democracy index,0-1,MMR,1796,0.034
"V-Dem vdemdata R package, vdem.RData",v2x_libdem,Liberal democracy index,0-1,MMR,1797,0.034
"V-Dem vdemdata R package, vdem.RData",v2x_libdem,Liberal democracy index,0-1,MMR,1798,0.034
"V-Dem vdemdata R package, vdem.RData",v2x_libdem,Liberal democracy index,0-1,MMR,1799,0.034
"V-Dem vdemdata R package, vdem.RData",v2x_libdem,Liberal democracy index,0-1,MMR,1800,0.034
"V-Dem vdemdata R package, vdem.RData",v2x_libdem,Liberal democracy index,0-1,MMR,1801,0.034
"V-Dem vdemdata R package, vdem.RData",v2x_libdem,Liberal democracy index,0-1,MMR,1802,0.034
"V-Dem vdemdata R package, vdem.RData",v2x_libdem,Liberal democracy index,0-1,MMR,1803,0.034
"V-Dem vdemdata R package, vdem.RData",v2x_libdem,Liberal democracy index,0-1,MMR,1804,0.034
"V-Dem vdemdata R package, vdem.RData",v2x_libdem,Liberal democracy index,0-1,MMR,1805,0.034
"V-Dem vdemdata R package, vdem.RData",v2x_libdem,Liberal democracy index,0-1,MMR,1806,0.034
"V-Dem vdemdata R package, vdem.RData",v2x_libdem,Liberal democracy index,0-1,MMR,1807,0.034
"V-Dem vdemdata R package, vdem.RData",v2x_libdem,Liberal democracy index,0-1,MMR,1808,0.034
"V-Dem vdemdata R package, vdem.RData",v2x_libdem,Liberal democracy index,0-1,MMR,1809,0.034
"V-Dem vdemdata R package, vdem.RData",v2x_libdem,Liberal democracy index,0-1,MMR,1810,0.034
"V-Dem vdemdata R package, vdem.RData",v2x_libdem,Liberal democracy index,0-1,MMR,1811,0.034
"V-Dem vdemdata R package, vdem.RData",v2x_libdem,Liberal democracy index,0-1,MMR,1812,0.034
"V-Dem vdemdata R package, vdem.RData",v2x_libdem,Liberal democracy index,0-1,MMR,1813,0.034
"V-Dem vdemdata R package, vdem.RData",v2x_libdem,Liberal democracy index,0-1,MMR,1814,0.034
"V-Dem vdemdata R package, vdem.RData",v2x_libdem,Liberal democracy index,0-1,MMR,1815,0.034
"V-Dem vdemdata R package, vdem.RData",v2x_libdem,Liberal democracy index,0-1,MMR,1816,0.034
"V-Dem vdemdata R package, vdem.RData",v2x_libdem,Liberal democracy index,0-1,MMR,1817,0.034
"V-Dem vdemdata R package, vdem.RData",v2x_libdem,Liberal democracy index,0-1,MMR,1818,0.034
"V-Dem vdemdata R package, vdem.RData",v2x_libdem,Liberal democracy index,0-1,MMR,1819,0.034
"V-Dem vdemdata R package, vdem.RData",v2x_libdem,Liberal democracy index,0-1,MMR,1820,0.034
"V-Dem vdemdata R package, vdem.RData",v2x_libdem,Liberal democracy index,0-1,MMR,1821,0.034
"V-Dem vdemdata R package, vdem.RData",v2x_libdem,Liberal democracy index,0-1,MMR,1822,0.034
"V-Dem vdemdata R package, vdem.RData",v2x_libdem,Liberal democracy index,0-1,MMR,1823,0.034
"V-Dem vdemdata R package, vdem.RData",v2x_libdem,Liberal democracy index,0-1,MMR,1824,0.034
"V-Dem vdemdata R package, vdem.RData",v2x_libdem,Liberal democracy index,0-1,MMR,1825,0.034
"V-Dem vdemdata R package, vdem.RData",v2x_libdem,Liberal democracy index,0-1,MMR,1826,0.034
"V-Dem vdemdata R package, vdem.RData",v2x_libdem,Liberal democracy index,0-1,MMR,1827,0.034
"V-Dem vdemdata R package, vdem.RData",v2x_libdem,Liberal democracy index,0-1,MMR,1828,0.034
"V-Dem vdemdata R package, vdem.RData",v2x_libdem,Liberal democracy index,0-1,MMR,1829,0.034
"V-Dem vdemdata R package, vdem.RData",v2x_libdem,Liberal democracy index,0-1,MMR,1830,0.034
"V-Dem vdemdata R package, vdem.RData",v2x_libdem,Liberal democracy index,0-1,MMR,1831,0.034
"V-Dem vdemdata R package, vdem.RData",v2x_libdem,Liberal democracy index,0-1,MMR,1832,0.034
"V-Dem vdemdata R package, vdem.RData",v2x_libdem,Liberal democracy index,0-1,MMR,1833,0.034
"V-Dem vdemdata R package, vdem.RData",v2x_libdem,Liberal democracy index,0-1,MMR,1834,0.034
"V-Dem vdemdata R package, vdem.RData",v2x_libdem,Liberal democracy index,0-1,MMR,1835,0.034
"V-Dem vdemdata R package, vdem.RData",v2x_libdem,Liberal democracy index,0-1,MMR,1836,0.034
"V-Dem vdemdata R package, vdem.RData",v2x_libdem,Liberal democracy index,0-1,MMR,1837,0.034
"V-Dem vdemdata R package, vdem.RData",v2x_libdem,Liberal democracy index,0-1,MMR,1838,0.034
"V-Dem vdemdata R package, vdem.RData",v2x_libdem,Liberal democracy index,0-1,MMR,1839,0.034
"V-Dem vdemdata R package, vdem.RData",v2x_libdem,Liberal democracy index,0-1,MMR,1840,0.034
"V-Dem vdemdata R package, vdem.RData",v2x_libdem,Liberal democracy index,0-1,MMR,1841,0.034
"V-Dem vdemdata R package, vdem.RData",v2x_libdem,Liberal democracy index,0-1,MMR,1842,0.034
"V-Dem vdemdata R package, vdem.RData",v2x_libdem,Liberal democracy index,0-1,MMR,1843,0.034
"V-Dem vdemdata R package, vdem.RData",v2x_libdem,Liberal democracy index,0-1,MMR,1844,0.034
"V-Dem vdemdata R package, vdem.RData",v2x_libdem,Liberal democracy index,0-1,MMR,1845,0.034
"V-Dem vdemdata R package, vdem.RData",v2x_libdem,Liberal democracy index,0-1,MMR,1846,0.034
"V-Dem vdemdata R package, vdem.RData",v2x_libdem,Liberal democracy index,0-1,MMR,1847,0.034
"V-Dem vdemdata R package, vdem.RData",v2x_libdem,Liberal democracy index,0-1,MMR,1848,0.034
"V-Dem vdemdata R package, vdem.RData",v2x_libdem,Liberal democracy index,0-1,MMR,1849,0.034
"V-Dem vdemdata R package, vdem.RData",v2x_libdem,Liberal democracy index,0-1,MMR,1850,0.034
"V-Dem vdemdata R package, vdem.RData",v2x_libdem,Liberal democracy index,0-1,MMR,1851,0.034
"V-Dem vdemdata R package, vdem.RData",v2x_libdem,Liberal democracy index,0-1,MMR,1852,0.034
"V-Dem vdemdata R package, vdem.RData",v2x_libdem,Liberal democracy index,0-1,MMR,1853,0.034
"V-Dem vdemdata R package, vdem.RData",v2x_libdem,Liberal democracy index,0-1,MMR,1854,0.034
"V-Dem vdemdata R package, vdem.RData",v2x_libdem,Liberal democracy index,0-1,MMR,1855,0.034
"V-Dem vdemdata R package, vdem.RData",v2x_libdem,Liberal democracy index,0-1,MMR,1856,0.034
"V-Dem vdemdata R package, vdem.RData",v2x_libdem,Liberal democracy index,0-1,MMR,1857,0.034
"V-Dem vdemdata R package, vdem.RData",v2x_libdem,Liberal democracy index,0-1,MMR,1858,0.034
"V-Dem vdemdata R package, vdem.RData",v2x_libdem,Liberal democracy index,0-1,MMR,1859,0.034
"V-Dem vdemdata R package, vdem.RData",v2x_libdem,Liberal democracy index,0-1,MMR,1860,0.034
"V-Dem vdemdata R package, vdem.RData",v2x_libdem,Liberal democracy index,0-1,MMR,1861,0.034
"V-Dem vdemdata R package, vdem.RData",v2x_libdem,Liberal democracy index,0-1,MMR,1862,0.035
"V-Dem vdemdata R package, vdem.RData",v2x_libdem,Liberal democracy index,0-1,MMR,1863,0.035
"V-Dem vdemdata R package, vdem.RData",v2x_libdem,Liberal democracy index,0-1,MMR,1864,0.035
"V-Dem vdemdata R package, vdem.RData",v2x_libdem,Liberal democracy index,0-1,MMR,1865,0.035
"V-Dem vdemdata R package, vdem.RData",v2x_libdem,Liberal democracy index,0-1,MMR,1866,0.036
"V-Dem vdemdata R package, vdem.RData",v2x_libdem,Liberal democracy index,0-1,MMR,1867,0.036
"V-Dem vdemdata R package, vdem.RData",v2x_libdem,Liberal democracy index,0-1,MMR,1868,0.036
"V-Dem vdemdata R package, vdem.RData",v2x_libdem,Liberal democracy index,0-1,MMR,1869,0.036
"V-Dem vdemdata R package, vdem.RData",v2x_libdem,Liberal democracy index,0-1,MMR,1870,0.036
"V-Dem vdemdata R package, vdem.RData",v2x_libdem,Liberal democracy index,0-1,MMR,1871,0.036
"V-Dem vdemdata R package, vdem.RData",v2x_libdem,Liberal democracy index,0-1,MMR,1872,0.036
"V-Dem vdemdata R package, vdem.RData",v2x_libdem,Liberal democracy index,0-1,MMR,1873,0.038
"V-Dem vdemdata R package, vdem.RData",v2x_libdem,Liberal democracy index,0-1,MMR,1874,0.038
"V-Dem vdemdata R package, vdem.RData",v2x_libdem,Liberal democracy index,0-1,MMR,1875,0.038
"V-Dem vdemdata R package, vdem.RData",v2x_libdem,Liberal democracy index,0-1,MMR,1876,0.038
"V-Dem vdemdata R package, vdem.RData",v2x_libdem,Liberal democracy index,0-1,MMR,1877,0.038
"V-Dem vdemdata R package, vdem.RData",v2x_libdem,Liberal democracy index,0-1,MMR,1878,0.038
"V-Dem vdemdata R package, vdem.RData",v2x_libdem,Liberal democracy index,0-1,MMR,1879,0.038
"V-Dem vdemdata R package, vdem.RData",v2x_libdem,Liberal democracy index,0-1,MMR,1880,0.038
"V-Dem vdemdata R package, vdem.RData",v2x_libdem,Liberal democracy index,0-1,MMR,1881,0.038
"V-Dem vdemdata R package, vdem.RData",v2x_libdem,Liberal democracy index,0-1,MMR,1882,0.038
"V-Dem vdemdata R package, vdem.RData",v2x_libdem,Liberal democracy index,0-1,MMR,1883,0.038
"V-Dem vdemdata R package, vdem.RData",v2x_libdem,Liberal democracy index,0-1,MMR,1884,0.038
"V-Dem vdemdata R package, vdem.RData",v2x_libdem,Liberal democracy index,0-1,MMR,1885,0.038
"V-Dem vdemdata R package, vdem.RData",v2x_libdem,Liberal democracy index,0-1,MMR,1886,0.081
"V-Dem vdemdata R package, vdem.RData",v2x_libdem,Liberal democracy index,0-1,MMR,1887,0.081
"V-Dem vdemdata R package, vdem.RData",v2x_libdem,Liberal democracy index,0-1,MMR,1888,0.081
"V-Dem vdemdata R package, vdem.RData",v2x_libdem,Liberal democracy index,0-1,MMR,1889,0.081
"V-Dem vdemdata R package, vdem.RData",v2x_libdem,Liberal democracy index,0-1,MMR,1890,0.081
"V-Dem vdemdata R package, vdem.RData",v2x_libdem,Liberal democracy index,0-1,MMR,1891,0.089
"V-Dem vdemdata R package, vdem.RData",v2x_libdem,Liberal democracy index,0-1,MMR,1892,0.089
"V-Dem vdemdata R package, vdem.RData",v2x_libdem,Liberal democracy index,0-1,MMR,1893,0.089
"V-Dem vdemdata R package, vdem.RData",v2x_libdem,Liberal democracy index,0-1,MMR,1894,0.089
"V-Dem vdemdata R package, vdem.RData",v2x_libdem,Liberal democracy index,0-1,MMR,1895,0.089
"V-Dem vdemdata R package, vdem.RData",v2x_libdem,Liberal democracy index,0-1,MMR,1896,0.089
"V-Dem vdemdata R package, vdem.RData",v2x_libdem,Liberal democracy index,0-1,MMR,1897,0.089
"V-Dem vdemdata R package, vdem.RData",v2x_libdem,Liberal democracy index,0-1,MMR,1898,0.089
"V-Dem vdemdata R package, vdem.RData",v2x_libdem,Liberal democracy index,0-1,MMR,1899,0.089
"V-Dem vdemdata R package, vdem.RData",v2x_libdem,Liberal democracy index,0-1,MMR,1900,0.092
"V-Dem vdemdata R package, vdem.RData",v2x_libdem,Liberal democracy index,0-1,MMR,1901,0.092
"V-Dem vdemdata R package, vdem.RData",v2x_libdem,Liberal democracy index,0-1,MMR,1902,0.092
"V-Dem vdemdata R package, vdem.RData",v2x_libdem,Liberal democracy index,0-1,MMR,1903,0.092
"V-Dem vdemdata R package, vdem.RData",v2x_libdem,Liberal democracy index,0-1,MMR,1904,0.092
"V-Dem vdemdata R package, vdem.RData",v2x_libdem,Liberal democracy index,0-1,MMR,1905,0.092
"V-Dem vdemdata R package, vdem.RData",v2x_libdem,Liberal democracy index,0-1,MMR,1906,0.092
"V-Dem vdemdata R package, vdem.RData",v2x_libdem,Liberal democracy index,0-1,MMR,1907,0.092
"V-Dem vdemdata R package, vdem.RData",v2x_libdem,Liberal democracy index,0-1,MMR,1908,0.092
"V-Dem vdemdata R package, vdem.RData",v2x_libdem,Liberal democracy index,0-1,MMR,1909,0.092
"V-Dem vdemdata R package, vdem.RData",v2x_libdem,Liberal democracy index,0-1,MMR,1910,0.092
"V-Dem vdemdata R package, vdem.RData",v2x_libdem,Liberal democracy index,0-1,MMR,1911,0.092
"V-Dem vdemdata R package, vdem.RData",v2x_libdem,Liberal democracy index,0-1,MMR,1912,0.092
"V-Dem vdemdata R package, vdem.RData",v2x_libdem,Liberal democracy index,0-1,MMR,1913,0.092
"V-Dem vdemdata R package, vdem.RData",v2x_libdem,Liberal democracy index,0-1,MMR,1914,0.092
"V-Dem vdemdata R package, vdem.RData",v2x_libdem,Liberal democracy index,0-1,MMR,1915,0.092
"V-Dem vdemdata R package, vdem.RData",v2x_libdem,Liberal democracy index,0-1,MMR,1916,0.092
"V-Dem vdemdata R package, vdem.RData",v2x_libdem,Liberal democracy index,0-1,MMR,1917,0.092
"V-Dem vdemdata R package, vdem.RData",v2x_libdem,Liberal democracy index,0-1,MMR,1918,0.092
"V-Dem vdemdata R package, vdem.RData",v2x_libdem,Liberal democracy index,0-1,MMR,1919,0.092
"V-Dem vdemdata R package, vdem.RData",v2x_libdem,Liberal democracy index,0-1,MMR,1920,0.093
"V-Dem vdemdata R package, vdem.RData",v2x_libdem,Liberal democracy index,0-1,MMR,1921,0.093
"V-Dem vdemdata R package, vdem.RData",v2x_libdem,Liberal democracy index,0-1,MMR,1922,0.104
"V-Dem vdemdata R package, vdem.RData",v2x_libdem,Liberal democracy index,0-1,MMR,1923,0.132
"V-Dem vdemdata R package, vdem.RData",v2x_libdem,Liberal democracy index,0-1,MMR,1924,0.132
"V-Dem vdemdata R package, vdem.RData",v2x_libdem,Liberal democracy index,0-1,MMR,1925,0.132
"V-Dem vdemdata R package, vdem.RData",v2x_libdem,Liberal democracy index,0-1,MMR,1926,0.132
"V-Dem vdemdata R package, vdem.RData",v2x_libdem,Liberal democracy index,0-1,MMR,1927,0.132
"V-Dem vdemdata R package, vdem.RData",v2x_libdem,Liberal democracy index,0-1,MMR,1928,0.132
"V-Dem vdemdata R package, vdem.RData",v2x_libdem,Liberal democracy index,0-1,MMR,1929,0.132
"V-Dem vdemdata R package, vdem.RData",v2x_libdem,Liberal democracy index,0-1,MMR,1930,0.132
"V-Dem vdemdata R package, vdem.RData",v2x_libdem,Liberal democracy index,0-1,MMR,1931,0.132
"V-Dem vdemdata R package, vdem.RData",v2x_libdem,Liberal democracy index,0-1,MMR,1932,0.132
"V-Dem vdemdata R package, vdem.RData",v2x_libdem,Liberal democracy index,0-1,MMR,1933,0.132
"V-Dem vdemdata R package, vdem.RData",v2x_libdem,Liberal democracy index,0-1,MMR,1934,0.132
"V-Dem vdemdata R package, vdem.RData",v2x_libdem,Liberal democracy index,0-1,MMR,1935,0.133
"V-Dem vdemdata R package, vdem.RData",v2x_libdem,Liberal democracy index,0-1,MMR,1936,0.135
"V-Dem vdemdata R package, vdem.RData",v2x_libdem,Liberal democracy index,0-1,MMR,1937,0.139
"V-Dem vdemdata R package, vdem.RData",v2x_libdem,Liberal democracy index,0-1,MMR,1938,0.139
"V-Dem vdemdata R package, vdem.RData",v2x_libdem,Liberal democracy index,0-1,MMR,1939,0.139
"V-Dem vdemdata R package, vdem.RData",v2x_libdem,Liberal democracy index,0-1,MMR,1940,0.139
"V-Dem vdemdata R package, vdem.RData",v2x_libdem,Liberal democracy index,0-1,MMR,1941,0.137
"V-Dem vdemdata R package, vdem.RData",v2x_libdem,Liberal democracy index,0-1,MMR,1942,0.076
"V-Dem vdemdata R package, vdem.RData",v2x_libdem,Liberal democracy index,0-1,MMR,1943,0.064
"V-Dem vdemdata R package, vdem.RData",v2x_libdem,Liberal democracy index,0-1,MMR,1944,0.064
"V-Dem vdemdata R package, vdem.RData",v2x_libdem,Liberal democracy index,0-1,MMR,1945,0.079
"V-Dem vdemdata R package, vdem.RData",v2x_libdem,Liberal democracy index,0-1,MMR,1946,0.112
"V-Dem vdemdata R package, vdem.RData",v2x_libdem,Liberal democracy index,0-1,MMR,1947,0.122
"V-Dem vdemdata R package, vdem.RData",v2x_libdem,Liberal democracy index,0-1,MMR,1948,0.144
"V-Dem vdemdata R package, vdem.RData",v2x_libdem,Liberal democracy index,0-1,MMR,1949,0.145
"V-Dem vdemdata R package, vdem.RData",v2x_libdem,Liberal democracy index,0-1,MMR,1950,0.144
"V-Dem vdemdata R package, vdem.RData",v2x_libdem,Liberal democracy index,0-1,MMR,1951,0.155
"V-Dem vdemdata R package, vdem.RData",v2x_libdem,Liberal democracy index,0-1,MMR,1952,0.26
"V-Dem vdemdata R package, vdem.RData",v2x_libdem,Liberal democracy index,0-1,MMR,1953,0.281
"V-Dem vdemdata R package, vdem.RData",v2x_libdem,Liberal democracy index,0-1,MMR,1954,0.281
"V-Dem vdemdata R package, vdem.RData",v2x_libdem,Liberal democracy index,0-1,MMR,1955,0.281
"V-Dem vdemdata R package, vdem.RData",v2x_libdem,Liberal democracy index,0-1,MMR,1956,0.281
"V-Dem vdemdata R package, vdem.RData",v2x_libdem,Liberal democracy index,0-1,MMR,1957,0.281
"V-Dem vdemdata R package, vdem.RData",v2x_libdem,Liberal democracy index,0-1,MMR,1958,0.269
"V-Dem vdemdata R package, vdem.RData",v2x_libdem,Liberal democracy index,0-1,MMR,1959,0.269
"V-Dem vdemdata R package, vdem.RData",v2x_libdem,Liberal democracy index,0-1,MMR,1960,0.275
"V-Dem vdemdata R package, vdem.RData",v2x_libdem,Liberal democracy index,0-1,MMR,1961,0.275
"V-Dem vdemdata R package, vdem.RData",v2x_libdem,Liberal democracy index,0-1,MMR,1962,0.053
"V-Dem vdemdata R package, vdem.RData",v2x_libdem,Liberal democracy index,0-1,MMR,1963,0.018
"V-Dem vdemdata R package, vdem.RData",v2x_libdem,Liberal democracy index,0-1,MMR,1964,0.016
"V-Dem vdemdata R package, vdem.RData",v2x_libdem,Liberal democracy index,0-1,MMR,1965,0.016
"V-Dem vdemdata R package, vdem.RData",v2x_libdem,Liberal democracy index,0-1,MMR,1966,0.014
"V-Dem vdemdata R package, vdem.RData",v2x_libdem,Liberal democracy index,0-1,MMR,1967,0.014
"V-Dem vdemdata R package, vdem.RData",v2x_libdem,Liberal democracy index,0-1,MMR,1968,0.014
"V-Dem vdemdata R package, vdem.RData",v2x_libdem,Liberal democracy index,0-1,MMR,1969,0.014
"V-Dem vdemdata R package, vdem.RData",v2x_libdem,Liberal democracy index,0-1,MMR,1970,0.014
"V-Dem vdemdata R package, vdem.RData",v2x_libdem,Liberal democracy index,0-1,MMR,1971,0.014
"V-Dem vdemdata R package, vdem.RData",v2x_libdem,Liberal democracy index,0-1,MMR,1972,0.014
"V-Dem vdemdata R package, vdem.RData",v2x_libdem,Liberal democracy index,0-1,MMR,1973,0.014
"V-Dem vdemdata R package, vdem.RData",v2x_libdem,Liberal democracy index,0-1,MMR,1974,0.016
"V-Dem vdemdata R package, vdem.RData",v2x_libdem,Liberal democracy index,0-1,MMR,1975,0.019
"V-Dem vdemdata R package, vdem.RData",v2x_libdem,Liberal democracy index,0-1,MMR,1976,0.027
"V-Dem vdemdata R package, vdem.RData",v2x_libdem,Liberal democracy index,0-1,MMR,1977,0.027
"V-Dem vdemdata R package, vdem.RData",v2x_libdem,Liberal democracy index,0-1,MMR,1978,0.027
"V-Dem vdemdata R package, vdem.RData",v2x_libdem,Liberal democracy index,0-1,MMR,1979,0.027
"V-Dem vdemdata R package, vdem.RData",v2x_libdem,Liberal democracy index,0-1,MMR,1980,0.027
"V-Dem vdemdata R package, vdem.RData",v2x_libdem,Liberal democracy index,0-1,MMR,1981,0.027
"V-Dem vdemdata R package, vdem.RData",v2x_libdem,Liberal democracy index,0-1,MMR,1982,0.027
"V-Dem vdemdata R package, vdem.RData",v2x_libdem,Liberal democracy index,0-1,MMR,1983,0.027
"V-Dem vdemdata R package, vdem.RData",v2x_libdem,Liberal democracy index,0-1,MMR,1984,0.027
"V-Dem vdemdata R package, vdem.RData",v2x_libdem,Liberal democracy index,0-1,MMR,1985,0.027
"V-Dem vdemdata R package, vdem.RData",v2x_libdem,Liberal democracy index,0-1,MMR,1986,0.027
"V-Dem vdemdata R package, vdem.RData",v2x_libdem,Liberal democracy index,0-1,MMR,1987,0.027
"V-Dem vdemdata R package, vdem.RData",v2x_libdem,Liberal democracy index,0-1,MMR,1988,0.015
"V-Dem vdemdata R package, vdem.RData",v2x_libdem,Liberal democracy index,0-1,MMR,1989,0.017
"V-Dem vdemdata R package, vdem.RData",v2x_libdem,Liberal democracy index,0-1,MMR,1990,0.02
"V-Dem vdemdata R package, vdem.RData",v2x_libdem,Liberal democracy index,0-1,MMR,1991,0.017
"V-Dem vdemdata R package, vdem.RData",v2x_libdem,Liberal democracy index,0-1,MMR,1992,0.017
"V-Dem vdemdata R package, vdem.RData",v2x_libdem,Liberal democracy index,0-1,MMR,1993,0.017
"V-Dem vdemdata R package, vdem.RData",v2x_libdem,Liberal democracy index,0-1,MMR,1994,0.017
"V-Dem vdemdata R package, vdem.RData",v2x_libdem,Liberal democracy index,0-1,MMR,1995,0.017
"V-Dem vdemdata R package, vdem.RData",v2x_libdem,Liberal democracy index,0-1,MMR,1996,0.017
"V-Dem vdemdata R package, vdem.RData",v2x_libdem,Liberal democracy index,0-1,MMR,1997,0.017
"V-Dem vdemdata R package, vdem.RData",v2x_libdem,Liberal democracy index,0-1,MMR,1998,0.017
"V-Dem vdemdata R package, vdem.RData",v2x_libdem,Liberal democracy index,0-1,MMR,1999,0.017
"V-Dem vdemdata R package, vdem.RData",v2x_libdem,Liberal democracy index,0-1,MMR,2000,0.018
"V-Dem vdemdata R package, vdem.RData",v2x_libdem,Liberal democracy index,0-1,MMR,2001,0.018
"V-Dem vdemdata R package, vdem.RData",v2x_libdem,Liberal democracy index,0-1,MMR,2002,0.018
"V-Dem vdemdata R package, vdem.RData",v2x_libdem,Liberal democracy index,0-1,MMR,2003,0.018
"V-Dem vdemdata R package, vdem.RData",v2x_libdem,Liberal democracy index,0-1,MMR,2004,0.018
"V-Dem vdemdata R package, vdem.RData",v2x_libdem,Liberal democracy index,0-1,MMR,2005,0.018
"V-Dem vdemdata R package, vdem.RData",v2x_libdem,Liberal democracy index,0-1,MMR,2006,0.018
"V-Dem vdemdata R package, vdem.RData",v2x_libdem,Liberal democracy index,0-1,MMR,2007,0.017
"V-Dem vdemdata R package, vdem.RData",v2x_libdem,Liberal democracy index,0-1,MMR,2008,0.018
"V-Dem vdemdata R package, vdem.RData",v2x_libdem,Liberal democracy index,0-1,MMR,2009,0.018
"V-Dem vdemdata R package, vdem.RData",v2x_libdem,Liberal democracy index,0-1,MMR,2010,0.033
"V-Dem vdemdata R package, vdem.RData",v2x_libdem,Liberal democracy index,0-1,MMR,2011,0.107
"V-Dem vdemdata R package, vdem.RData",v2x_libdem,Liberal democracy index,0-1,MMR,2012,0.134
"V-Dem vdemdata R package, vdem.RData",v2x_libdem,Liberal democracy index,0-1,MMR,2013,0.157
"V-Dem vdemdata R package, vdem.RData",v2x_libdem,Liberal democracy index,0-1,MMR,2014,0.163
"V-Dem vdemdata R package, vdem.RData",v2x_libdem,Liberal democracy index,0-1,MMR,2015,0.181
"V-Dem vdemdata R package, vdem.RData",v2x_libdem,Liberal democracy index,0-1,MMR,2016,0.226
"V-Dem vdemdata R package, vdem.RData",v2x_libdem,Liberal democracy index,0-1,MMR,2017,0.229
"V-Dem vdemdata R package, vdem.RData",v2x_libdem,Liberal democracy index,0-1,MMR,2018,0.232
"V-Dem vdemdata R package, vdem.RData",v2x_libdem,Liberal democracy index,0-1,MMR,2019,0.246
"V-Dem vdemdata R package, vdem.RData",v2x_libdem,Liberal democracy index,0-1,MMR,2020,0.252
"V-Dem vdemdata R package, vdem.RData",v2x_libdem,Liberal democracy index,0-1,MMR,2021,0.02
"V-Dem vdemdata R package, vdem.RData",v2x_libdem,Liberal democracy index,0-1,MMR,2022,0.016
"V-Dem vdemdata R package, vdem.RData",v2x_libdem,Liberal democracy index,0-1,MMR,2023,0.015
"V-Dem vdemdata R package, vdem.RData",v2x_libdem,Liberal democracy index,0-1,MMR,2024,0.015
"V-Dem vdemdata R package, vdem.RData",v2x_libdem,Liberal democracy index,0-1,MMR,2025,0.015
"V-Dem vdemdata R package, vdem.RData",v2x_polyarchy,Electoral democracy index,0-1,MMR,1789,0.021
"V-Dem vdemdata R package, vdem.RData",v2x_polyarchy,Electoral democracy index,0-1,MMR,1790,0.02
"V-Dem vdemdata R package, vdem.RData",v2x_polyarchy,Electoral democracy index,0-1,MMR,1791,0.02
"V-Dem vdemdata R package, vdem.RData",v2x_polyarchy,Electoral democracy index,0-1,MMR,1792,0.02
"V-Dem vdemdata R package, vdem.RData",v2x_polyarchy,Electoral democracy index,0-1,MMR,1793,0.02
"V-Dem vdemdata R package, vdem.RData",v2x_polyarchy,Electoral democracy index,0-1,MMR,1794,0.02
"V-Dem vdemdata R package, vdem.RData",v2x_polyarchy,Electoral democracy index,0-1,MMR,1795,0.02
"V-Dem vdemdata R package, vdem.RData",v2x_polyarchy,Electoral democracy index,0-1,MMR,1796,0.02
"V-Dem vdemdata R package, vdem.RData",v2x_polyarchy,Electoral democracy index,0-1,MMR,1797,0.02
"V-Dem vdemdata R package, vdem.RData",v2x_polyarchy,Electoral democracy index,0-1,MMR,1798,0.02
"V-Dem vdemdata R package, vdem.RData",v2x_polyarchy,Electoral democracy index,0-1,MMR,1799,0.02
"V-Dem vdemdata R package, vdem.RData",v2x_polyarchy,Electoral democracy index,0-1,MMR,1800,0.02
"V-Dem vdemdata R package, vdem.RData",v2x_polyarchy,Electoral democracy index,0-1,MMR,1801,0.02
"V-Dem vdemdata R package, vdem.RData",v2x_polyarchy,Electoral democracy index,0-1,MMR,1802,0.02
"V-Dem vdemdata R package, vdem.RData",v2x_polyarchy,Electoral democracy index,0-1,MMR,1803,0.02
"V-Dem vdemdata R package, vdem.RData",v2x_polyarchy,Electoral democracy index,0-1,MMR,1804,0.02
"V-Dem vdemdata R package, vdem.RData",v2x_polyarchy,Electoral democracy index,0-1,MMR,1805,0.02
"V-Dem vdemdata R package, vdem.RData",v2x_polyarchy,Electoral democracy index,0-1,MMR,1806,0.02
"V-Dem vdemdata R package, vdem.RData",v2x_polyarchy,Electoral democracy index,0-1,MMR,1807,0.02
"V-Dem vdemdata R package, vdem.RData",v2x_polyarchy,Electoral democracy index,0-1,MMR,1808,0.02
"V-Dem vdemdata R package, vdem.RData",v2x_polyarchy,Electoral democracy index,0-1,MMR,1809,0.02
"V-Dem vdemdata R package, vdem.RData",v2x_polyarchy,Electoral democracy index,0-1,MMR,1810,0.02
"V-Dem vdemdata R package, vdem.RData",v2x_polyarchy,Electoral democracy index,0-1,MMR,1811,0.02
"V-Dem vdemdata R package, vdem.RData",v2x_polyarchy,Electoral democracy index,0-1,MMR,1812,0.02
"V-Dem vdemdata R package, vdem.RData",v2x_polyarchy,Electoral democracy index,0-1,MMR,1813,0.02
"V-Dem vdemdata R package, vdem.RData",v2x_polyarchy,Electoral democracy index,0-1,MMR,1814,0.02
"V-Dem vdemdata R package, vdem.RData",v2x_polyarchy,Electoral democracy index,0-1,MMR,1815,0.02
"V-Dem vdemdata R package, vdem.RData",v2x_polyarchy,Electoral democracy index,0-1,MMR,1816,0.02
"V-Dem vdemdata R package, vdem.RData",v2x_polyarchy,Electoral democracy index,0-1,MMR,1817,0.02
"V-Dem vdemdata R package, vdem.RData",v2x_polyarchy,Electoral democracy index,0-1,MMR,1818,0.02
"V-Dem vdemdata R package, vdem.RData",v2x_polyarchy,Electoral democracy index,0-1,MMR,1819,0.02
"V-Dem vdemdata R package, vdem.RData",v2x_polyarchy,Electoral democracy index,0-1,MMR,1820,0.02
"V-Dem vdemdata R package, vdem.RData",v2x_polyarchy,Electoral democracy index,0-1,MMR,1821,0.02
"V-Dem vdemdata R package, vdem.RData",v2x_polyarchy,Electoral democracy index,0-1,MMR,1822,0.02
"V-Dem vdemdata R package, vdem.RData",v2x_polyarchy,Electoral democracy index,0-1,MMR,1823,0.02
"V-Dem vdemdata R package, vdem.RData",v2x_polyarchy,Electoral democracy index,0-1,MMR,1824,0.02
"V-Dem vdemdata R package, vdem.RData",v2x_polyarchy,Electoral democracy index,0-1,MMR,1825,0.02
"V-Dem vdemdata R package, vdem.RData",v2x_polyarchy,Electoral democracy index,0-1,MMR,1826,0.02
"V-Dem vdemdata R package, vdem.RData",v2x_polyarchy,Electoral democracy index,0-1,MMR,1827,0.02
"V-Dem vdemdata R package, vdem.RData",v2x_polyarchy,Electoral democracy index,0-1,MMR,1828,0.02
"V-Dem vdemdata R package, vdem.RData",v2x_polyarchy,Electoral democracy index,0-1,MMR,1829,0.02
"V-Dem vdemdata R package, vdem.RData",v2x_polyarchy,Electoral democracy index,0-1,MMR,1830,0.02
"V-Dem vdemdata R package, vdem.RData",v2x_polyarchy,Electoral democracy index,0-1,MMR,1831,0.02
"V-Dem vdemdata R package, vdem.RData",v2x_polyarchy,Electoral democracy index,0-1,MMR,1832,0.02
"V-Dem vdemdata R package, vdem.RData",v2x_polyarchy,Electoral democracy index,0-1,MMR,1833,0.02
"V-Dem vdemdata R package, vdem.RData",v2x_polyarchy,Electoral democracy index,0-1,MMR,1834,0.02
"V-Dem vdemdata R package, vdem.RData",v2x_polyarchy,Electoral democracy index,0-1,MMR,1835,0.02
"V-Dem vdemdata R package, vdem.RData",v2x_polyarchy,Electoral democracy index,0-1,MMR,1836,0.02
"V-Dem vdemdata R package, vdem.RData",v2x_polyarchy,Electoral democracy index,0-1,MMR,1837,0.031
"V-Dem vdemdata R package, vdem.RData",v2x_polyarchy,Electoral democracy index,0-1,MMR,1838,0.031
"V-Dem vdemdata R package, vdem.RData",v2x_polyarchy,Electoral democracy index,0-1,MMR,1839,0.031
"V-Dem vdemdata R package, vdem.RData",v2x_polyarchy,Electoral democracy index,0-1,MMR,1840,0.031
"V-Dem vdemdata R package, vdem.RData",v2x_polyarchy,Electoral democracy index,0-1,MMR,1841,0.031
"V-Dem vdemdata R package, vdem.RData",v2x_polyarchy,Electoral democracy index,0-1,MMR,1842,0.031
"V-Dem vdemdata R package, vdem.RData",v2x_polyarchy,Electoral democracy index,0-1,MMR,1843,0.031
"V-Dem vdemdata R package, vdem.RData",v2x_polyarchy,Electoral democracy index,0-1,MMR,1844,0.031
"V-Dem vdemdata R package, vdem.RData",v2x_polyarchy,Electoral democracy index,0-1,MMR,1845,0.031
"V-Dem vdemdata R package, vdem.RData",v2x_polyarchy,Electoral democracy index,0-1,MMR,1846,0.031
"V-Dem vdemdata R package, vdem.RData",v2x_polyarchy,Electoral democracy index,0-1,MMR,1847,0.031
"V-Dem vdemdata R package, vdem.RData",v2x_polyarchy,Electoral democracy index,0-1,MMR,1848,0.031
"V-Dem vdemdata R package, vdem.RData",v2x_polyarchy,Electoral democracy index,0-1,MMR,1849,0.031
"V-Dem vdemdata R package, vdem.RData",v2x_polyarchy,Electoral democracy index,0-1,MMR,1850,0.031
"V-Dem vdemdata R package, vdem.RData",v2x_polyarchy,Electoral democracy index,0-1,MMR,1851,0.031
"V-Dem vdemdata R package, vdem.RData",v2x_polyarchy,Electoral democracy index,0-1,MMR,1852,0.031
"V-Dem vdemdata R package, vdem.RData",v2x_polyarchy,Electoral democracy index,0-1,MMR,1853,0.031
"V-Dem vdemdata R package, vdem.RData",v2x_polyarchy,Electoral democracy index,0-1,MMR,1854,0.031
"V-Dem vdemdata R package, vdem.RData",v2x_polyarchy,Electoral democracy index,0-1,MMR,1855,0.031
"V-Dem vdemdata R package, vdem.RData",v2x_polyarchy,Electoral democracy index,0-1,MMR,1856,0.031
"V-Dem vdemdata R package, vdem.RData",v2x_polyarchy,Electoral democracy index,0-1,MMR,1857,0.031
"V-Dem vdemdata R package, vdem.RData",v2x_polyarchy,Electoral democracy index,0-1,MMR,1858,0.031
"V-Dem vdemdata R package, vdem.RData",v2x_polyarchy,Electoral democracy index,0-1,MMR,1859,0.031
"V-Dem vdemdata R package, vdem.RData",v2x_polyarchy,Electoral democracy index,0-1,MMR,1860,0.031
"V-Dem vdemdata R package, vdem.RData",v2x_polyarchy,Electoral democracy index,0-1,MMR,1861,0.031
"V-Dem vdemdata R package, vdem.RData",v2x_polyarchy,Electoral democracy index,0-1,MMR,1862,0.035
"V-Dem vdemdata R package, vdem.RData",v2x_polyarchy,Electoral democracy index,0-1,MMR,1863,0.035
"V-Dem vdemdata R package, vdem.RData",v2x_polyarchy,Electoral democracy index,0-1,MMR,1864,0.035
"V-Dem vdemdata R package, vdem.RData",v2x_polyarchy,Electoral democracy index,0-1,MMR,1865,0.035
"V-Dem vdemdata R package, vdem.RData",v2x_polyarchy,Electoral democracy index,0-1,MMR,1866,0.035
"V-Dem vdemdata R package, vdem.RData",v2x_polyarchy,Electoral democracy index,0-1,MMR,1867,0.035
"V-Dem vdemdata R package, vdem.RData",v2x_polyarchy,Electoral democracy index,0-1,MMR,1868,0.035
"V-Dem vdemdata R package, vdem.RData",v2x_polyarchy,Electoral democracy index,0-1,MMR,1869,0.035
"V-Dem vdemdata R package, vdem.RData",v2x_polyarchy,Electoral democracy index,0-1,MMR,1870,0.035
"V-Dem vdemdata R package, vdem.RData",v2x_polyarchy,Electoral democracy index,0-1,MMR,1871,0.035
"V-Dem vdemdata R package, vdem.RData",v2x_polyarchy,Electoral democracy index,0-1,MMR,1872,0.035
"V-Dem vdemdata R package, vdem.RData",v2x_polyarchy,Electoral democracy index,0-1,MMR,1873,0.057
"V-Dem vdemdata R package, vdem.RData",v2x_polyarchy,Electoral democracy index,0-1,MMR,1874,0.057
"V-Dem vdemdata R package, vdem.RData",v2x_polyarchy,Electoral democracy index,0-1,MMR,1875,0.057
"V-Dem vdemdata R package, vdem.RData",v2x_polyarchy,Electoral democracy index,0-1,MMR,1876,0.057
"V-Dem vdemdata R package, vdem.RData",v2x_polyarchy,Electoral democracy index,0-1,MMR,1877,0.057
"V-Dem vdemdata R package, vdem.RData",v2x_polyarchy,Electoral democracy index,0-1,MMR,1878,0.057
"V-Dem vdemdata R package, vdem.RData",v2x_polyarchy,Electoral democracy index,0-1,MMR,1879,0.057
"V-Dem vdemdata R package, vdem.RData",v2x_polyarchy,Electoral democracy index,0-1,MMR,1880,0.057
"V-Dem vdemdata R package, vdem.RData",v2x_polyarchy,Electoral democracy index,0-1,MMR,1881,0.057
"V-Dem vdemdata R package, vdem.RData",v2x_polyarchy,Electoral democracy index,0-1,MMR,1882,0.057
"V-Dem vdemdata R package, vdem.RData",v2x_polyarchy,Electoral democracy index,0-1,MMR,1883,0.057
"V-Dem vdemdata R package, vdem.RData",v2x_polyarchy,Electoral democracy index,0-1,MMR,1884,0.057
"V-Dem vdemdata R package, vdem.RData",v2x_polyarchy,Electoral democracy index,0-1,MMR,1885,0.057
"V-Dem vdemdata R package, vdem.RData",v2x_polyarchy,Electoral democracy index,0-1,MMR,1886,0.09
"V-Dem vdemdata R package, vdem.RData",v2x_polyarchy,Electoral democracy index,0-1,MMR,1887,0.09
"V-Dem vdemdata R package, vdem.RData",v2x_polyarchy,Electoral democracy index,0-1,MMR,1888,0.09
"V-Dem vdemdata R package, vdem.RData",v2x_polyarchy,Electoral democracy index,0-1,MMR,1889,0.09
"V-Dem vdemdata R package, vdem.RData",v2x_polyarchy,Electoral democracy index,0-1,MMR,1890,0.09
"V-Dem vdemdata R package, vdem.RData",v2x_polyarchy,Electoral democracy index,0-1,MMR,1891,0.09
"V-Dem vdemdata R package, vdem.RData",v2x_polyarchy,Electoral democracy index,0-1,MMR,1892,0.09
"V-Dem vdemdata R package, vdem.RData",v2x_polyarchy,Electoral democracy index,0-1,MMR,1893,0.09
"V-Dem vdemdata R package, vdem.RData",v2x_polyarchy,Electoral democracy index,0-1,MMR,1894,0.09
"V-Dem vdemdata R package, vdem.RData",v2x_polyarchy,Electoral democracy index,0-1,MMR,1895,0.09
"V-Dem vdemdata R package, vdem.RData",v2x_polyarchy,Electoral democracy index,0-1,MMR,1896,0.09
"V-Dem vdemdata R package, vdem.RData",v2x_polyarchy,Electoral democracy index,0-1,MMR,1897,0.09
"V-Dem vdemdata R package, vdem.RData",v2x_polyarchy,Electoral democracy index,0-1,MMR,1898,0.09
"V-Dem vdemdata R package, vdem.RData",v2x_polyarchy,Electoral democracy index,0-1,MMR,1899,0.09
"V-Dem vdemdata R package, vdem.RData",v2x_polyarchy,Electoral democracy index,0-1,MMR,1900,0.089
"V-Dem vdemdata R package, vdem.RData",v2x_polyarchy,Electoral democracy index,0-1,MMR,1901,0.089
"V-Dem vdemdata R package, vdem.RData",v2x_polyarchy,Electoral democracy index,0-1,MMR,1902,0.089
"V-Dem vdemdata R package, vdem.RData",v2x_polyarchy,Electoral democracy index,0-1,MMR,1903,0.089
"V-Dem vdemdata R package, vdem.RData",v2x_polyarchy,Electoral democracy index,0-1,MMR,1904,0.089
"V-Dem vdemdata R package, vdem.RData",v2x_polyarchy,Electoral democracy index,0-1,MMR,1905,0.089
"V-Dem vdemdata R package, vdem.RData",v2x_polyarchy,Electoral democracy index,0-1,MMR,1906,0.089
"V-Dem vdemdata R package, vdem.RData",v2x_polyarchy,Electoral democracy index,0-1,MMR,1907,0.089
"V-Dem vdemdata R package, vdem.RData",v2x_polyarchy,Electoral democracy index,0-1,MMR,1908,0.089
"V-Dem vdemdata R package, vdem.RData",v2x_polyarchy,Electoral democracy index,0-1,MMR,1909,0.089
"V-Dem vdemdata R package, vdem.RData",v2x_polyarchy,Electoral democracy index,0-1,MMR,1910,0.089
"V-Dem vdemdata R package, vdem.RData",v2x_polyarchy,Electoral democracy index,0-1,MMR,1911,0.089
"V-Dem vdemdata R package, vdem.RData",v2x_polyarchy,Electoral democracy index,0-1,MMR,1912,0.089
"V-Dem vdemdata R package, vdem.RData",v2x_polyarchy,Electoral democracy index,0-1,MMR,1913,0.089
"V-Dem vdemdata R package, vdem.RData",v2x_polyarchy,Electoral democracy index,0-1,MMR,1914,0.089
"V-Dem vdemdata R package, vdem.RData",v2x_polyarchy,Electoral democracy index,0-1,MMR,1915,0.089
"V-Dem vdemdata R package, vdem.RData",v2x_polyarchy,Electoral democracy index,0-1,MMR,1916,0.089
"V-Dem vdemdata R package, vdem.RData",v2x_polyarchy,Electoral democracy index,0-1,MMR,1917,0.089
"V-Dem vdemdata R package, vdem.RData",v2x_polyarchy,Electoral democracy index,0-1,MMR,1918,0.089
"V-Dem vdemdata R package, vdem.RData",v2x_polyarchy,Electoral democracy index,0-1,MMR,1919,0.089
"V-Dem vdemdata R package, vdem.RData",v2x_polyarchy,Electoral democracy index,0-1,MMR,1920,0.09
"V-Dem vdemdata R package, vdem.RData",v2x_polyarchy,Electoral democracy index,0-1,MMR,1921,0.095
"V-Dem vdemdata R package, vdem.RData",v2x_polyarchy,Electoral democracy index,0-1,MMR,1922,0.137
"V-Dem vdemdata R package, vdem.RData",v2x_polyarchy,Electoral democracy index,0-1,MMR,1923,0.197
"V-Dem vdemdata R package, vdem.RData",v2x_polyarchy,Electoral democracy index,0-1,MMR,1924,0.197
"V-Dem vdemdata R package, vdem.RData",v2x_polyarchy,Electoral democracy index,0-1,MMR,1925,0.197
"V-Dem vdemdata R package, vdem.RData",v2x_polyarchy,Electoral democracy index,0-1,MMR,1926,0.197
"V-Dem vdemdata R package, vdem.RData",v2x_polyarchy,Electoral democracy index,0-1,MMR,1927,0.197
"V-Dem vdemdata R package, vdem.RData",v2x_polyarchy,Electoral democracy index,0-1,MMR,1928,0.197
"V-Dem vdemdata R package, vdem.RData",v2x_polyarchy,Electoral democracy index,0-1,MMR,1929,0.196
"V-Dem vdemdata R package, vdem.RData",v2x_polyarchy,Electoral democracy index,0-1,MMR,1930,0.196
"V-Dem vdemdata R package, vdem.RData",v2x_polyarchy,Electoral democracy index,0-1,MMR,1931,0.196
"V-Dem vdemdata R package, vdem.RData",v2x_polyarchy,Electoral democracy index,0-1,MMR,1932,0.196
"V-Dem vdemdata R package, vdem.RData",v2x_polyarchy,Electoral democracy index,0-1,MMR,1933,0.199
"V-Dem vdemdata R package, vdem.RData",v2x_polyarchy,Electoral democracy index,0-1,MMR,1934,0.199
"V-Dem vdemdata R package, vdem.RData",v2x_polyarchy,Electoral democracy index,0-1,MMR,1935,0.204
"V-Dem vdemdata R package, vdem.RData",v2x_polyarchy,Electoral democracy index,0-1,MMR,1936,0.208
"V-Dem vdemdata R package, vdem.RData",v2x_polyarchy,Electoral democracy index,0-1,MMR,1937,0.223
"V-Dem vdemdata R package, vdem.RData",v2x_polyarchy,Electoral democracy index,0-1,MMR,1938,0.223
"V-Dem vdemdata R package, vdem.RData",v2x_polyarchy,Electoral democracy index,0-1,MMR,1939,0.223
"V-Dem vdemdata R package, vdem.RData",v2x_polyarchy,Electoral democracy index,0-1,MMR,1940,0.223
"V-Dem vdemdata R package, vdem.RData",v2x_polyarchy,Electoral democracy index,0-1,MMR,1941,0.215
"V-Dem vdemdata R package, vdem.RData",v2x_polyarchy,Electoral democracy index,0-1,MMR,1942,0.114
"V-Dem vdemdata R package, vdem.RData",v2x_polyarchy,Electoral democracy index,0-1,MMR,1943,0.092
"V-Dem vdemdata R package, vdem.RData",v2x_polyarchy,Electoral democracy index,0-1,MMR,1944,0.095
"V-Dem vdemdata R package, vdem.RData",v2x_polyarchy,Electoral democracy index,0-1,MMR,1945,0.13
"V-Dem vdemdata R package, vdem.RData",v2x_polyarchy,Electoral democracy index,0-1,MMR,1946,0.166
"V-Dem vdemdata R package, vdem.RData",v2x_polyarchy,Electoral democracy index,0-1,MMR,1947,0.194
"V-Dem vdemdata R package, vdem.RData",v2x_polyarchy,Electoral democracy index,0-1,MMR,1948,0.221
"V-Dem vdemdata R package, vdem.RData",v2x_polyarchy,Electoral democracy index,0-1,MMR,1949,0.225
"V-Dem vdemdata R package, vdem.RData",v2x_polyarchy,Electoral democracy index,0-1,MMR,1950,0.223
"V-Dem vdemdata R package, vdem.RData",v2x_polyarchy,Electoral democracy index,0-1,MMR,1951,0.255
"V-Dem vdemdata R package, vdem.RData",v2x_polyarchy,Electoral democracy index,0-1,MMR,1952,0.39
"V-Dem vdemdata R package, vdem.RData",v2x_polyarchy,Electoral democracy index,0-1,MMR,1953,0.426
"V-Dem vdemdata R package, vdem.RData",v2x_polyarchy,Electoral democracy index,0-1,MMR,1954,0.426
"V-Dem vdemdata R package, vdem.RData",v2x_polyarchy,Electoral democracy index,0-1,MMR,1955,0.426
"V-Dem vdemdata R package, vdem.RData",v2x_polyarchy,Electoral democracy index,0-1,MMR,1956,0.425
"V-Dem vdemdata R package, vdem.RData",v2x_polyarchy,Electoral democracy index,0-1,MMR,1957,0.424
"V-Dem vdemdata R package, vdem.RData",v2x_polyarchy,Electoral democracy index,0-1,MMR,1958,0.407
"V-Dem vdemdata R package, vdem.RData",v2x_polyarchy,Electoral democracy index,0-1,MMR,1959,0.407
"V-Dem vdemdata R package, vdem.RData",v2x_polyarchy,Electoral democracy index,0-1,MMR,1960,0.419
"V-Dem vdemdata R package, vdem.RData",v2x_polyarchy,Electoral democracy index,0-1,MMR,1961,0.426
"V-Dem vdemdata R package, vdem.RData",v2x_polyarchy,Electoral democracy index,0-1,MMR,1962,0.131
"V-Dem vdemdata R package, vdem.RData",v2x_polyarchy,Electoral democracy index,0-1,MMR,1963,0.077
"V-Dem vdemdata R package, vdem.RData",v2x_polyarchy,Electoral democracy index,0-1,MMR,1964,0.07
"V-Dem vdemdata R package, vdem.RData",v2x_polyarchy,Electoral democracy index,0-1,MMR,1965,0.07
"V-Dem vdemdata R package, vdem.RData",v2x_polyarchy,Electoral democracy index,0-1,MMR,1966,0.07
"V-Dem vdemdata R package, vdem.RData",v2x_polyarchy,Electoral democracy index,0-1,MMR,1967,0.07
"V-Dem vdemdata R package, vdem.RData",v2x_polyarchy,Electoral democracy index,0-1,MMR,1968,0.07
"V-Dem vdemdata R package, vdem.RData",v2x_polyarchy,Electoral democracy index,0-1,MMR,1969,0.07
"V-Dem vdemdata R package, vdem.RData",v2x_polyarchy,Electoral democracy index,0-1,MMR,1970,0.07
"V-Dem vdemdata R package, vdem.RData",v2x_polyarchy,Electoral democracy index,0-1,MMR,1971,0.07
"V-Dem vdemdata R package, vdem.RData",v2x_polyarchy,Electoral democracy index,0-1,MMR,1972,0.07
"V-Dem vdemdata R package, vdem.RData",v2x_polyarchy,Electoral democracy index,0-1,MMR,1973,0.07
"V-Dem vdemdata R package, vdem.RData",v2x_polyarchy,Electoral democracy index,0-1,MMR,1974,0.073
"V-Dem vdemdata R package, vdem.RData",v2x_polyarchy,Electoral democracy index,0-1,MMR,1975,0.074
"V-Dem vdemdata R package, vdem.RData",v2x_polyarchy,Electoral democracy index,0-1,MMR,1976,0.136
"V-Dem vdemdata R package, vdem.RData",v2x_polyarchy,Electoral democracy index,0-1,MMR,1977,0.136
"V-Dem vdemdata R package, vdem.RData",v2x_polyarchy,Electoral democracy index,0-1,MMR,1978,0.136
"V-Dem vdemdata R package, vdem.RData",v2x_polyarchy,Electoral democracy index,0-1,MMR,1979,0.136
"V-Dem vdemdata R package, vdem.RData",v2x_polyarchy,Electoral democracy index,0-1,MMR,1980,0.137
"V-Dem vdemdata R package, vdem.RData",v2x_polyarchy,Electoral democracy index,0-1,MMR,1981,0.137
"V-Dem vdemdata R package, vdem.RData",v2x_polyarchy,Electoral democracy index,0-1,MMR,1982,0.138
"V-Dem vdemdata R package, vdem.RData",v2x_polyarchy,Electoral democracy index,0-1,MMR,1983,0.138
"V-Dem vdemdata R package, vdem.RData",v2x_polyarchy,Electoral democracy index,0-1,MMR,1984,0.138
"V-Dem vdemdata R package, vdem.RData",v2x_polyarchy,Electoral democracy index,0-1,MMR,1985,0.138
"V-Dem vdemdata R package, vdem.RData",v2x_polyarchy,Electoral democracy index,0-1,MMR,1986,0.138
"V-Dem vdemdata R package, vdem.RData",v2x_polyarchy,Electoral democracy index,0-1,MMR,1987,0.138
"V-Dem vdemdata R package, vdem.RData",v2x_polyarchy,Electoral democracy index,0-1,MMR,1988,0.126
"V-Dem vdemdata R package, vdem.RData",v2x_polyarchy,Electoral democracy index,0-1,MMR,1989,0.09
"V-Dem vdemdata R package, vdem.RData",v2x_polyarchy,Electoral democracy index,0-1,MMR,1990,0.115
"V-Dem vdemdata R package, vdem.RData",v2x_polyarchy,Electoral democracy index,0-1,MMR,1991,0.096
"V-Dem vdemdata R package, vdem.RData",v2x_polyarchy,Electoral democracy index,0-1,MMR,1992,0.096
"V-Dem vdemdata R package, vdem.RData",v2x_polyarchy,Electoral democracy index,0-1,MMR,1993,0.096
"V-Dem vdemdata R package, vdem.RData",v2x_polyarchy,Electoral democracy index,0-1,MMR,1994,0.096
"V-Dem vdemdata R package, vdem.RData",v2x_polyarchy,Electoral democracy index,0-1,MMR,1995,0.096
"V-Dem vdemdata R package, vdem.RData",v2x_polyarchy,Electoral democracy index,0-1,MMR,1996,0.096
"V-Dem vdemdata R package, vdem.RData",v2x_polyarchy,Electoral democracy index,0-1,MMR,1997,0.096
"V-Dem vdemdata R package, vdem.RData",v2x_polyarchy,Electoral democracy index,0-1,MMR,1998,0.096
"V-Dem vdemdata R package, vdem.RData",v2x_polyarchy,Electoral democracy index,0-1,MMR,1999,0.096
"V-Dem vdemdata R package, vdem.RData",v2x_polyarchy,Electoral democracy index,0-1,MMR,2000,0.096
"V-Dem vdemdata R package, vdem.RData",v2x_polyarchy,Electoral democracy index,0-1,MMR,2001,0.096
"V-Dem vdemdata R package, vdem.RData",v2x_polyarchy,Electoral democracy index,0-1,MMR,2002,0.096
"V-Dem vdemdata R package, vdem.RData",v2x_polyarchy,Electoral democracy index,0-1,MMR,2003,0.096
"V-Dem vdemdata R package, vdem.RData",v2x_polyarchy,Electoral democracy index,0-1,MMR,2004,0.096
"V-Dem vdemdata R package, vdem.RData",v2x_polyarchy,Electoral democracy index,0-1,MMR,2005,0.096
"V-Dem vdemdata R package, vdem.RData",v2x_polyarchy,Electoral democracy index,0-1,MMR,2006,0.096
"V-Dem vdemdata R package, vdem.RData",v2x_polyarchy,Electoral democracy index,0-1,MMR,2007,0.096
"V-Dem vdemdata R package, vdem.RData",v2x_polyarchy,Electoral democracy index,0-1,MMR,2008,0.096
"V-Dem vdemdata R package, vdem.RData",v2x_polyarchy,Electoral democracy index,0-1,MMR,2009,0.097
"V-Dem vdemdata R package, vdem.RData",v2x_polyarchy,Electoral democracy index,0-1,MMR,2010,0.119
"V-Dem vdemdata R package, vdem.RData",v2x_polyarchy,Electoral democracy index,0-1,MMR,2011,0.223
"V-Dem vdemdata R package, vdem.RData",v2x_polyarchy,Electoral democracy index,0-1,MMR,2012,0.306
"V-Dem vdemdata R package, vdem.RData",v2x_polyarchy,Electoral democracy index,0-1,MMR,2013,0.355
"V-Dem vdemdata R package, vdem.RData",v2x_polyarchy,Electoral democracy index,0-1,MMR,2014,0.357
"V-Dem vdemdata R package, vdem.RData",v2x_polyarchy,Electoral democracy index,0-1,MMR,2015,0.37
"V-Dem vdemdata R package, vdem.RData",v2x_polyarchy,Electoral democracy index,0-1,MMR,2016,0.402
"V-Dem vdemdata R package, vdem.RData",v2x_polyarchy,Electoral democracy index,0-1,MMR,2017,0.402
"V-Dem vdemdata R package, vdem.RData",v2x_polyarchy,Electoral democracy index,0-1,MMR,2018,0.397
"V-Dem vdemdata R package, vdem.RData",v2x_polyarchy,Electoral democracy index,0-1,MMR,2019,0.421
"V-Dem vdemdata R package, vdem.RData",v2x_polyarchy,Electoral democracy index,0-1,MMR,2020,0.426
"V-Dem vdemdata R package, vdem.RData",v2x_polyarchy,Electoral democracy index,0-1,MMR,2021,0.102
"V-Dem vdemdata R package, vdem.RData",v2x_polyarchy,Electoral democracy index,0-1,MMR,2022,0.087
"V-Dem vdemdata R package, vdem.RData",v2x_polyarchy,Electoral democracy index,0-1,MMR,2023,0.077
"V-Dem vdemdata R package, vdem.RData",v2x_polyarchy,Electoral democracy index,0-1,MMR,2024,0.08
"V-Dem vdemdata R package, vdem.RData",v2x_polyarchy,Electoral democracy index,0-1,MMR,2025,0.08
"V-Dem vdemdata R package, vdem.RData",v2x_pubcorr,Public-sector corruption index,"0-1, higher means more corruption",MMR,1789,0.912
"V-Dem vdemdata R package, vdem.RData",v2x_pubcorr,Public-sector corruption index,"0-1, higher means more corruption",MMR,1790,0.912
"V-Dem vdemdata R package, vdem.RData",v2x_pubcorr,Public-sector corruption index,"0-1, higher means more corruption",MMR,1791,0.912
"V-Dem vdemdata R package, vdem.RData",v2x_pubcorr,Public-sector corruption index,"0-1, higher means more corruption",MMR,1792,0.912
"V-Dem vdemdata R package, vdem.RData",v2x_pubcorr,Public-sector corruption index,"0-1, higher means more corruption",MMR,1793,0.912
"V-Dem vdemdata R package, vdem.RData",v2x_pubcorr,Public-sector corruption index,"0-1, higher means more corruption",MMR,1794,0.912
"V-Dem vdemdata R package, vdem.RData",v2x_pubcorr,Public-sector corruption index,"0-1, higher means more corruption",MMR,1795,0.912
"V-Dem vdemdata R package, vdem.RData",v2x_pubcorr,Public-sector corruption index,"0-1, higher means more corruption",MMR,1796,0.912
"V-Dem vdemdata R package, vdem.RData",v2x_pubcorr,Public-sector corruption index,"0-1, higher means more corruption",MMR,1797,0.912
"V-Dem vdemdata R package, vdem.RData",v2x_pubcorr,Public-sector corruption index,"0-1, higher means more corruption",MMR,1798,0.912
"V-Dem vdemdata R package, vdem.RData",v2x_pubcorr,Public-sector corruption index,"0-1, higher means more corruption",MMR,1799,0.912
"V-Dem vdemdata R package, vdem.RData",v2x_pubcorr,Public-sector corruption index,"0-1, higher means more corruption",MMR,1800,0.912
"V-Dem vdemdata R package, vdem.RData",v2x_pubcorr,Public-sector corruption index,"0-1, higher means more corruption",MMR,1801,0.912
"V-Dem vdemdata R package, vdem.RData",v2x_pubcorr,Public-sector corruption index,"0-1, higher means more corruption",MMR,1802,0.912
"V-Dem vdemdata R package, vdem.RData",v2x_pubcorr,Public-sector corruption index,"0-1, higher means more corruption",MMR,1803,0.912
"V-Dem vdemdata R package, vdem.RData",v2x_pubcorr,Public-sector corruption index,"0-1, higher means more corruption",MMR,1804,0.912
"V-Dem vdemdata R package, vdem.RData",v2x_pubcorr,Public-sector corruption index,"0-1, higher means more corruption",MMR,1805,0.912
"V-Dem vdemdata R package, vdem.RData",v2x_pubcorr,Public-sector corruption index,"0-1, higher means more corruption",MMR,1806,0.912
"V-Dem vdemdata R package, vdem.RData",v2x_pubcorr,Public-sector corruption index,"0-1, higher means more corruption",MMR,1807,0.912
"V-Dem vdemdata R package, vdem.RData",v2x_pubcorr,Public-sector corruption index,"0-1, higher means more corruption",MMR,1808,0.912
"V-Dem vdemdata R package, vdem.RData",v2x_pubcorr,Public-sector corruption index,"0-1, higher means more corruption",MMR,1809,0.912
"V-Dem vdemdata R package, vdem.RData",v2x_pubcorr,Public-sector corruption index,"0-1, higher means more corruption",MMR,1810,0.912
"V-Dem vdemdata R package, vdem.RData",v2x_pubcorr,Public-sector corruption index,"0-1, higher means more corruption",MMR,1811,0.912
"V-Dem vdemdata R package, vdem.RData",v2x_pubcorr,Public-sector corruption index,"0-1, higher means more corruption",MMR,1812,0.912
"V-Dem vdemdata R package, vdem.RData",v2x_pubcorr,Public-sector corruption index,"0-1, higher means more corruption",MMR,1813,0.912
"V-Dem vdemdata R package, vdem.RData",v2x_pubcorr,Public-sector corruption index,"0-1, higher means more corruption",MMR,1814,0.912
"V-Dem vdemdata R package, vdem.RData",v2x_pubcorr,Public-sector corruption index,"0-1, higher means more corruption",MMR,1815,0.912
"V-Dem vdemdata R package, vdem.RData",v2x_pubcorr,Public-sector corruption index,"0-1, higher means more corruption",MMR,1816,0.912
"V-Dem vdemdata R package, vdem.RData",v2x_pubcorr,Public-sector corruption index,"0-1, higher means more corruption",MMR,1817,0.912
"V-Dem vdemdata R package, vdem.RData",v2x_pubcorr,Public-sector corruption index,"0-1, higher means more corruption",MMR,1818,0.912
"V-Dem vdemdata R package, vdem.RData",v2x_pubcorr,Public-sector corruption index,"0-1, higher means more corruption",MMR,1819,0.912
"V-Dem vdemdata R package, vdem.RData",v2x_pubcorr,Public-sector corruption index,"0-1, higher means more corruption",MMR,1820,0.912
"V-Dem vdemdata R package, vdem.RData",v2x_pubcorr,Public-sector corruption index,"0-1, higher means more corruption",MMR,1821,0.912
"V-Dem vdemdata R package, vdem.RData",v2x_pubcorr,Public-sector corruption index,"0-1, higher means more corruption",MMR,1822,0.912
"V-Dem vdemdata R package, vdem.RData",v2x_pubcorr,Public-sector corruption index,"0-1, higher means more corruption",MMR,1823,0.912
"V-Dem vdemdata R package, vdem.RData",v2x_pubcorr,Public-sector corruption index,"0-1, higher means more corruption",MMR,1824,0.912
"V-Dem vdemdata R package, vdem.RData",v2x_pubcorr,Public-sector corruption index,"0-1, higher means more corruption",MMR,1825,0.912
"V-Dem vdemdata R package, vdem.RData",v2x_pubcorr,Public-sector corruption index,"0-1, higher means more corruption",MMR,1826,0.912
"V-Dem vdemdata R package, vdem.RData",v2x_pubcorr,Public-sector corruption index,"0-1, higher means more corruption",MMR,1827,0.912
"V-Dem vdemdata R package, vdem.RData",v2x_pubcorr,Public-sector corruption index,"0-1, higher means more corruption",MMR,1828,0.912
"V-Dem vdemdata R package, vdem.RData",v2x_pubcorr,Public-sector corruption index,"0-1, higher means more corruption",MMR,1829,0.912
"V-Dem vdemdata R package, vdem.RData",v2x_pubcorr,Public-sector corruption index,"0-1, higher means more corruption",MMR,1830,0.912
"V-Dem vdemdata R package, vdem.RData",v2x_pubcorr,Public-sector corruption index,"0-1, higher means more corruption",MMR,1831,0.912
"V-Dem vdemdata R package, vdem.RData",v2x_pubcorr,Public-sector corruption index,"0-1, higher means more corruption",MMR,1832,0.912
"V-Dem vdemdata R package, vdem.RData",v2x_pubcorr,Public-sector corruption index,"0-1, higher means more corruption",MMR,1833,0.912
"V-Dem vdemdata R package, vdem.RData",v2x_pubcorr,Public-sector corruption index,"0-1, higher means more corruption",MMR,1834,0.912
"V-Dem vdemdata R package, vdem.RData",v2x_pubcorr,Public-sector corruption index,"0-1, higher means more corruption",MMR,1835,0.912
"V-Dem vdemdata R package, vdem.RData",v2x_pubcorr,Public-sector corruption index,"0-1, higher means more corruption",MMR,1836,0.912
"V-Dem vdemdata R package, vdem.RData",v2x_pubcorr,Public-sector corruption index,"0-1, higher means more corruption",MMR,1837,0.912
"V-Dem vdemdata R package, vdem.RData",v2x_pubcorr,Public-sector corruption index,"0-1, higher means more corruption",MMR,1838,0.912
"V-Dem vdemdata R package, vdem.RData",v2x_pubcorr,Public-sector corruption index,"0-1, higher means more corruption",MMR,1839,0.912
"V-Dem vdemdata R package, vdem.RData",v2x_pubcorr,Public-sector corruption index,"0-1, higher means more corruption",MMR,1840,0.912
"V-Dem vdemdata R package, vdem.RData",v2x_pubcorr,Public-sector corruption index,"0-1, higher means more corruption",MMR,1841,0.912
"V-Dem vdemdata R package, vdem.RData",v2x_pubcorr,Public-sector corruption index,"0-1, higher means more corruption",MMR,1842,0.912
"V-Dem vdemdata R package, vdem.RData",v2x_pubcorr,Public-sector corruption index,"0-1, higher means more corruption",MMR,1843,0.912
"V-Dem vdemdata R package, vdem.RData",v2x_pubcorr,Public-sector corruption index,"0-1, higher means more corruption",MMR,1844,0.912
"V-Dem vdemdata R package, vdem.RData",v2x_pubcorr,Public-sector corruption index,"0-1, higher means more corruption",MMR,1845,0.912
"V-Dem vdemdata R package, vdem.RData",v2x_pubcorr,Public-sector corruption index,"0-1, higher means more corruption",MMR,1846,0.912
"V-Dem vdemdata R package, vdem.RData",v2x_pubcorr,Public-sector corruption index,"0-1, higher means more corruption",MMR,1847,0.912
"V-Dem vdemdata R package, vdem.RData",v2x_pubcorr,Public-sector corruption index,"0-1, higher means more corruption",MMR,1848,0.912
"V-Dem vdemdata R package, vdem.RData",v2x_pubcorr,Public-sector corruption index,"0-1, higher means more corruption",MMR,1849,0.912
"V-Dem vdemdata R package, vdem.RData",v2x_pubcorr,Public-sector corruption index,"0-1, higher means more corruption",MMR,1850,0.912
"V-Dem vdemdata R package, vdem.RData",v2x_pubcorr,Public-sector corruption index,"0-1, higher means more corruption",MMR,1851,0.912
"V-Dem vdemdata R package, vdem.RData",v2x_pubcorr,Public-sector corruption index,"0-1, higher means more corruption",MMR,1852,0.912
"V-Dem vdemdata R package, vdem.RData",v2x_pubcorr,Public-sector corruption index,"0-1, higher means more corruption",MMR,1853,0.912
"V-Dem vdemdata R package, vdem.RData",v2x_pubcorr,Public-sector corruption index,"0-1, higher means more corruption",MMR,1854,0.912
"V-Dem vdemdata R package, vdem.RData",v2x_pubcorr,Public-sector corruption index,"0-1, higher means more corruption",MMR,1855,0.912
"V-Dem vdemdata R package, vdem.RData",v2x_pubcorr,Public-sector corruption index,"0-1, higher means more corruption",MMR,1856,0.912
"V-Dem vdemdata R package, vdem.RData",v2x_pubcorr,Public-sector corruption index,"0-1, higher means more corruption",MMR,1857,0.912
"V-Dem vdemdata R package, vdem.RData",v2x_pubcorr,Public-sector corruption index,"0-1, higher means more corruption",MMR,1858,0.912
"V-Dem vdemdata R package, vdem.RData",v2x_pubcorr,Public-sector corruption index,"0-1, higher means more corruption",MMR,1859,0.912
"V-Dem vdemdata R package, vdem.RData",v2x_pubcorr,Public-sector corruption index,"0-1, higher means more corruption",MMR,1860,0.912
"V-Dem vdemdata R package, vdem.RData",v2x_pubcorr,Public-sector corruption index,"0-1, higher means more corruption",MMR,1861,0.912
"V-Dem vdemdata R package, vdem.RData",v2x_pubcorr,Public-sector corruption index,"0-1, higher means more corruption",MMR,1862,0.912
"V-Dem vdemdata R package, vdem.RData",v2x_pubcorr,Public-sector corruption index,"0-1, higher means more corruption",MMR,1863,0.912
"V-Dem vdemdata R package, vdem.RData",v2x_pubcorr,Public-sector corruption index,"0-1, higher means more corruption",MMR,1864,0.912
"V-Dem vdemdata R package, vdem.RData",v2x_pubcorr,Public-sector corruption index,"0-1, higher means more corruption",MMR,1865,0.912
"V-Dem vdemdata R package, vdem.RData",v2x_pubcorr,Public-sector corruption index,"0-1, higher means more corruption",MMR,1866,0.694
"V-Dem vdemdata R package, vdem.RData",v2x_pubcorr,Public-sector corruption index,"0-1, higher means more corruption",MMR,1867,0.694
"V-Dem vdemdata R package, vdem.RData",v2x_pubcorr,Public-sector corruption index,"0-1, higher means more corruption",MMR,1868,0.694
"V-Dem vdemdata R package, vdem.RData",v2x_pubcorr,Public-sector corruption index,"0-1, higher means more corruption",MMR,1869,0.694
"V-Dem vdemdata R package, vdem.RData",v2x_pubcorr,Public-sector corruption index,"0-1, higher means more corruption",MMR,1870,0.694
"V-Dem vdemdata R package, vdem.RData",v2x_pubcorr,Public-sector corruption index,"0-1, higher means more corruption",MMR,1871,0.694
"V-Dem vdemdata R package, vdem.RData",v2x_pubcorr,Public-sector corruption index,"0-1, higher means more corruption",MMR,1872,0.694
"V-Dem vdemdata R package, vdem.RData",v2x_pubcorr,Public-sector corruption index,"0-1, higher means more corruption",MMR,1873,0.694
"V-Dem vdemdata R package, vdem.RData",v2x_pubcorr,Public-sector corruption index,"0-1, higher means more corruption",MMR,1874,0.694
"V-Dem vdemdata R package, vdem.RData",v2x_pubcorr,Public-sector corruption index,"0-1, higher means more corruption",MMR,1875,0.694
"V-Dem vdemdata R package, vdem.RData",v2x_pubcorr,Public-sector corruption index,"0-1, higher means more corruption",MMR,1876,0.694
"V-Dem vdemdata R package, vdem.RData",v2x_pubcorr,Public-sector corruption index,"0-1, higher means more corruption",MMR,1877,0.694
"V-Dem vdemdata R package, vdem.RData",v2x_pubcorr,Public-sector corruption index,"0-1, higher means more corruption",MMR,1878,0.694
"V-Dem vdemdata R package, vdem.RData",v2x_pubcorr,Public-sector corruption index,"0-1, higher means more corruption",MMR,1879,0.694
"V-Dem vdemdata R package, vdem.RData",v2x_pubcorr,Public-sector corruption index,"0-1, higher means more corruption",MMR,1880,0.694
"V-Dem vdemdata R package, vdem.RData",v2x_pubcorr,Public-sector corruption index,"0-1, higher means more corruption",MMR,1881,0.694
"V-Dem vdemdata R package, vdem.RData",v2x_pubcorr,Public-sector corruption index,"0-1, higher means more corruption",MMR,1882,0.694
"V-Dem vdemdata R package, vdem.RData",v2x_pubcorr,Public-sector corruption index,"0-1, higher means more corruption",MMR,1883,0.694
"V-Dem vdemdata R package, vdem.RData",v2x_pubcorr,Public-sector corruption index,"0-1, higher means more corruption",MMR,1884,0.694
"V-Dem vdemdata R package, vdem.RData",v2x_pubcorr,Public-sector corruption index,"0-1, higher means more corruption",MMR,1885,0.694
"V-Dem vdemdata R package, vdem.RData",v2x_pubcorr,Public-sector corruption index,"0-1, higher means more corruption",MMR,1886,0.325
"V-Dem vdemdata R package, vdem.RData",v2x_pubcorr,Public-sector corruption index,"0-1, higher means more corruption",MMR,1887,0.325
"V-Dem vdemdata R package, vdem.RData",v2x_pubcorr,Public-sector corruption index,"0-1, higher means more corruption",MMR,1888,0.325
"V-Dem vdemdata R package, vdem.RData",v2x_pubcorr,Public-sector corruption index,"0-1, higher means more corruption",MMR,1889,0.325
"V-Dem vdemdata R package, vdem.RData",v2x_pubcorr,Public-sector corruption index,"0-1, higher means more corruption",MMR,1890,0.325
"V-Dem vdemdata R package, vdem.RData",v2x_pubcorr,Public-sector corruption index,"0-1, higher means more corruption",MMR,1891,0.325
"V-Dem vdemdata R package, vdem.RData",v2x_pubcorr,Public-sector corruption index,"0-1, higher means more corruption",MMR,1892,0.325
"V-Dem vdemdata R package, vdem.RData",v2x_pubcorr,Public-sector corruption index,"0-1, higher means more corruption",MMR,1893,0.325
"V-Dem vdemdata R package, vdem.RData",v2x_pubcorr,Public-sector corruption index,"0-1, higher means more corruption",MMR,1894,0.325
"V-Dem vdemdata R package, vdem.RData",v2x_pubcorr,Public-sector corruption index,"0-1, higher means more corruption",MMR,1895,0.325
"V-Dem vdemdata R package, vdem.RData",v2x_pubcorr,Public-sector corruption index,"0-1, higher means more corruption",MMR,1896,0.325
"V-Dem vdemdata R package, vdem.RData",v2x_pubcorr,Public-sector corruption index,"0-1, higher means more corruption",MMR,1897,0.325
"V-Dem vdemdata R package, vdem.RData",v2x_pubcorr,Public-sector corruption index,"0-1, higher means more corruption",MMR,1898,0.325
"V-Dem vdemdata R package, vdem.RData",v2x_pubcorr,Public-sector corruption index,"0-1, higher means more corruption",MMR,1899,0.325
"V-Dem vdemdata R package, vdem.RData",v2x_pubcorr,Public-sector corruption index,"0-1, higher means more corruption",MMR,1900,0.325
"V-Dem vdemdata R package, vdem.RData",v2x_pubcorr,Public-sector corruption index,"0-1, higher means more corruption",MMR,1901,0.325
"V-Dem vdemdata R package, vdem.RData",v2x_pubcorr,Public-sector corruption index,"0-1, higher means more corruption",MMR,1902,0.325
"V-Dem vdemdata R package, vdem.RData",v2x_pubcorr,Public-sector corruption index,"0-1, higher means more corruption",MMR,1903,0.325
"V-Dem vdemdata R package, vdem.RData",v2x_pubcorr,Public-sector corruption index,"0-1, higher means more corruption",MMR,1904,0.325
"V-Dem vdemdata R package, vdem.RData",v2x_pubcorr,Public-sector corruption index,"0-1, higher means more corruption",MMR,1905,0.325
"V-Dem vdemdata R package, vdem.RData",v2x_pubcorr,Public-sector corruption index,"0-1, higher means more corruption",MMR,1906,0.325
"V-Dem vdemdata R package, vdem.RData",v2x_pubcorr,Public-sector corruption index,"0-1, higher means more corruption",MMR,1907,0.325
"V-Dem vdemdata R package, vdem.RData",v2x_pubcorr,Public-sector corruption index,"0-1, higher means more corruption",MMR,1908,0.325
"V-Dem vdemdata R package, vdem.RData",v2x_pubcorr,Public-sector corruption index,"0-1, higher means more corruption",MMR,1909,0.325
"V-Dem vdemdata R package, vdem.RData",v2x_pubcorr,Public-sector corruption index,"0-1, higher means more corruption",MMR,1910,0.325
"V-Dem vdemdata R package, vdem.RData",v2x_pubcorr,Public-sector corruption index,"0-1, higher means more corruption",MMR,1911,0.325
"V-Dem vdemdata R package, vdem.RData",v2x_pubcorr,Public-sector corruption index,"0-1, higher means more corruption",MMR,1912,0.325
"V-Dem vdemdata R package, vdem.RData",v2x_pubcorr,Public-sector corruption index,"0-1, higher means more corruption",MMR,1913,0.325
"V-Dem vdemdata R package, vdem.RData",v2x_pubcorr,Public-sector corruption index,"0-1, higher means more corruption",MMR,1914,0.325
"V-Dem vdemdata R package, vdem.RData",v2x_pubcorr,Public-sector corruption index,"0-1, higher means more corruption",MMR,1915,0.325
"V-Dem vdemdata R package, vdem.RData",v2x_pubcorr,Public-sector corruption index,"0-1, higher means more corruption",MMR,1916,0.325
"V-Dem vdemdata R package, vdem.RData",v2x_pubcorr,Public-sector corruption index,"0-1, higher means more corruption",MMR,1917,0.325
"V-Dem vdemdata R package, vdem.RData",v2x_pubcorr,Public-sector corruption index,"0-1, higher means more corruption",MMR,1918,0.325
"V-Dem vdemdata R package, vdem.RData",v2x_pubcorr,Public-sector corruption index,"0-1, higher means more corruption",MMR,1919,0.325
"V-Dem vdemdata R package, vdem.RData",v2x_pubcorr,Public-sector corruption index,"0-1, higher means more corruption",MMR,1920,0.325
"V-Dem vdemdata R package, vdem.RData",v2x_pubcorr,Public-sector corruption index,"0-1, higher means more corruption",MMR,1921,0.325
"V-Dem vdemdata R package, vdem.RData",v2x_pubcorr,Public-sector corruption index,"0-1, higher means more corruption",MMR,1922,0.325
"V-Dem vdemdata R package, vdem.RData",v2x_pubcorr,Public-sector corruption index,"0-1, higher means more corruption",MMR,1923,0.325
"V-Dem vdemdata R package, vdem.RData",v2x_pubcorr,Public-sector corruption index,"0-1, higher means more corruption",MMR,1924,0.325
"V-Dem vdemdata R package, vdem.RData",v2x_pubcorr,Public-sector corruption index,"0-1, higher means more corruption",MMR,1925,0.325
"V-Dem vdemdata R package, vdem.RData",v2x_pubcorr,Public-sector corruption index,"0-1, higher means more corruption",MMR,1926,0.325
"V-Dem vdemdata R package, vdem.RData",v2x_pubcorr,Public-sector corruption index,"0-1, higher means more corruption",MMR,1927,0.325
"V-Dem vdemdata R package, vdem.RData",v2x_pubcorr,Public-sector corruption index,"0-1, higher means more corruption",MMR,1928,0.325
"V-Dem vdemdata R package, vdem.RData",v2x_pubcorr,Public-sector corruption index,"0-1, higher means more corruption",MMR,1929,0.325
"V-Dem vdemdata R package, vdem.RData",v2x_pubcorr,Public-sector corruption index,"0-1, higher means more corruption",MMR,1930,0.325
"V-Dem vdemdata R package, vdem.RData",v2x_pubcorr,Public-sector corruption index,"0-1, higher means more corruption",MMR,1931,0.325
"V-Dem vdemdata R package, vdem.RData",v2x_pubcorr,Public-sector corruption index,"0-1, higher means more corruption",MMR,1932,0.325
"V-Dem vdemdata R package, vdem.RData",v2x_pubcorr,Public-sector corruption index,"0-1, higher means more corruption",MMR,1933,0.325
"V-Dem vdemdata R package, vdem.RData",v2x_pubcorr,Public-sector corruption index,"0-1, higher means more corruption",MMR,1934,0.325
"V-Dem vdemdata R package, vdem.RData",v2x_pubcorr,Public-sector corruption index,"0-1, higher means more corruption",MMR,1935,0.325
"V-Dem vdemdata R package, vdem.RData",v2x_pubcorr,Public-sector corruption index,"0-1, higher means more corruption",MMR,1936,0.325
"V-Dem vdemdata R package, vdem.RData",v2x_pubcorr,Public-sector corruption index,"0-1, higher means more corruption",MMR,1937,0.325
"V-Dem vdemdata R package, vdem.RData",v2x_pubcorr,Public-sector corruption index,"0-1, higher means more corruption",MMR,1938,0.325
"V-Dem vdemdata R package, vdem.RData",v2x_pubcorr,Public-sector corruption index,"0-1, higher means more corruption",MMR,1939,0.325
"V-Dem vdemdata R package, vdem.RData",v2x_pubcorr,Public-sector corruption index,"0-1, higher means more corruption",MMR,1940,0.325
"V-Dem vdemdata R package, vdem.RData",v2x_pubcorr,Public-sector corruption index,"0-1, higher means more corruption",MMR,1941,0.325
"V-Dem vdemdata R package, vdem.RData",v2x_pubcorr,Public-sector corruption index,"0-1, higher means more corruption",MMR,1942,0.325
"V-Dem vdemdata R package, vdem.RData",v2x_pubcorr,Public-sector corruption index,"0-1, higher means more corruption",MMR,1943,0.325
"V-Dem vdemdata R package, vdem.RData",v2x_pubcorr,Public-sector corruption index,"0-1, higher means more corruption",MMR,1944,0.325
"V-Dem vdemdata R package, vdem.RData",v2x_pubcorr,Public-sector corruption index,"0-1, higher means more corruption",MMR,1945,0.325
"V-Dem vdemdata R package, vdem.RData",v2x_pubcorr,Public-sector corruption index,"0-1, higher means more corruption",MMR,1946,0.325
"V-Dem vdemdata R package, vdem.RData",v2x_pubcorr,Public-sector corruption index,"0-1, higher means more corruption",MMR,1947,0.315
"V-Dem vdemdata R package, vdem.RData",v2x_pubcorr,Public-sector corruption index,"0-1, higher means more corruption",MMR,1948,0.376
"V-Dem vdemdata R package, vdem.RData",v2x_pubcorr,Public-sector corruption index,"0-1, higher means more corruption",MMR,1949,0.376
"V-Dem vdemdata R package, vdem.RData",v2x_pubcorr,Public-sector corruption index,"0-1, higher means more corruption",MMR,1950,0.376
"V-Dem vdemdata R package, vdem.RData",v2x_pubcorr,Public-sector corruption index,"0-1, higher means more corruption",MMR,1951,0.376
"V-Dem vdemdata R package, vdem.RData",v2x_pubcorr,Public-sector corruption index,"0-1, higher means more corruption",MMR,1952,0.376
"V-Dem vdemdata R package, vdem.RData",v2x_pubcorr,Public-sector corruption index,"0-1, higher means more corruption",MMR,1953,0.376
"V-Dem vdemdata R package, vdem.RData",v2x_pubcorr,Public-sector corruption index,"0-1, higher means more corruption",MMR,1954,0.376
"V-Dem vdemdata R package, vdem.RData",v2x_pubcorr,Public-sector corruption index,"0-1, higher means more corruption",MMR,1955,0.376
"V-Dem vdemdata R package, vdem.RData",v2x_pubcorr,Public-sector corruption index,"0-1, higher means more corruption",MMR,1956,0.376
"V-Dem vdemdata R package, vdem.RData",v2x_pubcorr,Public-sector corruption index,"0-1, higher means more corruption",MMR,1957,0.376
"V-Dem vdemdata R package, vdem.RData",v2x_pubcorr,Public-sector corruption index,"0-1, higher means more corruption",MMR,1958,0.376
"V-Dem vdemdata R package, vdem.RData",v2x_pubcorr,Public-sector corruption index,"0-1, higher means more corruption",MMR,1959,0.376
"V-Dem vdemdata R package, vdem.RData",v2x_pubcorr,Public-sector corruption index,"0-1, higher means more corruption",MMR,1960,0.376
"V-Dem vdemdata R package, vdem.RData",v2x_pubcorr,Public-sector corruption index,"0-1, higher means more corruption",MMR,1961,0.376
"V-Dem vdemdata R package, vdem.RData",v2x_pubcorr,Public-sector corruption index,"0-1, higher means more corruption",MMR,1962,0.531
"V-Dem vdemdata R package, vdem.RData",v2x_pubcorr,Public-sector corruption index,"0-1, higher means more corruption",MMR,1963,0.75
"V-Dem vdemdata R package, vdem.RData",v2x_pubcorr,Public-sector corruption index,"0-1, higher means more corruption",MMR,1964,0.75
"V-Dem vdemdata R package, vdem.RData",v2x_pubcorr,Public-sector corruption index,"0-1, higher means more corruption",MMR,1965,0.75
"V-Dem vdemdata R package, vdem.RData",v2x_pubcorr,Public-sector corruption index,"0-1, higher means more corruption",MMR,1966,0.75
"V-Dem vdemdata R package, vdem.RData",v2x_pubcorr,Public-sector corruption index,"0-1, higher means more corruption",MMR,1967,0.75
"V-Dem vdemdata R package, vdem.RData",v2x_pubcorr,Public-sector corruption index,"0-1, higher means more corruption",MMR,1968,0.75
"V-Dem vdemdata R package, vdem.RData",v2x_pubcorr,Public-sector corruption index,"0-1, higher means more corruption",MMR,1969,0.75
"V-Dem vdemdata R package, vdem.RData",v2x_pubcorr,Public-sector corruption index,"0-1, higher means more corruption",MMR,1970,0.75
"V-Dem vdemdata R package, vdem.RData",v2x_pubcorr,Public-sector corruption index,"0-1, higher means more corruption",MMR,1971,0.75
"V-Dem vdemdata R package, vdem.RData",v2x_pubcorr,Public-sector corruption index,"0-1, higher means more corruption",MMR,1972,0.75
"V-Dem vdemdata R package, vdem.RData",v2x_pubcorr,Public-sector corruption index,"0-1, higher means more corruption",MMR,1973,0.75
"V-Dem vdemdata R package, vdem.RData",v2x_pubcorr,Public-sector corruption index,"0-1, higher means more corruption",MMR,1974,0.75
"V-Dem vdemdata R package, vdem.RData",v2x_pubcorr,Public-sector corruption index,"0-1, higher means more corruption",MMR,1975,0.75
"V-Dem vdemdata R package, vdem.RData",v2x_pubcorr,Public-sector corruption index,"0-1, higher means more corruption",MMR,1976,0.75
"V-Dem vdemdata R package, vdem.RData",v2x_pubcorr,Public-sector corruption index,"0-1, higher means more corruption",MMR,1977,0.75
"V-Dem vdemdata R package, vdem.RData",v2x_pubcorr,Public-sector corruption index,"0-1, higher means more corruption",MMR,1978,0.75
"V-Dem vdemdata R package, vdem.RData",v2x_pubcorr,Public-sector corruption index,"0-1, higher means more corruption",MMR,1979,0.75
"V-Dem vdemdata R package, vdem.RData",v2x_pubcorr,Public-sector corruption index,"0-1, higher means more corruption",MMR,1980,0.75
"V-Dem vdemdata R package, vdem.RData",v2x_pubcorr,Public-sector corruption index,"0-1, higher means more corruption",MMR,1981,0.75
"V-Dem vdemdata R package, vdem.RData",v2x_pubcorr,Public-sector corruption index,"0-1, higher means more corruption",MMR,1982,0.75
"V-Dem vdemdata R package, vdem.RData",v2x_pubcorr,Public-sector corruption index,"0-1, higher means more corruption",MMR,1983,0.75
"V-Dem vdemdata R package, vdem.RData",v2x_pubcorr,Public-sector corruption index,"0-1, higher means more corruption",MMR,1984,0.75
"V-Dem vdemdata R package, vdem.RData",v2x_pubcorr,Public-sector corruption index,"0-1, higher means more corruption",MMR,1985,0.75
"V-Dem vdemdata R package, vdem.RData",v2x_pubcorr,Public-sector corruption index,"0-1, higher means more corruption",MMR,1986,0.75
"V-Dem vdemdata R package, vdem.RData",v2x_pubcorr,Public-sector corruption index,"0-1, higher means more corruption",MMR,1987,0.75
"V-Dem vdemdata R package, vdem.RData",v2x_pubcorr,Public-sector corruption index,"0-1, higher means more corruption",MMR,1988,0.782
"V-Dem vdemdata R package, vdem.RData",v2x_pubcorr,Public-sector corruption index,"0-1, higher means more corruption",MMR,1989,0.782
"V-Dem vdemdata R package, vdem.RData",v2x_pubcorr,Public-sector corruption index,"0-1, higher means more corruption",MMR,1990,0.782
"V-Dem vdemdata R package, vdem.RData",v2x_pubcorr,Public-sector corruption index,"0-1, higher means more corruption",MMR,1991,0.782
"V-Dem vdemdata R package, vdem.RData",v2x_pubcorr,Public-sector corruption index,"0-1, higher means more corruption",MMR,1992,0.782
"V-Dem vdemdata R package, vdem.RData",v2x_pubcorr,Public-sector corruption index,"0-1, higher means more corruption",MMR,1993,0.782
"V-Dem vdemdata R package, vdem.RData",v2x_pubcorr,Public-sector corruption index,"0-1, higher means more corruption",MMR,1994,0.782
"V-Dem vdemdata R package, vdem.RData",v2x_pubcorr,Public-sector corruption index,"0-1, higher means more corruption",MMR,1995,0.782
"V-Dem vdemdata R package, vdem.RData",v2x_pubcorr,Public-sector corruption index,"0-1, higher means more corruption",MMR,1996,0.782
"V-Dem vdemdata R package, vdem.RData",v2x_pubcorr,Public-sector corruption index,"0-1, higher means more corruption",MMR,1997,0.782
"V-Dem vdemdata R package, vdem.RData",v2x_pubcorr,Public-sector corruption index,"0-1, higher means more corruption",MMR,1998,0.782
"V-Dem vdemdata R package, vdem.RData",v2x_pubcorr,Public-sector corruption index,"0-1, higher means more corruption",MMR,1999,0.782
"V-Dem vdemdata R package, vdem.RData",v2x_pubcorr,Public-sector corruption index,"0-1, higher means more corruption",MMR,2000,0.782
"V-Dem vdemdata R package, vdem.RData",v2x_pubcorr,Public-sector corruption index,"0-1, higher means more corruption",MMR,2001,0.782
"V-Dem vdemdata R package, vdem.RData",v2x_pubcorr,Public-sector corruption index,"0-1, higher means more corruption",MMR,2002,0.782
"V-Dem vdemdata R package, vdem.RData",v2x_pubcorr,Public-sector corruption index,"0-1, higher means more corruption",MMR,2003,0.782
"V-Dem vdemdata R package, vdem.RData",v2x_pubcorr,Public-sector corruption index,"0-1, higher means more corruption",MMR,2004,0.782
"V-Dem vdemdata R package, vdem.RData",v2x_pubcorr,Public-sector corruption index,"0-1, higher means more corruption",MMR,2005,0.782
"V-Dem vdemdata R package, vdem.RData",v2x_pubcorr,Public-sector corruption index,"0-1, higher means more corruption",MMR,2006,0.782
"V-Dem vdemdata R package, vdem.RData",v2x_pubcorr,Public-sector corruption index,"0-1, higher means more corruption",MMR,2007,0.782
"V-Dem vdemdata R package, vdem.RData",v2x_pubcorr,Public-sector corruption index,"0-1, higher means more corruption",MMR,2008,0.782
"V-Dem vdemdata R package, vdem.RData",v2x_pubcorr,Public-sector corruption index,"0-1, higher means more corruption",MMR,2009,0.782
"V-Dem vdemdata R package, vdem.RData",v2x_pubcorr,Public-sector corruption index,"0-1, higher means more corruption",MMR,2010,0.747
"V-Dem vdemdata R package, vdem.RData",v2x_pubcorr,Public-sector corruption index,"0-1, higher means more corruption",MMR,2011,0.701
"V-Dem vdemdata R package, vdem.RData",v2x_pubcorr,Public-sector corruption index,"0-1, higher means more corruption",MMR,2012,0.701
"V-Dem vdemdata R package, vdem.RData",v2x_pubcorr,Public-sector corruption index,"0-1, higher means more corruption",MMR,2013,0.585
"V-Dem vdemdata R package, vdem.RData",v2x_pubcorr,Public-sector corruption index,"0-1, higher means more corruption",MMR,2014,0.585
"V-Dem vdemdata R package, vdem.RData",v2x_pubcorr,Public-sector corruption index,"0-1, higher means more corruption",MMR,2015,0.517
"V-Dem vdemdata R package, vdem.RData",v2x_pubcorr,Public-sector corruption index,"0-1, higher means more corruption",MMR,2016,0.45
"V-Dem vdemdata R package, vdem.RData",v2x_pubcorr,Public-sector corruption index,"0-1, higher means more corruption",MMR,2017,0.411
"V-Dem vdemdata R package, vdem.RData",v2x_pubcorr,Public-sector corruption index,"0-1, higher means more corruption",MMR,2018,0.323
"V-Dem vdemdata R package, vdem.RData",v2x_pubcorr,Public-sector corruption index,"0-1, higher means more corruption",MMR,2019,0.313
"V-Dem vdemdata R package, vdem.RData",v2x_pubcorr,Public-sector corruption index,"0-1, higher means more corruption",MMR,2020,0.313
"V-Dem vdemdata R package, vdem.RData",v2x_pubcorr,Public-sector corruption index,"0-1, higher means more corruption",MMR,2021,0.767
"V-Dem vdemdata R package, vdem.RData",v2x_pubcorr,Public-sector corruption index,"0-1, higher means more corruption",MMR,2022,0.781
"V-Dem vdemdata R package, vdem.RData",v2x_pubcorr,Public-sector corruption index,"0-1, higher means more corruption",MMR,2023,0.806
"V-Dem vdemdata R package, vdem.RData",v2x_pubcorr,Public-sector corruption index,"0-1, higher means more corruption",MMR,2024,0.839
"V-Dem vdemdata R package, vdem.RData",v2x_pubcorr,Public-sector corruption index,"0-1, higher means more corruption",MMR,2025,0.839
"V-Dem vdemdata R package, vdem.RData",v2x_regime,Regime of the World classification,"0 closed autocracy, 1 electoral autocracy, 2 electoral democracy, 3 liberal democracy",MMR,1900,0.0
"V-Dem vdemdata R package, vdem.RData",v2x_regime,Regime of the World classification,"0 closed autocracy, 1 electoral autocracy, 2 electoral democracy, 3 liberal democracy",MMR,1901,0.0
"V-Dem vdemdata R package, vdem.RData",v2x_regime,Regime of the World classification,"0 closed autocracy, 1 electoral autocracy, 2 electoral democracy, 3 liberal democracy",MMR,1902,0.0
"V-Dem vdemdata R package, vdem.RData",v2x_regime,Regime of the World classification,"0 closed autocracy, 1 electoral autocracy, 2 electoral democracy, 3 liberal democracy",MMR,1903,0.0
"V-Dem vdemdata R package, vdem.RData",v2x_regime,Regime of the World classification,"0 closed autocracy, 1 electoral autocracy, 2 electoral democracy, 3 liberal democracy",MMR,1904,0.0
"V-Dem vdemdata R package, vdem.RData",v2x_regime,Regime of the World classification,"0 closed autocracy, 1 electoral autocracy, 2 electoral democracy, 3 liberal democracy",MMR,1905,0.0
"V-Dem vdemdata R package, vdem.RData",v2x_regime,Regime of the World classification,"0 closed autocracy, 1 electoral autocracy, 2 electoral democracy, 3 liberal democracy",MMR,1906,0.0
"V-Dem vdemdata R package, vdem.RData",v2x_regime,Regime of the World classification,"0 closed autocracy, 1 electoral autocracy, 2 electoral democracy, 3 liberal democracy",MMR,1907,0.0
"V-Dem vdemdata R package, vdem.RData",v2x_regime,Regime of the World classification,"0 closed autocracy, 1 electoral autocracy, 2 electoral democracy, 3 liberal democracy",MMR,1908,0.0
"V-Dem vdemdata R package, vdem.RData",v2x_regime,Regime of the World classification,"0 closed autocracy, 1 electoral autocracy, 2 electoral democracy, 3 liberal democracy",MMR,1909,0.0
"V-Dem vdemdata R package, vdem.RData",v2x_regime,Regime of the World classification,"0 closed autocracy, 1 electoral autocracy, 2 electoral democracy, 3 liberal democracy",MMR,1910,0.0
"V-Dem vdemdata R package, vdem.RData",v2x_regime,Regime of the World classification,"0 closed autocracy, 1 electoral autocracy, 2 electoral democracy, 3 liberal democracy",MMR,1911,0.0
"V-Dem vdemdata R package, vdem.RData",v2x_regime,Regime of the World classification,"0 closed autocracy, 1 electoral autocracy, 2 electoral democracy, 3 liberal democracy",MMR,1912,0.0
"V-Dem vdemdata R package, vdem.RData",v2x_regime,Regime of the World classification,"0 closed autocracy, 1 electoral autocracy, 2 electoral democracy, 3 liberal democracy",MMR,1913,0.0
"V-Dem vdemdata R package, vdem.RData",v2x_regime,Regime of the World classification,"0 closed autocracy, 1 electoral autocracy, 2 electoral democracy, 3 liberal democracy",MMR,1914,0.0
"V-Dem vdemdata R package, vdem.RData",v2x_regime,Regime of the World classification,"0 closed autocracy, 1 electoral autocracy, 2 electoral democracy, 3 liberal democracy",MMR,1915,0.0
"V-Dem vdemdata R package, vdem.RData",v2x_regime,Regime of the World classification,"0 closed autocracy, 1 electoral autocracy, 2 electoral democracy, 3 liberal democracy",MMR,1916,0.0
"V-Dem vdemdata R package, vdem.RData",v2x_regime,Regime of the World classification,"0 closed autocracy, 1 electoral autocracy, 2 electoral democracy, 3 liberal democracy",MMR,1917,0.0
"V-Dem vdemdata R package, vdem.RData",v2x_regime,Regime of the World classification,"0 closed autocracy, 1 electoral autocracy, 2 electoral democracy, 3 liberal democracy",MMR,1918,0.0
"V-Dem vdemdata R package, vdem.RData",v2x_regime,Regime of the World classification,"0 closed autocracy, 1 electoral autocracy, 2 electoral democracy, 3 liberal democracy",MMR,1919,0.0
"V-Dem vdemdata R package, vdem.RData",v2x_regime,Regime of the World classification,"0 closed autocracy, 1 electoral autocracy, 2 electoral democracy, 3 liberal democracy",MMR,1920,0.0
"V-Dem vdemdata R package, vdem.RData",v2x_regime,Regime of the World classification,"0 closed autocracy, 1 electoral autocracy, 2 electoral democracy, 3 liberal democracy",MMR,1921,0.0
"V-Dem vdemdata R package, vdem.RData",v2x_regime,Regime of the World classification,"0 closed autocracy, 1 electoral autocracy, 2 electoral democracy, 3 liberal democracy",MMR,1922,0.0
"V-Dem vdemdata R package, vdem.RData",v2x_regime,Regime of the World classification,"0 closed autocracy, 1 electoral autocracy, 2 electoral democracy, 3 liberal democracy",MMR,1923,0.0
"V-Dem vdemdata R package, vdem.RData",v2x_regime,Regime of the World classification,"0 closed autocracy, 1 electoral autocracy, 2 electoral democracy, 3 liberal democracy",MMR,1924,0.0
"V-Dem vdemdata R package, vdem.RData",v2x_regime,Regime of the World classification,"0 closed autocracy, 1 electoral autocracy, 2 electoral democracy, 3 liberal democracy",MMR,1925,0.0
"V-Dem vdemdata R package, vdem.RData",v2x_regime,Regime of the World classification,"0 closed autocracy, 1 electoral autocracy, 2 electoral democracy, 3 liberal democracy",MMR,1926,0.0
"V-Dem vdemdata R package, vdem.RData",v2x_regime,Regime of the World classification,"0 closed autocracy, 1 electoral autocracy, 2 electoral democracy, 3 liberal democracy",MMR,1927,0.0
"V-Dem vdemdata R package, vdem.RData",v2x_regime,Regime of the World classification,"0 closed autocracy, 1 electoral autocracy, 2 electoral democracy, 3 liberal democracy",MMR,1928,0.0
"V-Dem vdemdata R package, vdem.RData",v2x_regime,Regime of the World classification,"0 closed autocracy, 1 electoral autocracy, 2 electoral democracy, 3 liberal democracy",MMR,1929,0.0
"V-Dem vdemdata R package, vdem.RData",v2x_regime,Regime of the World classification,"0 closed autocracy, 1 electoral autocracy, 2 electoral democracy, 3 liberal democracy",MMR,1930,0.0
"V-Dem vdemdata R package, vdem.RData",v2x_regime,Regime of the World classification,"0 closed autocracy, 1 electoral autocracy, 2 electoral democracy, 3 liberal democracy",MMR,1931,0.0
"V-Dem vdemdata R package, vdem.RData",v2x_regime,Regime of the World classification,"0 closed autocracy, 1 electoral autocracy, 2 electoral democracy, 3 liberal democracy",MMR,1932,0.0
"V-Dem vdemdata R package, vdem.RData",v2x_regime,Regime of the World classification,"0 closed autocracy, 1 electoral autocracy, 2 electoral democracy, 3 liberal democracy",MMR,1933,0.0
"V-Dem vdemdata R package, vdem.RData",v2x_regime,Regime of the World classification,"0 closed autocracy, 1 electoral autocracy, 2 electoral democracy, 3 liberal democracy",MMR,1934,0.0
"V-Dem vdemdata R package, vdem.RData",v2x_regime,Regime of the World classification,"0 closed autocracy, 1 electoral autocracy, 2 electoral democracy, 3 liberal democracy",MMR,1935,0.0
"V-Dem vdemdata R package, vdem.RData",v2x_regime,Regime of the World classification,"0 closed autocracy, 1 electoral autocracy, 2 electoral democracy, 3 liberal democracy",MMR,1936,0.0
"V-Dem vdemdata R package, vdem.RData",v2x_regime,Regime of the World classification,"0 closed autocracy, 1 electoral autocracy, 2 electoral democracy, 3 liberal democracy",MMR,1937,0.0
"V-Dem vdemdata R package, vdem.RData",v2x_regime,Regime of the World classification,"0 closed autocracy, 1 electoral autocracy, 2 electoral democracy, 3 liberal democracy",MMR,1938,0.0
"V-Dem vdemdata R package, vdem.RData",v2x_regime,Regime of the World classification,"0 closed autocracy, 1 electoral autocracy, 2 electoral democracy, 3 liberal democracy",MMR,1939,0.0
"V-Dem vdemdata R package, vdem.RData",v2x_regime,Regime of the World classification,"0 closed autocracy, 1 electoral autocracy, 2 electoral democracy, 3 liberal democracy",MMR,1940,0.0
"V-Dem vdemdata R package, vdem.RData",v2x_regime,Regime of the World classification,"0 closed autocracy, 1 electoral autocracy, 2 electoral democracy, 3 liberal democracy",MMR,1941,0.0
"V-Dem vdemdata R package, vdem.RData",v2x_regime,Regime of the World classification,"0 closed autocracy, 1 electoral autocracy, 2 electoral democracy, 3 liberal democracy",MMR,1942,0.0
"V-Dem vdemdata R package, vdem.RData",v2x_regime,Regime of the World classification,"0 closed autocracy, 1 electoral autocracy, 2 electoral democracy, 3 liberal democracy",MMR,1943,0.0
"V-Dem vdemdata R package, vdem.RData",v2x_regime,Regime of the World classification,"0 closed autocracy, 1 electoral autocracy, 2 electoral democracy, 3 liberal democracy",MMR,1944,0.0
"V-Dem vdemdata R package, vdem.RData",v2x_regime,Regime of the World classification,"0 closed autocracy, 1 electoral autocracy, 2 electoral democracy, 3 liberal democracy",MMR,1945,0.0
"V-Dem vdemdata R package, vdem.RData",v2x_regime,Regime of the World classification,"0 closed autocracy, 1 electoral autocracy, 2 electoral democracy, 3 liberal democracy",MMR,1946,0.0
"V-Dem vdemdata R package, vdem.RData",v2x_regime,Regime of the World classification,"0 closed autocracy, 1 electoral autocracy, 2 electoral democracy, 3 liberal democracy",MMR,1947,0.0
"V-Dem vdemdata R package, vdem.RData",v2x_regime,Regime of the World classification,"0 closed autocracy, 1 electoral autocracy, 2 electoral democracy, 3 liberal democracy",MMR,1948,0.0
"V-Dem vdemdata R package, vdem.RData",v2x_regime,Regime of the World classification,"0 closed autocracy, 1 electoral autocracy, 2 electoral democracy, 3 liberal democracy",MMR,1949,0.0
"V-Dem vdemdata R package, vdem.RData",v2x_regime,Regime of the World classification,"0 closed autocracy, 1 electoral autocracy, 2 electoral democracy, 3 liberal democracy",MMR,1950,0.0
"V-Dem vdemdata R package, vdem.RData",v2x_regime,Regime of the World classification,"0 closed autocracy, 1 electoral autocracy, 2 electoral democracy, 3 liberal democracy",MMR,1951,1.0
"V-Dem vdemdata R package, vdem.RData",v2x_regime,Regime of the World classification,"0 closed autocracy, 1 electoral autocracy, 2 electoral democracy, 3 liberal democracy",MMR,1952,1.0
"V-Dem vdemdata R package, vdem.RData",v2x_regime,Regime of the World classification,"0 closed autocracy, 1 electoral autocracy, 2 electoral democracy, 3 liberal democracy",MMR,1953,1.0
"V-Dem vdemdata R package, vdem.RData",v2x_regime,Regime of the World classification,"0 closed autocracy, 1 electoral autocracy, 2 electoral democracy, 3 liberal democracy",MMR,1954,1.0
"V-Dem vdemdata R package, vdem.RData",v2x_regime,Regime of the World classification,"0 closed autocracy, 1 electoral autocracy, 2 electoral democracy, 3 liberal democracy",MMR,1955,1.0
"V-Dem vdemdata R package, vdem.RData",v2x_regime,Regime of the World classification,"0 closed autocracy, 1 electoral autocracy, 2 electoral democracy, 3 liberal democracy",MMR,1956,1.0
"V-Dem vdemdata R package, vdem.RData",v2x_regime,Regime of the World classification,"0 closed autocracy, 1 electoral autocracy, 2 electoral democracy, 3 liberal democracy",MMR,1957,1.0
"V-Dem vdemdata R package, vdem.RData",v2x_regime,Regime of the World classification,"0 closed autocracy, 1 electoral autocracy, 2 electoral democracy, 3 liberal democracy",MMR,1958,1.0
"V-Dem vdemdata R package, vdem.RData",v2x_regime,Regime of the World classification,"0 closed autocracy, 1 electoral autocracy, 2 electoral democracy, 3 liberal democracy",MMR,1959,1.0
"V-Dem vdemdata R package, vdem.RData",v2x_regime,Regime of the World classification,"0 closed autocracy, 1 electoral autocracy, 2 electoral democracy, 3 liberal democracy",MMR,1960,1.0
"V-Dem vdemdata R package, vdem.RData",v2x_regime,Regime of the World classification,"0 closed autocracy, 1 electoral autocracy, 2 electoral democracy, 3 liberal democracy",MMR,1961,1.0
"V-Dem vdemdata R package, vdem.RData",v2x_regime,Regime of the World classification,"0 closed autocracy, 1 electoral autocracy, 2 electoral democracy, 3 liberal democracy",MMR,1962,0.0
"V-Dem vdemdata R package, vdem.RData",v2x_regime,Regime of the World classification,"0 closed autocracy, 1 electoral autocracy, 2 electoral democracy, 3 liberal democracy",MMR,1963,0.0
"V-Dem vdemdata R package, vdem.RData",v2x_regime,Regime of the World classification,"0 closed autocracy, 1 electoral autocracy, 2 electoral democracy, 3 liberal democracy",MMR,1964,0.0
"V-Dem vdemdata R package, vdem.RData",v2x_regime,Regime of the World classification,"0 closed autocracy, 1 electoral autocracy, 2 electoral democracy, 3 liberal democracy",MMR,1965,0.0
"V-Dem vdemdata R package, vdem.RData",v2x_regime,Regime of the World classification,"0 closed autocracy, 1 electoral autocracy, 2 electoral democracy, 3 liberal democracy",MMR,1966,0.0
"V-Dem vdemdata R package, vdem.RData",v2x_regime,Regime of the World classification,"0 closed autocracy, 1 electoral autocracy, 2 electoral democracy, 3 liberal democracy",MMR,1967,0.0
"V-Dem vdemdata R package, vdem.RData",v2x_regime,Regime of the World classification,"0 closed autocracy, 1 electoral autocracy, 2 electoral democracy, 3 liberal democracy",MMR,1968,0.0
"V-Dem vdemdata R package, vdem.RData",v2x_regime,Regime of the World classification,"0 closed autocracy, 1 electoral autocracy, 2 electoral democracy, 3 liberal democracy",MMR,1969,0.0
"V-Dem vdemdata R package, vdem.RData",v2x_regime,Regime of the World classification,"0 closed autocracy, 1 electoral autocracy, 2 electoral democracy, 3 liberal democracy",MMR,1970,0.0
"V-Dem vdemdata R package, vdem.RData",v2x_regime,Regime of the World classification,"0 closed autocracy, 1 electoral autocracy, 2 electoral democracy, 3 liberal democracy",MMR,1971,0.0
"V-Dem vdemdata R package, vdem.RData",v2x_regime,Regime of the World classification,"0 closed autocracy, 1 electoral autocracy, 2 electoral democracy, 3 liberal democracy",MMR,1972,0.0
"V-Dem vdemdata R package, vdem.RData",v2x_regime,Regime of the World classification,"0 closed autocracy, 1 electoral autocracy, 2 electoral democracy, 3 liberal democracy",MMR,1973,0.0
"V-Dem vdemdata R package, vdem.RData",v2x_regime,Regime of the World classification,"0 closed autocracy, 1 electoral autocracy, 2 electoral democracy, 3 liberal democracy",MMR,1974,0.0
"V-Dem vdemdata R package, vdem.RData",v2x_regime,Regime of the World classification,"0 closed autocracy, 1 electoral autocracy, 2 electoral democracy, 3 liberal democracy",MMR,1975,0.0
"V-Dem vdemdata R package, vdem.RData",v2x_regime,Regime of the World classification,"0 closed autocracy, 1 electoral autocracy, 2 electoral democracy, 3 liberal democracy",MMR,1976,0.0
"V-Dem vdemdata R package, vdem.RData",v2x_regime,Regime of the World classification,"0 closed autocracy, 1 electoral autocracy, 2 electoral democracy, 3 liberal democracy",MMR,1977,0.0
"V-Dem vdemdata R package, vdem.RData",v2x_regime,Regime of the World classification,"0 closed autocracy, 1 electoral autocracy, 2 electoral democracy, 3 liberal democracy",MMR,1978,0.0
"V-Dem vdemdata R package, vdem.RData",v2x_regime,Regime of the World classification,"0 closed autocracy, 1 electoral autocracy, 2 electoral democracy, 3 liberal democracy",MMR,1979,0.0
"V-Dem vdemdata R package, vdem.RData",v2x_regime,Regime of the World classification,"0 closed autocracy, 1 electoral autocracy, 2 electoral democracy, 3 liberal democracy",MMR,1980,0.0
"V-Dem vdemdata R package, vdem.RData",v2x_regime,Regime of the World classification,"0 closed autocracy, 1 electoral autocracy, 2 electoral democracy, 3 liberal democracy",MMR,1981,0.0
"V-Dem vdemdata R package, vdem.RData",v2x_regime,Regime of the World classification,"0 closed autocracy, 1 electoral autocracy, 2 electoral democracy, 3 liberal democracy",MMR,1982,0.0
"V-Dem vdemdata R package, vdem.RData",v2x_regime,Regime of the World classification,"0 closed autocracy, 1 electoral autocracy, 2 electoral democracy, 3 liberal democracy",MMR,1983,0.0
"V-Dem vdemdata R package, vdem.RData",v2x_regime,Regime of the World classification,"0 closed autocracy, 1 electoral autocracy, 2 electoral democracy, 3 liberal democracy",MMR,1984,0.0
"V-Dem vdemdata R package, vdem.RData",v2x_regime,Regime of the World classification,"0 closed autocracy, 1 electoral autocracy, 2 electoral democracy, 3 liberal democracy",MMR,1985,0.0
"V-Dem vdemdata R package, vdem.RData",v2x_regime,Regime of the World classification,"0 closed autocracy, 1 electoral autocracy, 2 electoral democracy, 3 liberal democracy",MMR,1986,0.0
"V-Dem vdemdata R package, vdem.RData",v2x_regime,Regime of the World classification,"0 closed autocracy, 1 electoral autocracy, 2 electoral democracy, 3 liberal democracy",MMR,1987,0.0
"V-Dem vdemdata R package, vdem.RData",v2x_regime,Regime of the World classification,"0 closed autocracy, 1 electoral autocracy, 2 electoral democracy, 3 liberal democracy",MMR,1988,0.0
"V-Dem vdemdata R package, vdem.RData",v2x_regime,Regime of the World classification,"0 closed autocracy, 1 electoral autocracy, 2 electoral democracy, 3 liberal democracy",MMR,1989,0.0
"V-Dem vdemdata R package, vdem.RData",v2x_regime,Regime of the World classification,"0 closed autocracy, 1 electoral autocracy, 2 electoral democracy, 3 liberal democracy",MMR,1990,0.0
"V-Dem vdemdata R package, vdem.RData",v2x_regime,Regime of the World classification,"0 closed autocracy, 1 electoral autocracy, 2 electoral democracy, 3 liberal democracy",MMR,1991,0.0
"V-Dem vdemdata R package, vdem.RData",v2x_regime,Regime of the World classification,"0 closed autocracy, 1 electoral autocracy, 2 electoral democracy, 3 liberal democracy",MMR,1992,0.0
"V-Dem vdemdata R package, vdem.RData",v2x_regime,Regime of the World classification,"0 closed autocracy, 1 electoral autocracy, 2 electoral democracy, 3 liberal democracy",MMR,1993,0.0
"V-Dem vdemdata R package, vdem.RData",v2x_regime,Regime of the World classification,"0 closed autocracy, 1 electoral autocracy, 2 electoral democracy, 3 liberal democracy",MMR,1994,0.0
"V-Dem vdemdata R package, vdem.RData",v2x_regime,Regime of the World classification,"0 closed autocracy, 1 electoral autocracy, 2 electoral democracy, 3 liberal democracy",MMR,1995,0.0
"V-Dem vdemdata R package, vdem.RData",v2x_regime,Regime of the World classification,"0 closed autocracy, 1 electoral autocracy, 2 electoral democracy, 3 liberal democracy",MMR,1996,0.0
"V-Dem vdemdata R package, vdem.RData",v2x_regime,Regime of the World classification,"0 closed autocracy, 1 electoral autocracy, 2 electoral democracy, 3 liberal democracy",MMR,1997,0.0
"V-Dem vdemdata R package, vdem.RData",v2x_regime,Regime of the World classification,"0 closed autocracy, 1 electoral autocracy, 2 electoral democracy, 3 liberal democracy",MMR,1998,0.0
"V-Dem vdemdata R package, vdem.RData",v2x_regime,Regime of the World classification,"0 closed autocracy, 1 electoral autocracy, 2 electoral democracy, 3 liberal democracy",MMR,1999,0.0
"V-Dem vdemdata R package, vdem.RData",v2x_regime,Regime of the World classification,"0 closed autocracy, 1 electoral autocracy, 2 electoral democracy, 3 liberal democracy",MMR,2000,0.0
"V-Dem vdemdata R package, vdem.RData",v2x_regime,Regime of the World classification,"0 closed autocracy, 1 electoral autocracy, 2 electoral democracy, 3 liberal democracy",MMR,2001,0.0
"V-Dem vdemdata R package, vdem.RData",v2x_regime,Regime of the World classification,"0 closed autocracy, 1 electoral autocracy, 2 electoral democracy, 3 liberal democracy",MMR,2002,0.0
"V-Dem vdemdata R package, vdem.RData",v2x_regime,Regime of the World classification,"0 closed autocracy, 1 electoral autocracy, 2 electoral democracy, 3 liberal democracy",MMR,2003,0.0
"V-Dem vdemdata R package, vdem.RData",v2x_regime,Regime of the World classification,"0 closed autocracy, 1 electoral autocracy, 2 electoral democracy, 3 liberal democracy",MMR,2004,0.0
"V-Dem vdemdata R package, vdem.RData",v2x_regime,Regime of the World classification,"0 closed autocracy, 1 electoral autocracy, 2 electoral democracy, 3 liberal democracy",MMR,2005,0.0
"V-Dem vdemdata R package, vdem.RData",v2x_regime,Regime of the World classification,"0 closed autocracy, 1 electoral autocracy, 2 electoral democracy, 3 liberal democracy",MMR,2006,0.0
"V-Dem vdemdata R package, vdem.RData",v2x_regime,Regime of the World classification,"0 closed autocracy, 1 electoral autocracy, 2 electoral democracy, 3 liberal democracy",MMR,2007,0.0
"V-Dem vdemdata R package, vdem.RData",v2x_regime,Regime of the World classification,"0 closed autocracy, 1 electoral autocracy, 2 electoral democracy, 3 liberal democracy",MMR,2008,0.0
"V-Dem vdemdata R package, vdem.RData",v2x_regime,Regime of the World classification,"0 closed autocracy, 1 electoral autocracy, 2 electoral democracy, 3 liberal democracy",MMR,2009,0.0
"V-Dem vdemdata R package, vdem.RData",v2x_regime,Regime of the World classification,"0 closed autocracy, 1 electoral autocracy, 2 electoral democracy, 3 liberal democracy",MMR,2010,0.0
"V-Dem vdemdata R package, vdem.RData",v2x_regime,Regime of the World classification,"0 closed autocracy, 1 electoral autocracy, 2 electoral democracy, 3 liberal democracy",MMR,2011,1.0
"V-Dem vdemdata R package, vdem.RData",v2x_regime,Regime of the World classification,"0 closed autocracy, 1 electoral autocracy, 2 electoral democracy, 3 liberal democracy",MMR,2012,1.0
"V-Dem vdemdata R package, vdem.RData",v2x_regime,Regime of the World classification,"0 closed autocracy, 1 electoral autocracy, 2 electoral democracy, 3 liberal democracy",MMR,2013,1.0
"V-Dem vdemdata R package, vdem.RData",v2x_regime,Regime of the World classification,"0 closed autocracy, 1 electoral autocracy, 2 electoral democracy, 3 liberal democracy",MMR,2014,1.0
"V-Dem vdemdata R package, vdem.RData",v2x_regime,Regime of the World classification,"0 closed autocracy, 1 electoral autocracy, 2 electoral democracy, 3 liberal democracy",MMR,2015,1.0
"V-Dem vdemdata R package, vdem.RData",v2x_regime,Regime of the World classification,"0 closed autocracy, 1 electoral autocracy, 2 electoral democracy, 3 liberal democracy",MMR,2016,1.0
"V-Dem vdemdata R package, vdem.RData",v2x_regime,Regime of the World classification,"0 closed autocracy, 1 electoral autocracy, 2 electoral democracy, 3 liberal democracy",MMR,2017,1.0
"V-Dem vdemdata R package, vdem.RData",v2x_regime,Regime of the World classification,"0 closed autocracy, 1 electoral autocracy, 2 electoral democracy, 3 liberal democracy",MMR,2018,1.0
"V-Dem vdemdata R package, vdem.RData",v2x_regime,Regime of the World classification,"0 closed autocracy, 1 electoral autocracy, 2 electoral democracy, 3 liberal democracy",MMR,2019,1.0
"V-Dem vdemdata R package, vdem.RData",v2x_regime,Regime of the World classification,"0 closed autocracy, 1 electoral autocracy, 2 electoral democracy, 3 liberal democracy",MMR,2020,1.0
"V-Dem vdemdata R package, vdem.RData",v2x_regime,Regime of the World classification,"0 closed autocracy, 1 electoral autocracy, 2 electoral democracy, 3 liberal democracy",MMR,2021,0.0
"V-Dem vdemdata R package, vdem.RData",v2x_regime,Regime of the World classification,"0 closed autocracy, 1 electoral autocracy, 2 electoral democracy, 3 liberal democracy",MMR,2022,0.0
"V-Dem vdemdata R package, vdem.RData",v2x_regime,Regime of the World classification,"0 closed autocracy, 1 electoral autocracy, 2 electoral democracy, 3 liberal democracy",MMR,2023,0.0
"V-Dem vdemdata R package, vdem.RData",v2x_regime,Regime of the World classification,"0 closed autocracy, 1 electoral autocracy, 2 electoral democracy, 3 liberal democracy",MMR,2024,0.0
"V-Dem vdemdata R package, vdem.RData",v2x_regime,Regime of the World classification,"0 closed autocracy, 1 electoral autocracy, 2 electoral democracy, 3 liberal democracy",MMR,2025,0.0
"V-Dem vdemdata R package, vdem.RData",v2xcl_rol,Rule of law index,0-1,MMR,1789,0.22
"V-Dem vdemdata R package, vdem.RData",v2xcl_rol,Rule of law index,0-1,MMR,1790,0.163
"V-Dem vdemdata R package, vdem.RData",v2xcl_rol,Rule of law index,0-1,MMR,1791,0.163
"V-Dem vdemdata R package, vdem.RData",v2xcl_rol,Rule of law index,0-1,MMR,1792,0.195
"V-Dem vdemdata R package, vdem.RData",v2xcl_rol,Rule of law index,0-1,MMR,1793,0.195
"V-Dem vdemdata R package, vdem.RData",v2xcl_rol,Rule of law index,0-1,MMR,1794,0.195
"V-Dem vdemdata R package, vdem.RData",v2xcl_rol,Rule of law index,0-1,MMR,1795,0.195
"V-Dem vdemdata R package, vdem.RData",v2xcl_rol,Rule of law index,0-1,MMR,1796,0.195
"V-Dem vdemdata R package, vdem.RData",v2xcl_rol,Rule of law index,0-1,MMR,1797,0.195
"V-Dem vdemdata R package, vdem.RData",v2xcl_rol,Rule of law index,0-1,MMR,1798,0.195
"V-Dem vdemdata R package, vdem.RData",v2xcl_rol,Rule of law index,0-1,MMR,1799,0.195
"V-Dem vdemdata R package, vdem.RData",v2xcl_rol,Rule of law index,0-1,MMR,1800,0.195
"V-Dem vdemdata R package, vdem.RData",v2xcl_rol,Rule of law index,0-1,MMR,1801,0.195
"V-Dem vdemdata R package, vdem.RData",v2xcl_rol,Rule of law index,0-1,MMR,1802,0.195
"V-Dem vdemdata R package, vdem.RData",v2xcl_rol,Rule of law index,0-1,MMR,1803,0.195
"V-Dem vdemdata R package, vdem.RData",v2xcl_rol,Rule of law index,0-1,MMR,1804,0.195
"V-Dem vdemdata R package, vdem.RData",v2xcl_rol,Rule of law index,0-1,MMR,1805,0.195
"V-Dem vdemdata R package, vdem.RData",v2xcl_rol,Rule of law index,0-1,MMR,1806,0.195
"V-Dem vdemdata R package, vdem.RData",v2xcl_rol,Rule of law index,0-1,MMR,1807,0.195
"V-Dem vdemdata R package, vdem.RData",v2xcl_rol,Rule of law index,0-1,MMR,1808,0.195
"V-Dem vdemdata R package, vdem.RData",v2xcl_rol,Rule of law index,0-1,MMR,1809,0.195
"V-Dem vdemdata R package, vdem.RData",v2xcl_rol,Rule of law index,0-1,MMR,1810,0.195
"V-Dem vdemdata R package, vdem.RData",v2xcl_rol,Rule of law index,0-1,MMR,1811,0.195
"V-Dem vdemdata R package, vdem.RData",v2xcl_rol,Rule of law index,0-1,MMR,1812,0.195
"V-Dem vdemdata R package, vdem.RData",v2xcl_rol,Rule of law index,0-1,MMR,1813,0.195
"V-Dem vdemdata R package, vdem.RData",v2xcl_rol,Rule of law index,0-1,MMR,1814,0.195
"V-Dem vdemdata R package, vdem.RData",v2xcl_rol,Rule of law index,0-1,MMR,1815,0.195
"V-Dem vdemdata R package, vdem.RData",v2xcl_rol,Rule of law index,0-1,MMR,1816,0.195
"V-Dem vdemdata R package, vdem.RData",v2xcl_rol,Rule of law index,0-1,MMR,1817,0.195
"V-Dem vdemdata R package, vdem.RData",v2xcl_rol,Rule of law index,0-1,MMR,1818,0.195
"V-Dem vdemdata R package, vdem.RData",v2xcl_rol,Rule of law index,0-1,MMR,1819,0.195
"V-Dem vdemdata R package, vdem.RData",v2xcl_rol,Rule of law index,0-1,MMR,1820,0.195
"V-Dem vdemdata R package, vdem.RData",v2xcl_rol,Rule of law index,0-1,MMR,1821,0.195
"V-Dem vdemdata R package, vdem.RData",v2xcl_rol,Rule of law index,0-1,MMR,1822,0.195
"V-Dem vdemdata R package, vdem.RData",v2xcl_rol,Rule of law index,0-1,MMR,1823,0.195
"V-Dem vdemdata R package, vdem.RData",v2xcl_rol,Rule of law index,0-1,MMR,1824,0.195
"V-Dem vdemdata R package, vdem.RData",v2xcl_rol,Rule of law index,0-1,MMR,1825,0.195
"V-Dem vdemdata R package, vdem.RData",v2xcl_rol,Rule of law index,0-1,MMR,1826,0.195
"V-Dem vdemdata R package, vdem.RData",v2xcl_rol,Rule of law index,0-1,MMR,1827,0.195
"V-Dem vdemdata R package, vdem.RData",v2xcl_rol,Rule of law index,0-1,MMR,1828,0.195
"V-Dem vdemdata R package, vdem.RData",v2xcl_rol,Rule of law index,0-1,MMR,1829,0.195
"V-Dem vdemdata R package, vdem.RData",v2xcl_rol,Rule of law index,0-1,MMR,1830,0.195
"V-Dem vdemdata R package, vdem.RData",v2xcl_rol,Rule of law index,0-1,MMR,1831,0.195
"V-Dem vdemdata R package, vdem.RData",v2xcl_rol,Rule of law index,0-1,MMR,1832,0.195
"V-Dem vdemdata R package, vdem.RData",v2xcl_rol,Rule of law index,0-1,MMR,1833,0.195
"V-Dem vdemdata R package, vdem.RData",v2xcl_rol,Rule of law index,0-1,MMR,1834,0.195
"V-Dem vdemdata R package, vdem.RData",v2xcl_rol,Rule of law index,0-1,MMR,1835,0.195
"V-Dem vdemdata R package, vdem.RData",v2xcl_rol,Rule of law index,0-1,MMR,1836,0.195
"V-Dem vdemdata R package, vdem.RData",v2xcl_rol,Rule of law index,0-1,MMR,1837,0.195
"V-Dem vdemdata R package, vdem.RData",v2xcl_rol,Rule of law index,0-1,MMR,1838,0.195
"V-Dem vdemdata R package, vdem.RData",v2xcl_rol,Rule of law index,0-1,MMR,1839,0.195
"V-Dem vdemdata R package, vdem.RData",v2xcl_rol,Rule of law index,0-1,MMR,1840,0.195
"V-Dem vdemdata R package, vdem.RData",v2xcl_rol,Rule of law index,0-1,MMR,1841,0.195
"V-Dem vdemdata R package, vdem.RData",v2xcl_rol,Rule of law index,0-1,MMR,1842,0.195
"V-Dem vdemdata R package, vdem.RData",v2xcl_rol,Rule of law index,0-1,MMR,1843,0.195
"V-Dem vdemdata R package, vdem.RData",v2xcl_rol,Rule of law index,0-1,MMR,1844,0.195
"V-Dem vdemdata R package, vdem.RData",v2xcl_rol,Rule of law index,0-1,MMR,1845,0.195
"V-Dem vdemdata R package, vdem.RData",v2xcl_rol,Rule of law index,0-1,MMR,1846,0.195
"V-Dem vdemdata R package, vdem.RData",v2xcl_rol,Rule of law index,0-1,MMR,1847,0.195
"V-Dem vdemdata R package, vdem.RData",v2xcl_rol,Rule of law index,0-1,MMR,1848,0.195
"V-Dem vdemdata R package, vdem.RData",v2xcl_rol,Rule of law index,0-1,MMR,1849,0.195
"V-Dem vdemdata R package, vdem.RData",v2xcl_rol,Rule of law index,0-1,MMR,1850,0.195
"V-Dem vdemdata R package, vdem.RData",v2xcl_rol,Rule of law index,0-1,MMR,1851,0.195
"V-Dem vdemdata R package, vdem.RData",v2xcl_rol,Rule of law index,0-1,MMR,1852,0.195
"V-Dem vdemdata R package, vdem.RData",v2xcl_rol,Rule of law index,0-1,MMR,1853,0.195
"V-Dem vdemdata R package, vdem.RData",v2xcl_rol,Rule of law index,0-1,MMR,1854,0.195
"V-Dem vdemdata R package, vdem.RData",v2xcl_rol,Rule of law index,0-1,MMR,1855,0.195
"V-Dem vdemdata R package, vdem.RData",v2xcl_rol,Rule of law index,0-1,MMR,1856,0.195
"V-Dem vdemdata R package, vdem.RData",v2xcl_rol,Rule of law index,0-1,MMR,1857,0.195
"V-Dem vdemdata R package, vdem.RData",v2xcl_rol,Rule of law index,0-1,MMR,1858,0.195
"V-Dem vdemdata R package, vdem.RData",v2xcl_rol,Rule of law index,0-1,MMR,1859,0.195
"V-Dem vdemdata R package, vdem.RData",v2xcl_rol,Rule of law index,0-1,MMR,1860,0.195
"V-Dem vdemdata R package, vdem.RData",v2xcl_rol,Rule of law index,0-1,MMR,1861,0.195
"V-Dem vdemdata R package, vdem.RData",v2xcl_rol,Rule of law index,0-1,MMR,1862,0.195
"V-Dem vdemdata R package, vdem.RData",v2xcl_rol,Rule of law index,0-1,MMR,1863,0.195
"V-Dem vdemdata R package, vdem.RData",v2xcl_rol,Rule of law index,0-1,MMR,1864,0.195
"V-Dem vdemdata R package, vdem.RData",v2xcl_rol,Rule of law index,0-1,MMR,1865,0.195
"V-Dem vdemdata R package, vdem.RData",v2xcl_rol,Rule of law index,0-1,MMR,1866,0.217
"V-Dem vdemdata R package, vdem.RData",v2xcl_rol,Rule of law index,0-1,MMR,1867,0.217
"V-Dem vdemdata R package, vdem.RData",v2xcl_rol,Rule of law index,0-1,MMR,1868,0.217
"V-Dem vdemdata R package, vdem.RData",v2xcl_rol,Rule of law index,0-1,MMR,1869,0.217
"V-Dem vdemdata R package, vdem.RData",v2xcl_rol,Rule of law index,0-1,MMR,1870,0.217
"V-Dem vdemdata R package, vdem.RData",v2xcl_rol,Rule of law index,0-1,MMR,1871,0.217
"V-Dem vdemdata R package, vdem.RData",v2xcl_rol,Rule of law index,0-1,MMR,1872,0.217
"V-Dem vdemdata R package, vdem.RData",v2xcl_rol,Rule of law index,0-1,MMR,1873,0.217
"V-Dem vdemdata R package, vdem.RData",v2xcl_rol,Rule of law index,0-1,MMR,1874,0.217
"V-Dem vdemdata R package, vdem.RData",v2xcl_rol,Rule of law index,0-1,MMR,1875,0.217
"V-Dem vdemdata R package, vdem.RData",v2xcl_rol,Rule of law index,0-1,MMR,1876,0.217
"V-Dem vdemdata R package, vdem.RData",v2xcl_rol,Rule of law index,0-1,MMR,1877,0.217
"V-Dem vdemdata R package, vdem.RData",v2xcl_rol,Rule of law index,0-1,MMR,1878,0.217
"V-Dem vdemdata R package, vdem.RData",v2xcl_rol,Rule of law index,0-1,MMR,1879,0.217
"V-Dem vdemdata R package, vdem.RData",v2xcl_rol,Rule of law index,0-1,MMR,1880,0.217
"V-Dem vdemdata R package, vdem.RData",v2xcl_rol,Rule of law index,0-1,MMR,1881,0.217
"V-Dem vdemdata R package, vdem.RData",v2xcl_rol,Rule of law index,0-1,MMR,1882,0.217
"V-Dem vdemdata R package, vdem.RData",v2xcl_rol,Rule of law index,0-1,MMR,1883,0.217
"V-Dem vdemdata R package, vdem.RData",v2xcl_rol,Rule of law index,0-1,MMR,1884,0.217
"V-Dem vdemdata R package, vdem.RData",v2xcl_rol,Rule of law index,0-1,MMR,1885,0.217
"V-Dem vdemdata R package, vdem.RData",v2xcl_rol,Rule of law index,0-1,MMR,1886,0.428
"V-Dem vdemdata R package, vdem.RData",v2xcl_rol,Rule of law index,0-1,MMR,1887,0.428
"V-Dem vdemdata R package, vdem.RData",v2xcl_rol,Rule of law index,0-1,MMR,1888,0.428
"V-Dem vdemdata R package, vdem.RData",v2xcl_rol,Rule of law index,0-1,MMR,1889,0.428
"V-Dem vdemdata R package, vdem.RData",v2xcl_rol,Rule of law index,0-1,MMR,1890,0.428
"V-Dem vdemdata R package, vdem.RData",v2xcl_rol,Rule of law index,0-1,MMR,1891,0.532
"V-Dem vdemdata R package, vdem.RData",v2xcl_rol,Rule of law index,0-1,MMR,1892,0.532
"V-Dem vdemdata R package, vdem.RData",v2xcl_rol,Rule of law index,0-1,MMR,1893,0.532
"V-Dem vdemdata R package, vdem.RData",v2xcl_rol,Rule of law index,0-1,MMR,1894,0.532
"V-Dem vdemdata R package, vdem.RData",v2xcl_rol,Rule of law index,0-1,MMR,1895,0.532
"V-Dem vdemdata R package, vdem.RData",v2xcl_rol,Rule of law index,0-1,MMR,1896,0.532
"V-Dem vdemdata R package, vdem.RData",v2xcl_rol,Rule of law index,0-1,MMR,1897,0.532
"V-Dem vdemdata R package, vdem.RData",v2xcl_rol,Rule of law index,0-1,MMR,1898,0.532
"V-Dem vdemdata R package, vdem.RData",v2xcl_rol,Rule of law index,0-1,MMR,1899,0.532
"V-Dem vdemdata R package, vdem.RData",v2xcl_rol,Rule of law index,0-1,MMR,1900,0.532
"V-Dem vdemdata R package, vdem.RData",v2xcl_rol,Rule of law index,0-1,MMR,1901,0.532
"V-Dem vdemdata R package, vdem.RData",v2xcl_rol,Rule of law index,0-1,MMR,1902,0.532
"V-Dem vdemdata R package, vdem.RData",v2xcl_rol,Rule of law index,0-1,MMR,1903,0.532
"V-Dem vdemdata R package, vdem.RData",v2xcl_rol,Rule of law index,0-1,MMR,1904,0.532
"V-Dem vdemdata R package, vdem.RData",v2xcl_rol,Rule of law index,0-1,MMR,1905,0.532
"V-Dem vdemdata R package, vdem.RData",v2xcl_rol,Rule of law index,0-1,MMR,1906,0.532
"V-Dem vdemdata R package, vdem.RData",v2xcl_rol,Rule of law index,0-1,MMR,1907,0.532
"V-Dem vdemdata R package, vdem.RData",v2xcl_rol,Rule of law index,0-1,MMR,1908,0.532
"V-Dem vdemdata R package, vdem.RData",v2xcl_rol,Rule of law index,0-1,MMR,1909,0.532
"V-Dem vdemdata R package, vdem.RData",v2xcl_rol,Rule of law index,0-1,MMR,1910,0.532
"V-Dem vdemdata R package, vdem.RData",v2xcl_rol,Rule of law index,0-1,MMR,1911,0.532
"V-Dem vdemdata R package, vdem.RData",v2xcl_rol,Rule of law index,0-1,MMR,1912,0.532
"V-Dem vdemdata R package, vdem.RData",v2xcl_rol,Rule of law index,0-1,MMR,1913,0.532
"V-Dem vdemdata R package, vdem.RData",v2xcl_rol,Rule of law index,0-1,MMR,1914,0.532
"V-Dem vdemdata R package, vdem.RData",v2xcl_rol,Rule of law index,0-1,MMR,1915,0.532
"V-Dem vdemdata R package, vdem.RData",v2xcl_rol,Rule of law index,0-1,MMR,1916,0.532
"V-Dem vdemdata R package, vdem.RData",v2xcl_rol,Rule of law index,0-1,MMR,1917,0.532
"V-Dem vdemdata R package, vdem.RData",v2xcl_rol,Rule of law index,0-1,MMR,1918,0.532
"V-Dem vdemdata R package, vdem.RData",v2xcl_rol,Rule of law index,0-1,MMR,1919,0.532
"V-Dem vdemdata R package, vdem.RData",v2xcl_rol,Rule of law index,0-1,MMR,1920,0.532
"V-Dem vdemdata R package, vdem.RData",v2xcl_rol,Rule of law index,0-1,MMR,1921,0.532
"V-Dem vdemdata R package, vdem.RData",v2xcl_rol,Rule of law index,0-1,MMR,1922,0.532
"V-Dem vdemdata R package, vdem.RData",v2xcl_rol,Rule of law index,0-1,MMR,1923,0.532
"V-Dem vdemdata R package, vdem.RData",v2xcl_rol,Rule of law index,0-1,MMR,1924,0.532
"V-Dem vdemdata R package, vdem.RData",v2xcl_rol,Rule of law index,0-1,MMR,1925,0.532
"V-Dem vdemdata R package, vdem.RData",v2xcl_rol,Rule of law index,0-1,MMR,1926,0.532
"V-Dem vdemdata R package, vdem.RData",v2xcl_rol,Rule of law index,0-1,MMR,1927,0.532
"V-Dem vdemdata R package, vdem.RData",v2xcl_rol,Rule of law index,0-1,MMR,1928,0.532
"V-Dem vdemdata R package, vdem.RData",v2xcl_rol,Rule of law index,0-1,MMR,1929,0.532
"V-Dem vdemdata R package, vdem.RData",v2xcl_rol,Rule of law index,0-1,MMR,1930,0.532
"V-Dem vdemdata R package, vdem.RData",v2xcl_rol,Rule of law index,0-1,MMR,1931,0.532
"V-Dem vdemdata R package, vdem.RData",v2xcl_rol,Rule of law index,0-1,MMR,1932,0.532
"V-Dem vdemdata R package, vdem.RData",v2xcl_rol,Rule of law index,0-1,MMR,1933,0.532
"V-Dem vdemdata R package, vdem.RData",v2xcl_rol,Rule of law index,0-1,MMR,1934,0.532
"V-Dem vdemdata R package, vdem.RData",v2xcl_rol,Rule of law index,0-1,MMR,1935,0.532
"V-Dem vdemdata R package, vdem.RData",v2xcl_rol,Rule of law index,0-1,MMR,1936,0.532
"V-Dem vdemdata R package, vdem.RData",v2xcl_rol,Rule of law index,0-1,MMR,1937,0.532
"V-Dem vdemdata R package, vdem.RData",v2xcl_rol,Rule of law index,0-1,MMR,1938,0.532
"V-Dem vdemdata R package, vdem.RData",v2xcl_rol,Rule of law index,0-1,MMR,1939,0.532
"V-Dem vdemdata R package, vdem.RData",v2xcl_rol,Rule of law index,0-1,MMR,1940,0.532
"V-Dem vdemdata R package, vdem.RData",v2xcl_rol,Rule of law index,0-1,MMR,1941,0.532
"V-Dem vdemdata R package, vdem.RData",v2xcl_rol,Rule of law index,0-1,MMR,1942,0.272
"V-Dem vdemdata R package, vdem.RData",v2xcl_rol,Rule of law index,0-1,MMR,1943,0.272
"V-Dem vdemdata R package, vdem.RData",v2xcl_rol,Rule of law index,0-1,MMR,1944,0.272
"V-Dem vdemdata R package, vdem.RData",v2xcl_rol,Rule of law index,0-1,MMR,1945,0.272
"V-Dem vdemdata R package, vdem.RData",v2xcl_rol,Rule of law index,0-1,MMR,1946,0.57
"V-Dem vdemdata R package, vdem.RData",v2xcl_rol,Rule of law index,0-1,MMR,1947,0.546
"V-Dem vdemdata R package, vdem.RData",v2xcl_rol,Rule of law index,0-1,MMR,1948,0.56
"V-Dem vdemdata R package, vdem.RData",v2xcl_rol,Rule of law index,0-1,MMR,1949,0.56
"V-Dem vdemdata R package, vdem.RData",v2xcl_rol,Rule of law index,0-1,MMR,1950,0.56
"V-Dem vdemdata R package, vdem.RData",v2xcl_rol,Rule of law index,0-1,MMR,1951,0.56
"V-Dem vdemdata R package, vdem.RData",v2xcl_rol,Rule of law index,0-1,MMR,1952,0.56
"V-Dem vdemdata R package, vdem.RData",v2xcl_rol,Rule of law index,0-1,MMR,1953,0.56
"V-Dem vdemdata R package, vdem.RData",v2xcl_rol,Rule of law index,0-1,MMR,1954,0.56
"V-Dem vdemdata R package, vdem.RData",v2xcl_rol,Rule of law index,0-1,MMR,1955,0.56
"V-Dem vdemdata R package, vdem.RData",v2xcl_rol,Rule of law index,0-1,MMR,1956,0.56
"V-Dem vdemdata R package, vdem.RData",v2xcl_rol,Rule of law index,0-1,MMR,1957,0.56
"V-Dem vdemdata R package, vdem.RData",v2xcl_rol,Rule of law index,0-1,MMR,1958,0.56
"V-Dem vdemdata R package, vdem.RData",v2xcl_rol,Rule of law index,0-1,MMR,1959,0.564
"V-Dem vdemdata R package, vdem.RData",v2xcl_rol,Rule of law index,0-1,MMR,1960,0.564
"V-Dem vdemdata R package, vdem.RData",v2xcl_rol,Rule of law index,0-1,MMR,1961,0.527
"V-Dem vdemdata R package, vdem.RData",v2xcl_rol,Rule of law index,0-1,MMR,1962,0.195
"V-Dem vdemdata R package, vdem.RData",v2xcl_rol,Rule of law index,0-1,MMR,1963,0.092
"V-Dem vdemdata R package, vdem.RData",v2xcl_rol,Rule of law index,0-1,MMR,1964,0.076
"V-Dem vdemdata R package, vdem.RData",v2xcl_rol,Rule of law index,0-1,MMR,1965,0.073
"V-Dem vdemdata R package, vdem.RData",v2xcl_rol,Rule of law index,0-1,MMR,1966,0.073
"V-Dem vdemdata R package, vdem.RData",v2xcl_rol,Rule of law index,0-1,MMR,1967,0.073
"V-Dem vdemdata R package, vdem.RData",v2xcl_rol,Rule of law index,0-1,MMR,1968,0.073
"V-Dem vdemdata R package, vdem.RData",v2xcl_rol,Rule of law index,0-1,MMR,1969,0.073
"V-Dem vdemdata R package, vdem.RData",v2xcl_rol,Rule of law index,0-1,MMR,1970,0.073
"V-Dem vdemdata R package, vdem.RData",v2xcl_rol,Rule of law index,0-1,MMR,1971,0.073
"V-Dem vdemdata R package, vdem.RData",v2xcl_rol,Rule of law index,0-1,MMR,1972,0.073
"V-Dem vdemdata R package, vdem.RData",v2xcl_rol,Rule of law index,0-1,MMR,1973,0.073
"V-Dem vdemdata R package, vdem.RData",v2xcl_rol,Rule of law index,0-1,MMR,1974,0.073
"V-Dem vdemdata R package, vdem.RData",v2xcl_rol,Rule of law index,0-1,MMR,1975,0.073
"V-Dem vdemdata R package, vdem.RData",v2xcl_rol,Rule of law index,0-1,MMR,1976,0.073
"V-Dem vdemdata R package, vdem.RData",v2xcl_rol,Rule of law index,0-1,MMR,1977,0.073
"V-Dem vdemdata R package, vdem.RData",v2xcl_rol,Rule of law index,0-1,MMR,1978,0.073
"V-Dem vdemdata R package, vdem.RData",v2xcl_rol,Rule of law index,0-1,MMR,1979,0.073
"V-Dem vdemdata R package, vdem.RData",v2xcl_rol,Rule of law index,0-1,MMR,1980,0.073
"V-Dem vdemdata R package, vdem.RData",v2xcl_rol,Rule of law index,0-1,MMR,1981,0.073
"V-Dem vdemdata R package, vdem.RData",v2xcl_rol,Rule of law index,0-1,MMR,1982,0.073
"V-Dem vdemdata R package, vdem.RData",v2xcl_rol,Rule of law index,0-1,MMR,1983,0.073
"V-Dem vdemdata R package, vdem.RData",v2xcl_rol,Rule of law index,0-1,MMR,1984,0.073
"V-Dem vdemdata R package, vdem.RData",v2xcl_rol,Rule of law index,0-1,MMR,1985,0.073
"V-Dem vdemdata R package, vdem.RData",v2xcl_rol,Rule of law index,0-1,MMR,1986,0.073
"V-Dem vdemdata R package, vdem.RData",v2xcl_rol,Rule of law index,0-1,MMR,1987,0.074
"V-Dem vdemdata R package, vdem.RData",v2xcl_rol,Rule of law index,0-1,MMR,1988,0.069
"V-Dem vdemdata R package, vdem.RData",v2xcl_rol,Rule of law index,0-1,MMR,1989,0.083
"V-Dem vdemdata R package, vdem.RData",v2xcl_rol,Rule of law index,0-1,MMR,1990,0.081
"V-Dem vdemdata R package, vdem.RData",v2xcl_rol,Rule of law index,0-1,MMR,1991,0.081
"V-Dem vdemdata R package, vdem.RData",v2xcl_rol,Rule of law index,0-1,MMR,1992,0.081
"V-Dem vdemdata R package, vdem.RData",v2xcl_rol,Rule of law index,0-1,MMR,1993,0.081
"V-Dem vdemdata R package, vdem.RData",v2xcl_rol,Rule of law index,0-1,MMR,1994,0.081
"V-Dem vdemdata R package, vdem.RData",v2xcl_rol,Rule of law index,0-1,MMR,1995,0.081
"V-Dem vdemdata R package, vdem.RData",v2xcl_rol,Rule of law index,0-1,MMR,1996,0.081
"V-Dem vdemdata R package, vdem.RData",v2xcl_rol,Rule of law index,0-1,MMR,1997,0.081
"V-Dem vdemdata R package, vdem.RData",v2xcl_rol,Rule of law index,0-1,MMR,1998,0.081
"V-Dem vdemdata R package, vdem.RData",v2xcl_rol,Rule of law index,0-1,MMR,1999,0.081
"V-Dem vdemdata R package, vdem.RData",v2xcl_rol,Rule of law index,0-1,MMR,2000,0.087
"V-Dem vdemdata R package, vdem.RData",v2xcl_rol,Rule of law index,0-1,MMR,2001,0.087
"V-Dem vdemdata R package, vdem.RData",v2xcl_rol,Rule of law index,0-1,MMR,2002,0.087
"V-Dem vdemdata R package, vdem.RData",v2xcl_rol,Rule of law index,0-1,MMR,2003,0.087
"V-Dem vdemdata R package, vdem.RData",v2xcl_rol,Rule of law index,0-1,MMR,2004,0.087
"V-Dem vdemdata R package, vdem.RData",v2xcl_rol,Rule of law index,0-1,MMR,2005,0.087
"V-Dem vdemdata R package, vdem.RData",v2xcl_rol,Rule of law index,0-1,MMR,2006,0.087
"V-Dem vdemdata R package, vdem.RData",v2xcl_rol,Rule of law index,0-1,MMR,2007,0.079
"V-Dem vdemdata R package, vdem.RData",v2xcl_rol,Rule of law index,0-1,MMR,2008,0.085
"V-Dem vdemdata R package, vdem.RData",v2xcl_rol,Rule of law index,0-1,MMR,2009,0.088
"V-Dem vdemdata R package, vdem.RData",v2xcl_rol,Rule of law index,0-1,MMR,2010,0.181
"V-Dem vdemdata R package, vdem.RData",v2xcl_rol,Rule of law index,0-1,MMR,2011,0.277
"V-Dem vdemdata R package, vdem.RData",v2xcl_rol,Rule of law index,0-1,MMR,2012,0.302
"V-Dem vdemdata R package, vdem.RData",v2xcl_rol,Rule of law index,0-1,MMR,2013,0.319
"V-Dem vdemdata R package, vdem.RData",v2xcl_rol,Rule of law index,0-1,MMR,2014,0.341
"V-Dem vdemdata R package, vdem.RData",v2xcl_rol,Rule of law index,0-1,MMR,2015,0.4
"V-Dem vdemdata R package, vdem.RData",v2xcl_rol,Rule of law index,0-1,MMR,2016,0.412
"V-Dem vdemdata R package, vdem.RData",v2xcl_rol,Rule of law index,0-1,MMR,2017,0.421
"V-Dem vdemdata R package, vdem.RData",v2xcl_rol,Rule of law index,0-1,MMR,2018,0.417
"V-Dem vdemdata R package, vdem.RData",v2xcl_rol,Rule of law index,0-1,MMR,2019,0.441
"V-Dem vdemdata R package, vdem.RData",v2xcl_rol,Rule of law index,0-1,MMR,2020,0.442
"V-Dem vdemdata R package, vdem.RData",v2xcl_rol,Rule of law index,0-1,MMR,2021,0.088
"V-Dem vdemdata R package, vdem.RData",v2xcl_rol,Rule of law index,0-1,MMR,2022,0.092
"V-Dem vdemdata R package, vdem.RData",v2xcl_rol,Rule of law index,0-1,MMR,2023,0.092
"V-Dem vdemdata R package, vdem.RData",v2xcl_rol,Rule of law index,0-1,MMR,2024,0.09
"V-Dem vdemdata R package, vdem.RData",v2xcl_rol,Rule of law index,0-1,MMR,2025,0.09
"V-Dem vdemdata R package, vdem.RData",v2xel_frefair,Clean elections index,0-1,MMR,1789,0.0
"V-Dem vdemdata R package, vdem.RData",v2xel_frefair,Clean elections index,0-1,MMR,1790,0.0
"V-Dem vdemdata R package, vdem.RData",v2xel_frefair,Clean elections index,0-1,MMR,1791,0.0
"V-Dem vdemdata R package, vdem.RData",v2xel_frefair,Clean elections index,0-1,MMR,1792,0.0
"V-Dem vdemdata R package, vdem.RData",v2xel_frefair,Clean elections index,0-1,MMR,1793,0.0
"V-Dem vdemdata R package, vdem.RData",v2xel_frefair,Clean elections index,0-1,MMR,1794,0.0
"V-Dem vdemdata R package, vdem.RData",v2xel_frefair,Clean elections index,0-1,MMR,1795,0.0
"V-Dem vdemdata R package, vdem.RData",v2xel_frefair,Clean elections index,0-1,MMR,1796,0.0
"V-Dem vdemdata R package, vdem.RData",v2xel_frefair,Clean elections index,0-1,MMR,1797,0.0
"V-Dem vdemdata R package, vdem.RData",v2xel_frefair,Clean elections index,0-1,MMR,1798,0.0
"V-Dem vdemdata R package, vdem.RData",v2xel_frefair,Clean elections index,0-1,MMR,1799,0.0
"V-Dem vdemdata R package, vdem.RData",v2xel_frefair,Clean elections index,0-1,MMR,1800,0.0
"V-Dem vdemdata R package, vdem.RData",v2xel_frefair,Clean elections index,0-1,MMR,1801,0.0
"V-Dem vdemdata R package, vdem.RData",v2xel_frefair,Clean elections index,0-1,MMR,1802,0.0
"V-Dem vdemdata R package, vdem.RData",v2xel_frefair,Clean elections index,0-1,MMR,1803,0.0
"V-Dem vdemdata R package, vdem.RData",v2xel_frefair,Clean elections index,0-1,MMR,1804,0.0
"V-Dem vdemdata R package, vdem.RData",v2xel_frefair,Clean elections index,0-1,MMR,1805,0.0
"V-Dem vdemdata R package, vdem.RData",v2xel_frefair,Clean elections index,0-1,MMR,1806,0.0
"V-Dem vdemdata R package, vdem.RData",v2xel_frefair,Clean elections index,0-1,MMR,1807,0.0
"V-Dem vdemdata R package, vdem.RData",v2xel_frefair,Clean elections index,0-1,MMR,1808,0.0
"V-Dem vdemdata R package, vdem.RData",v2xel_frefair,Clean elections index,0-1,MMR,1809,0.0
"V-Dem vdemdata R package, vdem.RData",v2xel_frefair,Clean elections index,0-1,MMR,1810,0.0
"V-Dem vdemdata R package, vdem.RData",v2xel_frefair,Clean elections index,0-1,MMR,1811,0.0
"V-Dem vdemdata R package, vdem.RData",v2xel_frefair,Clean elections index,0-1,MMR,1812,0.0
"V-Dem vdemdata R package, vdem.RData",v2xel_frefair,Clean elections index,0-1,MMR,1813,0.0
"V-Dem vdemdata R package, vdem.RData",v2xel_frefair,Clean elections index,0-1,MMR,1814,0.0
"V-Dem vdemdata R package, vdem.RData",v2xel_frefair,Clean elections index,0-1,MMR,1815,0.0
"V-Dem vdemdata R package, vdem.RData",v2xel_frefair,Clean elections index,0-1,MMR,1816,0.0
"V-Dem vdemdata R package, vdem.RData",v2xel_frefair,Clean elections index,0-1,MMR,1817,0.0
"V-Dem vdemdata R package, vdem.RData",v2xel_frefair,Clean elections index,0-1,MMR,1818,0.0
"V-Dem vdemdata R package, vdem.RData",v2xel_frefair,Clean elections index,0-1,MMR,1819,0.0
"V-Dem vdemdata R package, vdem.RData",v2xel_frefair,Clean elections index,0-1,MMR,1820,0.0
"V-Dem vdemdata R package, vdem.RData",v2xel_frefair,Clean elections index,0-1,MMR,1821,0.0
"V-Dem vdemdata R package, vdem.RData",v2xel_frefair,Clean elections index,0-1,MMR,1822,0.0
"V-Dem vdemdata R package, vdem.RData",v2xel_frefair,Clean elections index,0-1,MMR,1823,0.0
"V-Dem vdemdata R package, vdem.RData",v2xel_frefair,Clean elections index,0-1,MMR,1824,0.0
"V-Dem vdemdata R package, vdem.RData",v2xel_frefair,Clean elections index,0-1,MMR,1825,0.0
"V-Dem vdemdata R package, vdem.RData",v2xel_frefair,Clean elections index,0-1,MMR,1826,0.0
"V-Dem vdemdata R package, vdem.RData",v2xel_frefair,Clean elections index,0-1,MMR,1827,0.0
"V-Dem vdemdata R package, vdem.RData",v2xel_frefair,Clean elections index,0-1,MMR,1828,0.0
"V-Dem vdemdata R package, vdem.RData",v2xel_frefair,Clean elections index,0-1,MMR,1829,0.0
"V-Dem vdemdata R package, vdem.RData",v2xel_frefair,Clean elections index,0-1,MMR,1830,0.0
"V-Dem vdemdata R package, vdem.RData",v2xel_frefair,Clean elections index,0-1,MMR,1831,0.0
"V-Dem vdemdata R package, vdem.RData",v2xel_frefair,Clean elections index,0-1,MMR,1832,0.0
"V-Dem vdemdata R package, vdem.RData",v2xel_frefair,Clean elections index,0-1,MMR,1833,0.0
"V-Dem vdemdata R package, vdem.RData",v2xel_frefair,Clean elections index,0-1,MMR,1834,0.0
"V-Dem vdemdata R package, vdem.RData",v2xel_frefair,Clean elections index,0-1,MMR,1835,0.0
"V-Dem vdemdata R package, vdem.RData",v2xel_frefair,Clean elections index,0-1,MMR,1836,0.0
"V-Dem vdemdata R package, vdem.RData",v2xel_frefair,Clean elections index,0-1,MMR,1837,0.0
"V-Dem vdemdata R package, vdem.RData",v2xel_frefair,Clean elections index,0-1,MMR,1838,0.0
"V-Dem vdemdata R package, vdem.RData",v2xel_frefair,Clean elections index,0-1,MMR,1839,0.0
"V-Dem vdemdata R package, vdem.RData",v2xel_frefair,Clean elections index,0-1,MMR,1840,0.0
"V-Dem vdemdata R package, vdem.RData",v2xel_frefair,Clean elections index,0-1,MMR,1841,0.0
"V-Dem vdemdata R package, vdem.RData",v2xel_frefair,Clean elections index,0-1,MMR,1842,0.0
"V-Dem vdemdata R package, vdem.RData",v2xel_frefair,Clean elections index,0-1,MMR,1843,0.0
"V-Dem vdemdata R package, vdem.RData",v2xel_frefair,Clean elections index,0-1,MMR,1844,0.0
"V-Dem vdemdata R package, vdem.RData",v2xel_frefair,Clean elections index,0-1,MMR,1845,0.0
"V-Dem vdemdata R package, vdem.RData",v2xel_frefair,Clean elections index,0-1,MMR,1846,0.0
"V-Dem vdemdata R package, vdem.RData",v2xel_frefair,Clean elections index,0-1,MMR,1847,0.0
"V-Dem vdemdata R package, vdem.RData",v2xel_frefair,Clean elections index,0-1,MMR,1848,0.0
"V-Dem vdemdata R package, vdem.RData",v2xel_frefair,Clean elections index,0-1,MMR,1849,0.0
"V-Dem vdemdata R package, vdem.RData",v2xel_frefair,Clean elections index,0-1,MMR,1850,0.0
"V-Dem vdemdata R package, vdem.RData",v2xel_frefair,Clean elections index,0-1,MMR,1851,0.0
"V-Dem vdemdata R package, vdem.RData",v2xel_frefair,Clean elections index,0-1,MMR,1852,0.0
"V-Dem vdemdata R package, vdem.RData",v2xel_frefair,Clean elections index,0-1,MMR,1853,0.0
"V-Dem vdemdata R package, vdem.RData",v2xel_frefair,Clean elections index,0-1,MMR,1854,0.0
"V-Dem vdemdata R package, vdem.RData",v2xel_frefair,Clean elections index,0-1,MMR,1855,0.0
"V-Dem vdemdata R package, vdem.RData",v2xel_frefair,Clean elections index,0-1,MMR,1856,0.0
"V-Dem vdemdata R package, vdem.RData",v2xel_frefair,Clean elections index,0-1,MMR,1857,0.0
"V-Dem vdemdata R package, vdem.RData",v2xel_frefair,Clean elections index,0-1,MMR,1858,0.0
"V-Dem vdemdata R package, vdem.RData",v2xel_frefair,Clean elections index,0-1,MMR,1859,0.0
"V-Dem vdemdata R package, vdem.RData",v2xel_frefair,Clean elections index,0-1,MMR,1860,0.0
"V-Dem vdemdata R package, vdem.RData",v2xel_frefair,Clean elections index,0-1,MMR,1861,0.0
"V-Dem vdemdata R package, vdem.RData",v2xel_frefair,Clean elections index,0-1,MMR,1862,0.0
"V-Dem vdemdata R package, vdem.RData",v2xel_frefair,Clean elections index,0-1,MMR,1863,0.0
"V-Dem vdemdata R package, vdem.RData",v2xel_frefair,Clean elections index,0-1,MMR,1864,0.0
"V-Dem vdemdata R package, vdem.RData",v2xel_frefair,Clean elections index,0-1,MMR,1865,0.0
"V-Dem vdemdata R package, vdem.RData",v2xel_frefair,Clean elections index,0-1,MMR,1866,0.0
"V-Dem vdemdata R package, vdem.RData",v2xel_frefair,Clean elections index,0-1,MMR,1867,0.0
"V-Dem vdemdata R package, vdem.RData",v2xel_frefair,Clean elections index,0-1,MMR,1868,0.0
"V-Dem vdemdata R package, vdem.RData",v2xel_frefair,Clean elections index,0-1,MMR,1869,0.0
"V-Dem vdemdata R package, vdem.RData",v2xel_frefair,Clean elections index,0-1,MMR,1870,0.0
"V-Dem vdemdata R package, vdem.RData",v2xel_frefair,Clean elections index,0-1,MMR,1871,0.0
"V-Dem vdemdata R package, vdem.RData",v2xel_frefair,Clean elections index,0-1,MMR,1872,0.0
"V-Dem vdemdata R package, vdem.RData",v2xel_frefair,Clean elections index,0-1,MMR,1873,0.0
"V-Dem vdemdata R package, vdem.RData",v2xel_frefair,Clean elections index,0-1,MMR,1874,0.0
"V-Dem vdemdata R package, vdem.RData",v2xel_frefair,Clean elections index,0-1,MMR,1875,0.0
"V-Dem vdemdata R package, vdem.RData",v2xel_frefair,Clean elections index,0-1,MMR,1876,0.0
"V-Dem vdemdata R package, vdem.RData",v2xel_frefair,Clean elections index,0-1,MMR,1877,0.0
"V-Dem vdemdata R package, vdem.RData",v2xel_frefair,Clean elections index,0-1,MMR,1878,0.0
"V-Dem vdemdata R package, vdem.RData",v2xel_frefair,Clean elections index,0-1,MMR,1879,0.0
"V-Dem vdemdata R package, vdem.RData",v2xel_frefair,Clean elections index,0-1,MMR,1880,0.0
"V-Dem vdemdata R package, vdem.RData",v2xel_frefair,Clean elections index,0-1,MMR,1881,0.0
"V-Dem vdemdata R package, vdem.RData",v2xel_frefair,Clean elections index,0-1,MMR,1882,0.0
"V-Dem vdemdata R package, vdem.RData",v2xel_frefair,Clean elections index,0-1,MMR,1883,0.0
"V-Dem vdemdata R package, vdem.RData",v2xel_frefair,Clean elections index,0-1,MMR,1884,0.0
"V-Dem vdemdata R package, vdem.RData",v2xel_frefair,Clean elections index,0-1,MMR,1885,0.0
"V-Dem vdemdata R package, vdem.RData",v2xel_frefair,Clean elections index,0-1,MMR,1886,0.0
"V-Dem vdemdata R package, vdem.RData",v2xel_frefair,Clean elections index,0-1,MMR,1887,0.0
"V-Dem vdemdata R package, vdem.RData",v2xel_frefair,Clean elections index,0-1,MMR,1888,0.0
"V-Dem vdemdata R package, vdem.RData",v2xel_frefair,Clean elections index,0-1,MMR,1889,0.0
"V-Dem vdemdata R package, vdem.RData",v2xel_frefair,Clean elections index,0-1,MMR,1890,0.0
"V-Dem vdemdata R package, vdem.RData",v2xel_frefair,Clean elections index,0-1,MMR,1891,0.0
"V-Dem vdemdata R package, vdem.RData",v2xel_frefair,Clean elections index,0-1,MMR,1892,0.0
"V-Dem vdemdata R package, vdem.RData",v2xel_frefair,Clean elections index,0-1,MMR,1893,0.0
"V-Dem vdemdata R package, vdem.RData",v2xel_frefair,Clean elections index,0-1,MMR,1894,0.0
"V-Dem vdemdata R package, vdem.RData",v2xel_frefair,Clean elections index,0-1,MMR,1895,0.0
"V-Dem vdemdata R package, vdem.RData",v2xel_frefair,Clean elections index,0-1,MMR,1896,0.0
"V-Dem vdemdata R package, vdem.RData",v2xel_frefair,Clean elections index,0-1,MMR,1897,0.0
"V-Dem vdemdata R package, vdem.RData",v2xel_frefair,Clean elections index,0-1,MMR,1898,0.0
"V-Dem vdemdata R package, vdem.RData",v2xel_frefair,Clean elections index,0-1,MMR,1899,0.0
"V-Dem vdemdata R package, vdem.RData",v2xel_frefair,Clean elections index,0-1,MMR,1900,0.0
"V-Dem vdemdata R package, vdem.RData",v2xel_frefair,Clean elections index,0-1,MMR,1901,0.0
"V-Dem vdemdata R package, vdem.RData",v2xel_frefair,Clean elections index,0-1,MMR,1902,0.0
"V-Dem vdemdata R package, vdem.RData",v2xel_frefair,Clean elections index,0-1,MMR,1903,0.0
"V-Dem vdemdata R package, vdem.RData",v2xel_frefair,Clean elections index,0-1,MMR,1904,0.0
"V-Dem vdemdata R package, vdem.RData",v2xel_frefair,Clean elections index,0-1,MMR,1905,0.0
"V-Dem vdemdata R package, vdem.RData",v2xel_frefair,Clean elections index,0-1,MMR,1906,0.0
"V-Dem vdemdata R package, vdem.RData",v2xel_frefair,Clean elections index,0-1,MMR,1907,0.0
"V-Dem vdemdata R package, vdem.RData",v2xel_frefair,Clean elections index,0-1,MMR,1908,0.0
"V-Dem vdemdata R package, vdem.RData",v2xel_frefair,Clean elections index,0-1,MMR,1909,0.0
"V-Dem vdemdata R package, vdem.RData",v2xel_frefair,Clean elections index,0-1,MMR,1910,0.0
"V-Dem vdemdata R package, vdem.RData",v2xel_frefair,Clean elections index,0-1,MMR,1911,0.0
"V-Dem vdemdata R package, vdem.RData",v2xel_frefair,Clean elections index,0-1,MMR,1912,0.0
"V-Dem vdemdata R package, vdem.RData",v2xel_frefair,Clean elections index,0-1,MMR,1913,0.0
"V-Dem vdemdata R package, vdem.RData",v2xel_frefair,Clean elections index,0-1,MMR,1914,0.0
"V-Dem vdemdata R package, vdem.RData",v2xel_frefair,Clean elections index,0-1,MMR,1915,0.0
"V-Dem vdemdata R package, vdem.RData",v2xel_frefair,Clean elections index,0-1,MMR,1916,0.0
"V-Dem vdemdata R package, vdem.RData",v2xel_frefair,Clean elections index,0-1,MMR,1917,0.0
"V-Dem vdemdata R package, vdem.RData",v2xel_frefair,Clean elections index,0-1,MMR,1918,0.0
"V-Dem vdemdata R package, vdem.RData",v2xel_frefair,Clean elections index,0-1,MMR,1919,0.0
"V-Dem vdemdata R package, vdem.RData",v2xel_frefair,Clean elections index,0-1,MMR,1920,0.0
"V-Dem vdemdata R package, vdem.RData",v2xel_frefair,Clean elections index,0-1,MMR,1921,0.0
"V-Dem vdemdata R package, vdem.RData",v2xel_frefair,Clean elections index,0-1,MMR,1922,0.054
"V-Dem vdemdata R package, vdem.RData",v2xel_frefair,Clean elections index,0-1,MMR,1923,0.476
"V-Dem vdemdata R package, vdem.RData",v2xel_frefair,Clean elections index,0-1,MMR,1924,0.476
"V-Dem vdemdata R package, vdem.RData",v2xel_frefair,Clean elections index,0-1,MMR,1925,0.475
"V-Dem vdemdata R package, vdem.RData",v2xel_frefair,Clean elections index,0-1,MMR,1926,0.464
"V-Dem vdemdata R package, vdem.RData",v2xel_frefair,Clean elections index,0-1,MMR,1927,0.464
"V-Dem vdemdata R package, vdem.RData",v2xel_frefair,Clean elections index,0-1,MMR,1928,0.463
"V-Dem vdemdata R package, vdem.RData",v2xel_frefair,Clean elections index,0-1,MMR,1929,0.453
"V-Dem vdemdata R package, vdem.RData",v2xel_frefair,Clean elections index,0-1,MMR,1930,0.453
"V-Dem vdemdata R package, vdem.RData",v2xel_frefair,Clean elections index,0-1,MMR,1931,0.453
"V-Dem vdemdata R package, vdem.RData",v2xel_frefair,Clean elections index,0-1,MMR,1932,0.458
"V-Dem vdemdata R package, vdem.RData",v2xel_frefair,Clean elections index,0-1,MMR,1933,0.49
"V-Dem vdemdata R package, vdem.RData",v2xel_frefair,Clean elections index,0-1,MMR,1934,0.49
"V-Dem vdemdata R package, vdem.RData",v2xel_frefair,Clean elections index,0-1,MMR,1935,0.49
"V-Dem vdemdata R package, vdem.RData",v2xel_frefair,Clean elections index,0-1,MMR,1936,0.489
"V-Dem vdemdata R package, vdem.RData",v2xel_frefair,Clean elections index,0-1,MMR,1937,0.482
"V-Dem vdemdata R package, vdem.RData",v2xel_frefair,Clean elections index,0-1,MMR,1938,0.482
"V-Dem vdemdata R package, vdem.RData",v2xel_frefair,Clean elections index,0-1,MMR,1939,0.482
"V-Dem vdemdata R package, vdem.RData",v2xel_frefair,Clean elections index,0-1,MMR,1940,0.482
"V-Dem vdemdata R package, vdem.RData",v2xel_frefair,Clean elections index,0-1,MMR,1941,0.465
"V-Dem vdemdata R package, vdem.RData",v2xel_frefair,Clean elections index,0-1,MMR,1942,0.039
"V-Dem vdemdata R package, vdem.RData",v2xel_frefair,Clean elections index,0-1,MMR,1943,0.0
"V-Dem vdemdata R package, vdem.RData",v2xel_frefair,Clean elections index,0-1,MMR,1944,0.0
"V-Dem vdemdata R package, vdem.RData",v2xel_frefair,Clean elections index,0-1,MMR,1945,0.0
"V-Dem vdemdata R package, vdem.RData",v2xel_frefair,Clean elections index,0-1,MMR,1946,0.0
"V-Dem vdemdata R package, vdem.RData",v2xel_frefair,Clean elections index,0-1,MMR,1947,0.128
"V-Dem vdemdata R package, vdem.RData",v2xel_frefair,Clean elections index,0-1,MMR,1948,0.0
"V-Dem vdemdata R package, vdem.RData",v2xel_frefair,Clean elections index,0-1,MMR,1949,0.0
"V-Dem vdemdata R package, vdem.RData",v2xel_frefair,Clean elections index,0-1,MMR,1950,0.0
"V-Dem vdemdata R package, vdem.RData",v2xel_frefair,Clean elections index,0-1,MMR,1951,0.21
"V-Dem vdemdata R package, vdem.RData",v2xel_frefair,Clean elections index,0-1,MMR,1952,0.378
"V-Dem vdemdata R package, vdem.RData",v2xel_frefair,Clean elections index,0-1,MMR,1953,0.378
"V-Dem vdemdata R package, vdem.RData",v2xel_frefair,Clean elections index,0-1,MMR,1954,0.378
"V-Dem vdemdata R package, vdem.RData",v2xel_frefair,Clean elections index,0-1,MMR,1955,0.378
"V-Dem vdemdata R package, vdem.RData",v2xel_frefair,Clean elections index,0-1,MMR,1956,0.375
"V-Dem vdemdata R package, vdem.RData",v2xel_frefair,Clean elections index,0-1,MMR,1957,0.374
"V-Dem vdemdata R package, vdem.RData",v2xel_frefair,Clean elections index,0-1,MMR,1958,0.374
"V-Dem vdemdata R package, vdem.RData",v2xel_frefair,Clean elections index,0-1,MMR,1959,0.374
"V-Dem vdemdata R package, vdem.RData",v2xel_frefair,Clean elections index,0-1,MMR,1960,0.415
"V-Dem vdemdata R package, vdem.RData",v2xel_frefair,Clean elections index,0-1,MMR,1961,0.419
"V-Dem vdemdata R package, vdem.RData",v2xel_frefair,Clean elections index,0-1,MMR,1962,0.058
"V-Dem vdemdata R package, vdem.RData",v2xel_frefair,Clean elections index,0-1,MMR,1963,0.0
"V-Dem vdemdata R package, vdem.RData",v2xel_frefair,Clean elections index,0-1,MMR,1964,0.0
"V-Dem vdemdata R package, vdem.RData",v2xel_frefair,Clean elections index,0-1,MMR,1965,0.0
"V-Dem vdemdata R package, vdem.RData",v2xel_frefair,Clean elections index,0-1,MMR,1966,0.0
"V-Dem vdemdata R package, vdem.RData",v2xel_frefair,Clean elections index,0-1,MMR,1967,0.0
"V-Dem vdemdata R package, vdem.RData",v2xel_frefair,Clean elections index,0-1,MMR,1968,0.0
"V-Dem vdemdata R package, vdem.RData",v2xel_frefair,Clean elections index,0-1,MMR,1969,0.0
"V-Dem vdemdata R package, vdem.RData",v2xel_frefair,Clean elections index,0-1,MMR,1970,0.0
"V-Dem vdemdata R package, vdem.RData",v2xel_frefair,Clean elections index,0-1,MMR,1971,0.0
"V-Dem vdemdata R package, vdem.RData",v2xel_frefair,Clean elections index,0-1,MMR,1972,0.0
"V-Dem vdemdata R package, vdem.RData",v2xel_frefair,Clean elections index,0-1,MMR,1973,0.0
"V-Dem vdemdata R package, vdem.RData",v2xel_frefair,Clean elections index,0-1,MMR,1974,0.025
"V-Dem vdemdata R package, vdem.RData",v2xel_frefair,Clean elections index,0-1,MMR,1975,0.027
"V-Dem vdemdata R package, vdem.RData",v2xel_frefair,Clean elections index,0-1,MMR,1976,0.027
"V-Dem vdemdata R package, vdem.RData",v2xel_frefair,Clean elections index,0-1,MMR,1977,0.027
"V-Dem vdemdata R package, vdem.RData",v2xel_frefair,Clean elections index,0-1,MMR,1978,0.027
"V-Dem vdemdata R package, vdem.RData",v2xel_frefair,Clean elections index,0-1,MMR,1979,0.027
"V-Dem vdemdata R package, vdem.RData",v2xel_frefair,Clean elections index,0-1,MMR,1980,0.027
"V-Dem vdemdata R package, vdem.RData",v2xel_frefair,Clean elections index,0-1,MMR,1981,0.027
"V-Dem vdemdata R package, vdem.RData",v2xel_frefair,Clean elections index,0-1,MMR,1982,0.029
"V-Dem vdemdata R package, vdem.RData",v2xel_frefair,Clean elections index,0-1,MMR,1983,0.029
"V-Dem vdemdata R package, vdem.RData",v2xel_frefair,Clean elections index,0-1,MMR,1984,0.029
"V-Dem vdemdata R package, vdem.RData",v2xel_frefair,Clean elections index,0-1,MMR,1985,0.028
"V-Dem vdemdata R package, vdem.RData",v2xel_frefair,Clean elections index,0-1,MMR,1986,0.028
"V-Dem vdemdata R package, vdem.RData",v2xel_frefair,Clean elections index,0-1,MMR,1987,0.028
"V-Dem vdemdata R package, vdem.RData",v2xel_frefair,Clean elections index,0-1,MMR,1988,0.021
"V-Dem vdemdata R package, vdem.RData",v2xel_frefair,Clean elections index,0-1,MMR,1989,0.0
"V-Dem vdemdata R package, vdem.RData",v2xel_frefair,Clean elections index,0-1,MMR,1990,0.16
"V-Dem vdemdata R package, vdem.RData",v2xel_frefair,Clean elections index,0-1,MMR,1991,0.0
"V-Dem vdemdata R package, vdem.RData",v2xel_frefair,Clean elections index,0-1,MMR,1992,0.0
"V-Dem vdemdata R package, vdem.RData",v2xel_frefair,Clean elections index,0-1,MMR,1993,0.0
"V-Dem vdemdata R package, vdem.RData",v2xel_frefair,Clean elections index,0-1,MMR,1994,0.0
"V-Dem vdemdata R package, vdem.RData",v2xel_frefair,Clean elections index,0-1,MMR,1995,0.0
"V-Dem vdemdata R package, vdem.RData",v2xel_frefair,Clean elections index,0-1,MMR,1996,0.0
"V-Dem vdemdata R package, vdem.RData",v2xel_frefair,Clean elections index,0-1,MMR,1997,0.0
"V-Dem vdemdata R package, vdem.RData",v2xel_frefair,Clean elections index,0-1,MMR,1998,0.0
"V-Dem vdemdata R package, vdem.RData",v2xel_frefair,Clean elections index,0-1,MMR,1999,0.0
"V-Dem vdemdata R package, vdem.RData",v2xel_frefair,Clean elections index,0-1,MMR,2000,0.0
"V-Dem vdemdata R package, vdem.RData",v2xel_frefair,Clean elections index,0-1,MMR,2001,0.0
"V-Dem vdemdata R package, vdem.RData",v2xel_frefair,Clean elections index,0-1,MMR,2002,0.0
"V-Dem vdemdata R package, vdem.RData",v2xel_frefair,Clean elections index,0-1,MMR,2003,0.0
"V-Dem vdemdata R package, vdem.RData",v2xel_frefair,Clean elections index,0-1,MMR,2004,0.0
"V-Dem vdemdata R package, vdem.RData",v2xel_frefair,Clean elections index,0-1,MMR,2005,0.0
"V-Dem vdemdata R package, vdem.RData",v2xel_frefair,Clean elections index,0-1,MMR,2006,0.0
"V-Dem vdemdata R package, vdem.RData",v2xel_frefair,Clean elections index,0-1,MMR,2007,0.0
"V-Dem vdemdata R package, vdem.RData",v2xel_frefair,Clean elections index,0-1,MMR,2008,0.0
"V-Dem vdemdata R package, vdem.RData",v2xel_frefair,Clean elections index,0-1,MMR,2009,0.0
"V-Dem vdemdata R package, vdem.RData",v2xel_frefair,Clean elections index,0-1,MMR,2010,0.021
"V-Dem vdemdata R package, vdem.RData",v2xel_frefair,Clean elections index,0-1,MMR,2011,0.147
"V-Dem vdemdata R package, vdem.RData",v2xel_frefair,Clean elections index,0-1,MMR,2012,0.359
"V-Dem vdemdata R package, vdem.RData",v2xel_frefair,Clean elections index,0-1,MMR,2013,0.435
"V-Dem vdemdata R package, vdem.RData",v2xel_frefair,Clean elections index,0-1,MMR,2014,0.444
"V-Dem vdemdata R package, vdem.RData",v2xel_frefair,Clean elections index,0-1,MMR,2015,0.46
"V-Dem vdemdata R package, vdem.RData",v2xel_frefair,Clean elections index,0-1,MMR,2016,0.518
"V-Dem vdemdata R package, vdem.RData",v2xel_frefair,Clean elections index,0-1,MMR,2017,0.529
"V-Dem vdemdata R package, vdem.RData",v2xel_frefair,Clean elections index,0-1,MMR,2018,0.519
"V-Dem vdemdata R package, vdem.RData",v2xel_frefair,Clean elections index,0-1,MMR,2019,0.497
"V-Dem vdemdata R package, vdem.RData",v2xel_frefair,Clean elections index,0-1,MMR,2020,0.551
"V-Dem vdemdata R package, vdem.RData",v2xel_frefair,Clean elections index,0-1,MMR,2021,0.042
"V-Dem vdemdata R package, vdem.RData",v2xel_frefair,Clean elections index,0-1,MMR,2022,0.0
"V-Dem vdemdata R package, vdem.RData",v2xel_frefair,Clean elections index,0-1,MMR,2023,0.0
"V-Dem vdemdata R package, vdem.RData",v2xel_frefair,Clean elections index,0-1,MMR,2024,0.0
"V-Dem vdemdata R package, vdem.RData",v2xel_frefair,Clean elections index,0-1,MMR,2025,0.0
"V-Dem vdemdata R package, vdem.RData",v2xlg_legcon,Legislative constraints on the executive,0-1,MMR,1789,0.053
"V-Dem vdemdata R package, vdem.RData",v2xlg_legcon,Legislative constraints on the executive,0-1,MMR,1790,0.053
"V-Dem vdemdata R package, vdem.RData",v2xlg_legcon,Legislative constraints on the executive,0-1,MMR,1791,0.053
"V-Dem vdemdata R package, vdem.RData",v2xlg_legcon,Legislative constraints on the executive,0-1,MMR,1792,0.053
"V-Dem vdemdata R package, vdem.RData",v2xlg_legcon,Legislative constraints on the executive,0-1,MMR,1793,0.053
"V-Dem vdemdata R package, vdem.RData",v2xlg_legcon,Legislative constraints on the executive,0-1,MMR,1794,0.053
"V-Dem vdemdata R package, vdem.RData",v2xlg_legcon,Legislative constraints on the executive,0-1,MMR,1795,0.053
"V-Dem vdemdata R package, vdem.RData",v2xlg_legcon,Legislative constraints on the executive,0-1,MMR,1796,0.053
"V-Dem vdemdata R package, vdem.RData",v2xlg_legcon,Legislative constraints on the executive,0-1,MMR,1797,0.053
"V-Dem vdemdata R package, vdem.RData",v2xlg_legcon,Legislative constraints on the executive,0-1,MMR,1798,0.053
"V-Dem vdemdata R package, vdem.RData",v2xlg_legcon,Legislative constraints on the executive,0-1,MMR,1799,0.053
"V-Dem vdemdata R package, vdem.RData",v2xlg_legcon,Legislative constraints on the executive,0-1,MMR,1800,0.053
"V-Dem vdemdata R package, vdem.RData",v2xlg_legcon,Legislative constraints on the executive,0-1,MMR,1801,0.053
"V-Dem vdemdata R package, vdem.RData",v2xlg_legcon,Legislative constraints on the executive,0-1,MMR,1802,0.053
"V-Dem vdemdata R package, vdem.RData",v2xlg_legcon,Legislative constraints on the executive,0-1,MMR,1803,0.053
"V-Dem vdemdata R package, vdem.RData",v2xlg_legcon,Legislative constraints on the executive,0-1,MMR,1804,0.053
"V-Dem vdemdata R package, vdem.RData",v2xlg_legcon,Legislative constraints on the executive,0-1,MMR,1805,0.053
"V-Dem vdemdata R package, vdem.RData",v2xlg_legcon,Legislative constraints on the executive,0-1,MMR,1806,0.053
"V-Dem vdemdata R package, vdem.RData",v2xlg_legcon,Legislative constraints on the executive,0-1,MMR,1807,0.053
"V-Dem vdemdata R package, vdem.RData",v2xlg_legcon,Legislative constraints on the executive,0-1,MMR,1808,0.053
"V-Dem vdemdata R package, vdem.RData",v2xlg_legcon,Legislative constraints on the executive,0-1,MMR,1809,0.053
"V-Dem vdemdata R package, vdem.RData",v2xlg_legcon,Legislative constraints on the executive,0-1,MMR,1810,0.053
"V-Dem vdemdata R package, vdem.RData",v2xlg_legcon,Legislative constraints on the executive,0-1,MMR,1811,0.053
"V-Dem vdemdata R package, vdem.RData",v2xlg_legcon,Legislative constraints on the executive,0-1,MMR,1812,0.053
"V-Dem vdemdata R package, vdem.RData",v2xlg_legcon,Legislative constraints on the executive,0-1,MMR,1813,0.053
"V-Dem vdemdata R package, vdem.RData",v2xlg_legcon,Legislative constraints on the executive,0-1,MMR,1814,0.053
"V-Dem vdemdata R package, vdem.RData",v2xlg_legcon,Legislative constraints on the executive,0-1,MMR,1815,0.053
"V-Dem vdemdata R package, vdem.RData",v2xlg_legcon,Legislative constraints on the executive,0-1,MMR,1816,0.053
"V-Dem vdemdata R package, vdem.RData",v2xlg_legcon,Legislative constraints on the executive,0-1,MMR,1817,0.053
"V-Dem vdemdata R package, vdem.RData",v2xlg_legcon,Legislative constraints on the executive,0-1,MMR,1818,0.053
"V-Dem vdemdata R package, vdem.RData",v2xlg_legcon,Legislative constraints on the executive,0-1,MMR,1819,0.053
"V-Dem vdemdata R package, vdem.RData",v2xlg_legcon,Legislative constraints on the executive,0-1,MMR,1820,0.053
"V-Dem vdemdata R package, vdem.RData",v2xlg_legcon,Legislative constraints on the executive,0-1,MMR,1821,0.053
"V-Dem vdemdata R package, vdem.RData",v2xlg_legcon,Legislative constraints on the executive,0-1,MMR,1822,0.053
"V-Dem vdemdata R package, vdem.RData",v2xlg_legcon,Legislative constraints on the executive,0-1,MMR,1823,0.053
"V-Dem vdemdata R package, vdem.RData",v2xlg_legcon,Legislative constraints on the executive,0-1,MMR,1824,0.053
"V-Dem vdemdata R package, vdem.RData",v2xlg_legcon,Legislative constraints on the executive,0-1,MMR,1825,0.053
"V-Dem vdemdata R package, vdem.RData",v2xlg_legcon,Legislative constraints on the executive,0-1,MMR,1826,0.053
"V-Dem vdemdata R package, vdem.RData",v2xlg_legcon,Legislative constraints on the executive,0-1,MMR,1827,0.053
"V-Dem vdemdata R package, vdem.RData",v2xlg_legcon,Legislative constraints on the executive,0-1,MMR,1828,0.053
"V-Dem vdemdata R package, vdem.RData",v2xlg_legcon,Legislative constraints on the executive,0-1,MMR,1829,0.053
"V-Dem vdemdata R package, vdem.RData",v2xlg_legcon,Legislative constraints on the executive,0-1,MMR,1830,0.053
"V-Dem vdemdata R package, vdem.RData",v2xlg_legcon,Legislative constraints on the executive,0-1,MMR,1831,0.053
"V-Dem vdemdata R package, vdem.RData",v2xlg_legcon,Legislative constraints on the executive,0-1,MMR,1832,0.053
"V-Dem vdemdata R package, vdem.RData",v2xlg_legcon,Legislative constraints on the executive,0-1,MMR,1833,0.053
"V-Dem vdemdata R package, vdem.RData",v2xlg_legcon,Legislative constraints on the executive,0-1,MMR,1834,0.053
"V-Dem vdemdata R package, vdem.RData",v2xlg_legcon,Legislative constraints on the executive,0-1,MMR,1835,0.053
"V-Dem vdemdata R package, vdem.RData",v2xlg_legcon,Legislative constraints on the executive,0-1,MMR,1836,0.053
"V-Dem vdemdata R package, vdem.RData",v2xlg_legcon,Legislative constraints on the executive,0-1,MMR,1837,0.053
"V-Dem vdemdata R package, vdem.RData",v2xlg_legcon,Legislative constraints on the executive,0-1,MMR,1838,0.053
"V-Dem vdemdata R package, vdem.RData",v2xlg_legcon,Legislative constraints on the executive,0-1,MMR,1839,0.053
"V-Dem vdemdata R package, vdem.RData",v2xlg_legcon,Legislative constraints on the executive,0-1,MMR,1840,0.053
"V-Dem vdemdata R package, vdem.RData",v2xlg_legcon,Legislative constraints on the executive,0-1,MMR,1841,0.053
"V-Dem vdemdata R package, vdem.RData",v2xlg_legcon,Legislative constraints on the executive,0-1,MMR,1842,0.053
"V-Dem vdemdata R package, vdem.RData",v2xlg_legcon,Legislative constraints on the executive,0-1,MMR,1843,0.053
"V-Dem vdemdata R package, vdem.RData",v2xlg_legcon,Legislative constraints on the executive,0-1,MMR,1844,0.053
"V-Dem vdemdata R package, vdem.RData",v2xlg_legcon,Legislative constraints on the executive,0-1,MMR,1845,0.053
"V-Dem vdemdata R package, vdem.RData",v2xlg_legcon,Legislative constraints on the executive,0-1,MMR,1846,0.053
"V-Dem vdemdata R package, vdem.RData",v2xlg_legcon,Legislative constraints on the executive,0-1,MMR,1847,0.053
"V-Dem vdemdata R package, vdem.RData",v2xlg_legcon,Legislative constraints on the executive,0-1,MMR,1848,0.053
"V-Dem vdemdata R package, vdem.RData",v2xlg_legcon,Legislative constraints on the executive,0-1,MMR,1849,0.053
"V-Dem vdemdata R package, vdem.RData",v2xlg_legcon,Legislative constraints on the executive,0-1,MMR,1850,0.053
"V-Dem vdemdata R package, vdem.RData",v2xlg_legcon,Legislative constraints on the executive,0-1,MMR,1851,0.053
"V-Dem vdemdata R package, vdem.RData",v2xlg_legcon,Legislative constraints on the executive,0-1,MMR,1852,0.053
"V-Dem vdemdata R package, vdem.RData",v2xlg_legcon,Legislative constraints on the executive,0-1,MMR,1853,0.053
"V-Dem vdemdata R package, vdem.RData",v2xlg_legcon,Legislative constraints on the executive,0-1,MMR,1854,0.053
"V-Dem vdemdata R package, vdem.RData",v2xlg_legcon,Legislative constraints on the executive,0-1,MMR,1855,0.053
"V-Dem vdemdata R package, vdem.RData",v2xlg_legcon,Legislative constraints on the executive,0-1,MMR,1856,0.053
"V-Dem vdemdata R package, vdem.RData",v2xlg_legcon,Legislative constraints on the executive,0-1,MMR,1857,0.053
"V-Dem vdemdata R package, vdem.RData",v2xlg_legcon,Legislative constraints on the executive,0-1,MMR,1858,0.053
"V-Dem vdemdata R package, vdem.RData",v2xlg_legcon,Legislative constraints on the executive,0-1,MMR,1859,0.053
"V-Dem vdemdata R package, vdem.RData",v2xlg_legcon,Legislative constraints on the executive,0-1,MMR,1860,0.053
"V-Dem vdemdata R package, vdem.RData",v2xlg_legcon,Legislative constraints on the executive,0-1,MMR,1861,0.053
"V-Dem vdemdata R package, vdem.RData",v2xlg_legcon,Legislative constraints on the executive,0-1,MMR,1862,0.053
"V-Dem vdemdata R package, vdem.RData",v2xlg_legcon,Legislative constraints on the executive,0-1,MMR,1863,0.053
"V-Dem vdemdata R package, vdem.RData",v2xlg_legcon,Legislative constraints on the executive,0-1,MMR,1864,0.053
"V-Dem vdemdata R package, vdem.RData",v2xlg_legcon,Legislative constraints on the executive,0-1,MMR,1865,0.053
"V-Dem vdemdata R package, vdem.RData",v2xlg_legcon,Legislative constraints on the executive,0-1,MMR,1866,0.053
"V-Dem vdemdata R package, vdem.RData",v2xlg_legcon,Legislative constraints on the executive,0-1,MMR,1867,0.053
"V-Dem vdemdata R package, vdem.RData",v2xlg_legcon,Legislative constraints on the executive,0-1,MMR,1868,0.053
"V-Dem vdemdata R package, vdem.RData",v2xlg_legcon,Legislative constraints on the executive,0-1,MMR,1869,0.053
"V-Dem vdemdata R package, vdem.RData",v2xlg_legcon,Legislative constraints on the executive,0-1,MMR,1870,0.053
"V-Dem vdemdata R package, vdem.RData",v2xlg_legcon,Legislative constraints on the executive,0-1,MMR,1871,0.053
"V-Dem vdemdata R package, vdem.RData",v2xlg_legcon,Legislative constraints on the executive,0-1,MMR,1872,0.053
"V-Dem vdemdata R package, vdem.RData",v2xlg_legcon,Legislative constraints on the executive,0-1,MMR,1873,0.053
"V-Dem vdemdata R package, vdem.RData",v2xlg_legcon,Legislative constraints on the executive,0-1,MMR,1874,0.053
"V-Dem vdemdata R package, vdem.RData",v2xlg_legcon,Legislative constraints on the executive,0-1,MMR,1875,0.053
"V-Dem vdemdata R package, vdem.RData",v2xlg_legcon,Legislative constraints on the executive,0-1,MMR,1876,0.053
"V-Dem vdemdata R package, vdem.RData",v2xlg_legcon,Legislative constraints on the executive,0-1,MMR,1877,0.053
"V-Dem vdemdata R package, vdem.RData",v2xlg_legcon,Legislative constraints on the executive,0-1,MMR,1878,0.053
"V-Dem vdemdata R package, vdem.RData",v2xlg_legcon,Legislative constraints on the executive,0-1,MMR,1879,0.053
"V-Dem vdemdata R package, vdem.RData",v2xlg_legcon,Legislative constraints on the executive,0-1,MMR,1880,0.053
"V-Dem vdemdata R package, vdem.RData",v2xlg_legcon,Legislative constraints on the executive,0-1,MMR,1881,0.053
"V-Dem vdemdata R package, vdem.RData",v2xlg_legcon,Legislative constraints on the executive,0-1,MMR,1882,0.053
"V-Dem vdemdata R package, vdem.RData",v2xlg_legcon,Legislative constraints on the executive,0-1,MMR,1883,0.053
"V-Dem vdemdata R package, vdem.RData",v2xlg_legcon,Legislative constraints on the executive,0-1,MMR,1884,0.053
"V-Dem vdemdata R package, vdem.RData",v2xlg_legcon,Legislative constraints on the executive,0-1,MMR,1885,0.053
"V-Dem vdemdata R package, vdem.RData",v2xlg_legcon,Legislative constraints on the executive,0-1,MMR,1886,0.282
"V-Dem vdemdata R package, vdem.RData",v2xlg_legcon,Legislative constraints on the executive,0-1,MMR,1887,0.282
"V-Dem vdemdata R package, vdem.RData",v2xlg_legcon,Legislative constraints on the executive,0-1,MMR,1888,0.282
"V-Dem vdemdata R package, vdem.RData",v2xlg_legcon,Legislative constraints on the executive,0-1,MMR,1889,0.282
"V-Dem vdemdata R package, vdem.RData",v2xlg_legcon,Legislative constraints on the executive,0-1,MMR,1890,0.282
"V-Dem vdemdata R package, vdem.RData",v2xlg_legcon,Legislative constraints on the executive,0-1,MMR,1891,0.282
"V-Dem vdemdata R package, vdem.RData",v2xlg_legcon,Legislative constraints on the executive,0-1,MMR,1892,0.282
"V-Dem vdemdata R package, vdem.RData",v2xlg_legcon,Legislative constraints on the executive,0-1,MMR,1893,0.282
"V-Dem vdemdata R package, vdem.RData",v2xlg_legcon,Legislative constraints on the executive,0-1,MMR,1894,0.282
"V-Dem vdemdata R package, vdem.RData",v2xlg_legcon,Legislative constraints on the executive,0-1,MMR,1895,0.282
"V-Dem vdemdata R package, vdem.RData",v2xlg_legcon,Legislative constraints on the executive,0-1,MMR,1896,0.282
"V-Dem vdemdata R package, vdem.RData",v2xlg_legcon,Legislative constraints on the executive,0-1,MMR,1897,0.282
"V-Dem vdemdata R package, vdem.RData",v2xlg_legcon,Legislative constraints on the executive,0-1,MMR,1898,0.282
"V-Dem vdemdata R package, vdem.RData",v2xlg_legcon,Legislative constraints on the executive,0-1,MMR,1899,0.282
"V-Dem vdemdata R package, vdem.RData",v2xlg_legcon,Legislative constraints on the executive,0-1,MMR,1900,0.282
"V-Dem vdemdata R package, vdem.RData",v2xlg_legcon,Legislative constraints on the executive,0-1,MMR,1901,0.282
"V-Dem vdemdata R package, vdem.RData",v2xlg_legcon,Legislative constraints on the executive,0-1,MMR,1902,0.282
"V-Dem vdemdata R package, vdem.RData",v2xlg_legcon,Legislative constraints on the executive,0-1,MMR,1903,0.282
"V-Dem vdemdata R package, vdem.RData",v2xlg_legcon,Legislative constraints on the executive,0-1,MMR,1904,0.282
"V-Dem vdemdata R package, vdem.RData",v2xlg_legcon,Legislative constraints on the executive,0-1,MMR,1905,0.282
"V-Dem vdemdata R package, vdem.RData",v2xlg_legcon,Legislative constraints on the executive,0-1,MMR,1906,0.282
"V-Dem vdemdata R package, vdem.RData",v2xlg_legcon,Legislative constraints on the executive,0-1,MMR,1907,0.282
"V-Dem vdemdata R package, vdem.RData",v2xlg_legcon,Legislative constraints on the executive,0-1,MMR,1908,0.282
"V-Dem vdemdata R package, vdem.RData",v2xlg_legcon,Legislative constraints on the executive,0-1,MMR,1909,0.282
"V-Dem vdemdata R package, vdem.RData",v2xlg_legcon,Legislative constraints on the executive,0-1,MMR,1910,0.282
"V-Dem vdemdata R package, vdem.RData",v2xlg_legcon,Legislative constraints on the executive,0-1,MMR,1911,0.282
"V-Dem vdemdata R package, vdem.RData",v2xlg_legcon,Legislative constraints on the executive,0-1,MMR,1912,0.282
"V-Dem vdemdata R package, vdem.RData",v2xlg_legcon,Legislative constraints on the executive,0-1,MMR,1913,0.282
"V-Dem vdemdata R package, vdem.RData",v2xlg_legcon,Legislative constraints on the executive,0-1,MMR,1914,0.282
"V-Dem vdemdata R package, vdem.RData",v2xlg_legcon,Legislative constraints on the executive,0-1,MMR,1915,0.282
"V-Dem vdemdata R package, vdem.RData",v2xlg_legcon,Legislative constraints on the executive,0-1,MMR,1916,0.282
"V-Dem vdemdata R package, vdem.RData",v2xlg_legcon,Legislative constraints on the executive,0-1,MMR,1917,0.282
"V-Dem vdemdata R package, vdem.RData",v2xlg_legcon,Legislative constraints on the executive,0-1,MMR,1918,0.282
"V-Dem vdemdata R package, vdem.RData",v2xlg_legcon,Legislative constraints on the executive,0-1,MMR,1919,0.282
"V-Dem vdemdata R package, vdem.RData",v2xlg_legcon,Legislative constraints on the executive,0-1,MMR,1920,0.282
"V-Dem vdemdata R package, vdem.RData",v2xlg_legcon,Legislative constraints on the executive,0-1,MMR,1922,0.302
"V-Dem vdemdata R package, vdem.RData",v2xlg_legcon,Legislative constraints on the executive,0-1,MMR,1923,0.159
"V-Dem vdemdata R package, vdem.RData",v2xlg_legcon,Legislative constraints on the executive,0-1,MMR,1924,0.159
"V-Dem vdemdata R package, vdem.RData",v2xlg_legcon,Legislative constraints on the executive,0-1,MMR,1925,0.159
"V-Dem vdemdata R package, vdem.RData",v2xlg_legcon,Legislative constraints on the executive,0-1,MMR,1926,0.159
"V-Dem vdemdata R package, vdem.RData",v2xlg_legcon,Legislative constraints on the executive,0-1,MMR,1927,0.159
"V-Dem vdemdata R package, vdem.RData",v2xlg_legcon,Legislative constraints on the executive,0-1,MMR,1928,0.159
"V-Dem vdemdata R package, vdem.RData",v2xlg_legcon,Legislative constraints on the executive,0-1,MMR,1929,0.159
"V-Dem vdemdata R package, vdem.RData",v2xlg_legcon,Legislative constraints on the executive,0-1,MMR,1930,0.159
"V-Dem vdemdata R package, vdem.RData",v2xlg_legcon,Legislative constraints on the executive,0-1,MMR,1931,0.159
"V-Dem vdemdata R package, vdem.RData",v2xlg_legcon,Legislative constraints on the executive,0-1,MMR,1932,0.159
"V-Dem vdemdata R package, vdem.RData",v2xlg_legcon,Legislative constraints on the executive,0-1,MMR,1933,0.159
"V-Dem vdemdata R package, vdem.RData",v2xlg_legcon,Legislative constraints on the executive,0-1,MMR,1934,0.159
"V-Dem vdemdata R package, vdem.RData",v2xlg_legcon,Legislative constraints on the executive,0-1,MMR,1935,0.159
"V-Dem vdemdata R package, vdem.RData",v2xlg_legcon,Legislative constraints on the executive,0-1,MMR,1936,0.159
"V-Dem vdemdata R package, vdem.RData",v2xlg_legcon,Legislative constraints on the executive,0-1,MMR,1937,0.159
"V-Dem vdemdata R package, vdem.RData",v2xlg_legcon,Legislative constraints on the executive,0-1,MMR,1938,0.159
"V-Dem vdemdata R package, vdem.RData",v2xlg_legcon,Legislative constraints on the executive,0-1,MMR,1939,0.159
"V-Dem vdemdata R package, vdem.RData",v2xlg_legcon,Legislative constraints on the executive,0-1,MMR,1940,0.159
"V-Dem vdemdata R package, vdem.RData",v2xlg_legcon,Legislative constraints on the executive,0-1,MMR,1941,0.159
"V-Dem vdemdata R package, vdem.RData",v2xlg_legcon,Legislative constraints on the executive,0-1,MMR,1942,0.264
"V-Dem vdemdata R package, vdem.RData",v2xlg_legcon,Legislative constraints on the executive,0-1,MMR,1943,0.231
"V-Dem vdemdata R package, vdem.RData",v2xlg_legcon,Legislative constraints on the executive,0-1,MMR,1944,0.231
"V-Dem vdemdata R package, vdem.RData",v2xlg_legcon,Legislative constraints on the executive,0-1,MMR,1945,0.243
"V-Dem vdemdata R package, vdem.RData",v2xlg_legcon,Legislative constraints on the executive,0-1,MMR,1946,0.243
"V-Dem vdemdata R package, vdem.RData",v2xlg_legcon,Legislative constraints on the executive,0-1,MMR,1947,0.428
"V-Dem vdemdata R package, vdem.RData",v2xlg_legcon,Legislative constraints on the executive,0-1,MMR,1948,0.576
"V-Dem vdemdata R package, vdem.RData",v2xlg_legcon,Legislative constraints on the executive,0-1,MMR,1949,0.576
"V-Dem vdemdata R package, vdem.RData",v2xlg_legcon,Legislative constraints on the executive,0-1,MMR,1950,0.576
"V-Dem vdemdata R package, vdem.RData",v2xlg_legcon,Legislative constraints on the executive,0-1,MMR,1951,0.576
"V-Dem vdemdata R package, vdem.RData",v2xlg_legcon,Legislative constraints on the executive,0-1,MMR,1952,0.576
"V-Dem vdemdata R package, vdem.RData",v2xlg_legcon,Legislative constraints on the executive,0-1,MMR,1953,0.485
"V-Dem vdemdata R package, vdem.RData",v2xlg_legcon,Legislative constraints on the executive,0-1,MMR,1954,0.485
"V-Dem vdemdata R package, vdem.RData",v2xlg_legcon,Legislative constraints on the executive,0-1,MMR,1955,0.485
"V-Dem vdemdata R package, vdem.RData",v2xlg_legcon,Legislative constraints on the executive,0-1,MMR,1956,0.485
"V-Dem vdemdata R package, vdem.RData",v2xlg_legcon,Legislative constraints on the executive,0-1,MMR,1957,0.485
"V-Dem vdemdata R package, vdem.RData",v2xlg_legcon,Legislative constraints on the executive,0-1,MMR,1958,0.485
"V-Dem vdemdata R package, vdem.RData",v2xlg_legcon,Legislative constraints on the executive,0-1,MMR,1959,0.485
"V-Dem vdemdata R package, vdem.RData",v2xlg_legcon,Legislative constraints on the executive,0-1,MMR,1960,0.485
"V-Dem vdemdata R package, vdem.RData",v2xlg_legcon,Legislative constraints on the executive,0-1,MMR,1961,0.485
"V-Dem vdemdata R package, vdem.RData",v2xlg_legcon,Legislative constraints on the executive,0-1,MMR,1962,0.298
"V-Dem vdemdata R package, vdem.RData",v2xlg_legcon,Legislative constraints on the executive,0-1,MMR,1974,0.035
"V-Dem vdemdata R package, vdem.RData",v2xlg_legcon,Legislative constraints on the executive,0-1,MMR,1975,0.027
"V-Dem vdemdata R package, vdem.RData",v2xlg_legcon,Legislative constraints on the executive,0-1,MMR,1976,0.027
"V-Dem vdemdata R package, vdem.RData",v2xlg_legcon,Legislative constraints on the executive,0-1,MMR,1977,0.027
"V-Dem vdemdata R package, vdem.RData",v2xlg_legcon,Legislative constraints on the executive,0-1,MMR,1978,0.027
"V-Dem vdemdata R package, vdem.RData",v2xlg_legcon,Legislative constraints on the executive,0-1,MMR,1979,0.027
"V-Dem vdemdata R package, vdem.RData",v2xlg_legcon,Legislative constraints on the executive,0-1,MMR,1980,0.027
"V-Dem vdemdata R package, vdem.RData",v2xlg_legcon,Legislative constraints on the executive,0-1,MMR,1981,0.027
"V-Dem vdemdata R package, vdem.RData",v2xlg_legcon,Legislative constraints on the executive,0-1,MMR,1982,0.027
"V-Dem vdemdata R package, vdem.RData",v2xlg_legcon,Legislative constraints on the executive,0-1,MMR,1983,0.027
"V-Dem vdemdata R package, vdem.RData",v2xlg_legcon,Legislative constraints on the executive,0-1,MMR,1984,0.027
"V-Dem vdemdata R package, vdem.RData",v2xlg_legcon,Legislative constraints on the executive,0-1,MMR,1985,0.027
"V-Dem vdemdata R package, vdem.RData",v2xlg_legcon,Legislative constraints on the executive,0-1,MMR,1986,0.027
"V-Dem vdemdata R package, vdem.RData",v2xlg_legcon,Legislative constraints on the executive,0-1,MMR,1987,0.027
"V-Dem vdemdata R package, vdem.RData",v2xlg_legcon,Legislative constraints on the executive,0-1,MMR,2010,0.379
"V-Dem vdemdata R package, vdem.RData",v2xlg_legcon,Legislative constraints on the executive,0-1,MMR,2011,0.379
"V-Dem vdemdata R package, vdem.RData",v2xlg_legcon,Legislative constraints on the executive,0-1,MMR,2012,0.32
"V-Dem vdemdata R package, vdem.RData",v2xlg_legcon,Legislative constraints on the executive,0-1,MMR,2013,0.288
"V-Dem vdemdata R package, vdem.RData",v2xlg_legcon,Legislative constraints on the executive,0-1,MMR,2014,0.298
"V-Dem vdemdata R package, vdem.RData",v2xlg_legcon,Legislative constraints on the executive,0-1,MMR,2015,0.298
"V-Dem vdemdata R package, vdem.RData",v2xlg_legcon,Legislative constraints on the executive,0-1,MMR,2016,0.476
"V-Dem vdemdata R package, vdem.RData",v2xlg_legcon,Legislative constraints on the executive,0-1,MMR,2017,0.483
"V-Dem vdemdata R package, vdem.RData",v2xlg_legcon,Legislative constraints on the executive,0-1,MMR,2018,0.533
"V-Dem vdemdata R package, vdem.RData",v2xlg_legcon,Legislative constraints on the executive,0-1,MMR,2019,0.533
"V-Dem vdemdata R package, vdem.RData",v2xlg_legcon,Legislative constraints on the executive,0-1,MMR,2020,0.541
"V-Dem vdemdata R package, vdem.RData",v2xlg_legcon,Legislative constraints on the executive,0-1,MMR,2021,0.22
"V-Dem vdemdata R package, vdem.RData",v2xlg_legcon,Legislative constraints on the executive,0-1,MMR,2022,0.292
"V-Dem vdemdata R package, vdem.RData",v2xps_party,Party system institutionalization,0-1,MMR,1922,0.465
"V-Dem vdemdata R package, vdem.RData",v2xps_party,Party system institutionalization,0-1,MMR,1923,0.465
"V-Dem vdemdata R package, vdem.RData",v2xps_party,Party system institutionalization,0-1,MMR,1924,0.465
"V-Dem vdemdata R package, vdem.RData",v2xps_party,Party system institutionalization,0-1,MMR,1925,0.465
"V-Dem vdemdata R package, vdem.RData",v2xps_party,Party system institutionalization,0-1,MMR,1926,0.465
"V-Dem vdemdata R package, vdem.RData",v2xps_party,Party system institutionalization,0-1,MMR,1927,0.465
"V-Dem vdemdata R package, vdem.RData",v2xps_party,Party system institutionalization,0-1,MMR,1928,0.465
"V-Dem vdemdata R package, vdem.RData",v2xps_party,Party system institutionalization,0-1,MMR,1929,0.465
"V-Dem vdemdata R package, vdem.RData",v2xps_party,Party system institutionalization,0-1,MMR,1930,0.465
"V-Dem vdemdata R package, vdem.RData",v2xps_party,Party system institutionalization,0-1,MMR,1931,0.465
"V-Dem vdemdata R package, vdem.RData",v2xps_party,Party system institutionalization,0-1,MMR,1932,0.465
"V-Dem vdemdata R package, vdem.RData",v2xps_party,Party system institutionalization,0-1,MMR,1933,0.465
"V-Dem vdemdata R package, vdem.RData",v2xps_party,Party system institutionalization,0-1,MMR,1934,0.465
"V-Dem vdemdata R package, vdem.RData",v2xps_party,Party system institutionalization,0-1,MMR,1935,0.474
"V-Dem vdemdata R package, vdem.RData",v2xps_party,Party system institutionalization,0-1,MMR,1936,0.474
"V-Dem vdemdata R package, vdem.RData",v2xps_party,Party system institutionalization,0-1,MMR,1937,0.474
"V-Dem vdemdata R package, vdem.RData",v2xps_party,Party system institutionalization,0-1,MMR,1938,0.474
"V-Dem vdemdata R package, vdem.RData",v2xps_party,Party system institutionalization,0-1,MMR,1939,0.474
"V-Dem vdemdata R package, vdem.RData",v2xps_party,Party system institutionalization,0-1,MMR,1940,0.474
"V-Dem vdemdata R package, vdem.RData",v2xps_party,Party system institutionalization,0-1,MMR,1941,0.477
"V-Dem vdemdata R package, vdem.RData",v2xps_party,Party system institutionalization,0-1,MMR,1942,0.462
"V-Dem vdemdata R package, vdem.RData",v2xps_party,Party system institutionalization,0-1,MMR,1952,0.541
"V-Dem vdemdata R package, vdem.RData",v2xps_party,Party system institutionalization,0-1,MMR,1953,0.541
"V-Dem vdemdata R package, vdem.RData",v2xps_party,Party system institutionalization,0-1,MMR,1954,0.541
"V-Dem vdemdata R package, vdem.RData",v2xps_party,Party system institutionalization,0-1,MMR,1955,0.541
"V-Dem vdemdata R package, vdem.RData",v2xps_party,Party system institutionalization,0-1,MMR,1956,0.541
"V-Dem vdemdata R package, vdem.RData",v2xps_party,Party system institutionalization,0-1,MMR,1957,0.541
"V-Dem vdemdata R package, vdem.RData",v2xps_party,Party system institutionalization,0-1,MMR,1958,0.541
"V-Dem vdemdata R package, vdem.RData",v2xps_party,Party system institutionalization,0-1,MMR,1959,0.541
"V-Dem vdemdata R package, vdem.RData",v2xps_party,Party system institutionalization,0-1,MMR,1960,0.541
"V-Dem vdemdata R package, vdem.RData",v2xps_party,Party system institutionalization,0-1,MMR,1961,0.541
"V-Dem vdemdata R package, vdem.RData",v2xps_party,Party system institutionalization,0-1,MMR,1962,0.658
"V-Dem vdemdata R package, vdem.RData",v2xps_party,Party system institutionalization,0-1,MMR,1974,0.82
"V-Dem vdemdata R package, vdem.RData",v2xps_party,Party system institutionalization,0-1,MMR,1975,0.82
"V-Dem vdemdata R package, vdem.RData",v2xps_party,Party system institutionalization,0-1,MMR,1976,0.819
"V-Dem vdemdata R package, vdem.RData",v2xps_party,Party system institutionalization,0-1,MMR,1977,0.82
"V-Dem vdemdata R package, vdem.RData",v2xps_party,Party system institutionalization,0-1,MMR,1978,0.82
"V-Dem vdemdata R package, vdem.RData",v2xps_party,Party system institutionalization,0-1,MMR,1979,0.82
"V-Dem vdemdata R package, vdem.RData",v2xps_party,Party system institutionalization,0-1,MMR,1980,0.819
"V-Dem vdemdata R package, vdem.RData",v2xps_party,Party system institutionalization,0-1,MMR,1981,0.82
"V-Dem vdemdata R package, vdem.RData",v2xps_party,Party system institutionalization,0-1,MMR,1982,0.82
"V-Dem vdemdata R package, vdem.RData",v2xps_party,Party system institutionalization,0-1,MMR,1983,0.82
"V-Dem vdemdata R package, vdem.RData",v2xps_party,Party system institutionalization,0-1,MMR,1984,0.819
"V-Dem vdemdata R package, vdem.RData",v2xps_party,Party system institutionalization,0-1,MMR,1985,0.82
"V-Dem vdemdata R package, vdem.RData",v2xps_party,Party system institutionalization,0-1,MMR,1986,0.82
"V-Dem vdemdata R package, vdem.RData",v2xps_party,Party system institutionalization,0-1,MMR,1987,0.82
"V-Dem vdemdata R package, vdem.RData",v2xps_party,Party system institutionalization,0-1,MMR,1988,0.717
"V-Dem vdemdata R package, vdem.RData",v2xps_party,Party system institutionalization,0-1,MMR,2011,0.544
"V-Dem vdemdata R package, vdem.RData",v2xps_party,Party system institutionalization,0-1,MMR,2012,0.536
"V-Dem vdemdata R package, vdem.RData",v2xps_party,Party system institutionalization,0-1,MMR,2013,0.569
"V-Dem vdemdata R package, vdem.RData",v2xps_party,Party system institutionalization,0-1,MMR,2014,0.57
"V-Dem vdemdata R package, vdem.RData",v2xps_party,Party system institutionalization,0-1,MMR,2015,0.622
"V-Dem vdemdata R package, vdem.RData",v2xps_party,Party system institutionalization,0-1,MMR,2016,0.61
"V-Dem vdemdata R package, vdem.RData",v2xps_party,Party system institutionalization,0-1,MMR,2017,0.632
"V-Dem vdemdata R package, vdem.RData",v2xps_party,Party system institutionalization,0-1,MMR,2018,0.647
"V-Dem vdemdata R package, vdem.RData",v2xps_party,Party system institutionalization,0-1,MMR,2019,0.647
"V-Dem vdemdata R package, vdem.RData",v2xps_party,Party system institutionalization,0-1,MMR,2020,0.655
